Timestamp,Level,Image_Path,Rel_Group,Rel_Type,Prompt,Ground_Truth,Model_Prediction,Result
2025-12-22 18:48:15,0,/home/kkarthikeyan/deep-learning/DeepLearningProject/Synthetic-Data/vlm_levels/level_0/images/00007_w.png,PRIMARY,right_of,Is the cyan circle to the right of the lime circle?,yes,yes,CORRECT
2025-12-22 18:48:15,0,/home/kkarthikeyan/deep-learning/DeepLearningProject/Synthetic-Data/vlm_levels/level_0/images/00007_w.png,PRIMARY,left_of,Is the lime circle left of the cyan circle?,yes,yes,CORRECT
2025-12-22 18:48:16,0,/home/kkarthikeyan/deep-learning/DeepLearningProject/Synthetic-Data/vlm_levels/level_0/images/00007_w.png,PRIMARY,right_of,Is the cyan circle right of the lime circle?,yes,yes,CORRECT
2025-12-22 18:48:16,0,/home/kkarthikeyan/deep-learning/DeepLearningProject/Synthetic-Data/vlm_levels/level_0/images/00007_w.png,ADVANCED,overlapping,Is the cyan circle overlapping with the lime circle?,no,yes,INCORRECT
2025-12-22 18:48:16,0,/home/kkarthikeyan/deep-learning/DeepLearningProject/Synthetic-Data/vlm_levels/level_0/images/00007_w.png,PRIMARY,above,Is the cyan circle above the lime circle?,no,yes,INCORRECT
2025-12-22 18:48:16,0,/home/kkarthikeyan/deep-learning/DeepLearningProject/Synthetic-Data/vlm_levels/level_0/images/00007_w.png,ADVANCED,touching,Is the lime circle touching the cyan circle?,no,yes,INCORRECT
2025-12-22 18:48:17,0,/home/kkarthikeyan/deep-learning/DeepLearningProject/Synthetic-Data/vlm_levels/level_0/images/00007_w.png,ADVANCED,overlapping,Is the cyan circle partially covering the lime circle?,no,yes,INCORRECT
2025-12-22 18:48:17,0,/home/kkarthikeyan/deep-learning/DeepLearningProject/Synthetic-Data/vlm_levels/level_0/images/00007_w.png,PRIMARY,below,Is the cyan circle below the lime circle?,no,yes,INCORRECT
2025-12-22 18:48:17,0,/home/kkarthikeyan/deep-learning/DeepLearningProject/Synthetic-Data/vlm_levels/level_0/images/00016_w.png,PRIMARY,right_of,Is the purple star to the right of the blue square?,yes,yes,CORRECT
2025-12-22 18:48:17,0,/home/kkarthikeyan/deep-learning/DeepLearningProject/Synthetic-Data/vlm_levels/level_0/images/00016_w.png,PRIMARY,left_of,Is the blue square left of the purple star?,yes,yes,CORRECT
2025-12-22 18:48:18,0,/home/kkarthikeyan/deep-learning/DeepLearningProject/Synthetic-Data/vlm_levels/level_0/images/00016_w.png,PRIMARY,right_of,Is the purple star right of the blue square?,yes,yes,CORRECT
2025-12-22 18:48:18,0,/home/kkarthikeyan/deep-learning/DeepLearningProject/Synthetic-Data/vlm_levels/level_0/images/00016_w.png,ADVANCED,overlapping,Is the purple star partially covering the blue square?,no,yes,INCORRECT
2025-12-22 18:48:18,0,/home/kkarthikeyan/deep-learning/DeepLearningProject/Synthetic-Data/vlm_levels/level_0/images/00016_w.png,PRIMARY,above,Is the purple star above the blue square?,no,yes,INCORRECT
2025-12-22 18:48:18,0,/home/kkarthikeyan/deep-learning/DeepLearningProject/Synthetic-Data/vlm_levels/level_0/images/00016_w.png,ADVANCED,touching,Is the purple star touching the blue square?,no,yes,INCORRECT
2025-12-22 18:48:19,0,/home/kkarthikeyan/deep-learning/DeepLearningProject/Synthetic-Data/vlm_levels/level_0/images/00016_w.png,PRIMARY,right_of,Is the blue square to the right of the purple star?,no,yes,INCORRECT
2025-12-22 18:48:19,0,/home/kkarthikeyan/deep-learning/DeepLearningProject/Synthetic-Data/vlm_levels/level_0/images/00016_w.png,PRIMARY,below,Is the blue square below the purple star?,no,yes,INCORRECT
2025-12-22 18:48:19,0,/home/kkarthikeyan/deep-learning/DeepLearningProject/Synthetic-Data/vlm_levels/level_0/images/00016_w.png,PRIMARY,left_of,Is the purple star to the left of the blue square?,no,yes,INCORRECT
2025-12-22 18:48:19,0,/home/kkarthikeyan/deep-learning/DeepLearningProject/Synthetic-Data/vlm_levels/level_0/images/00010_b.png,PRIMARY,left_of,Is the pink square to the left of the orange square?,yes,yes,CORRECT
2025-12-22 18:48:20,0,/home/kkarthikeyan/deep-learning/DeepLearningProject/Synthetic-Data/vlm_levels/level_0/images/00010_b.png,PRIMARY,right_of,Is the orange square right of the pink square?,yes,yes,CORRECT
2025-12-22 18:48:20,0,/home/kkarthikeyan/deep-learning/DeepLearningProject/Synthetic-Data/vlm_levels/level_0/images/00010_b.png,PRIMARY,right_of,Is the orange square to the right of the pink square?,yes,yes,CORRECT
2025-12-22 18:48:20,0,/home/kkarthikeyan/deep-learning/DeepLearningProject/Synthetic-Data/vlm_levels/level_0/images/00010_b.png,ADVANCED,overlapping,Is the pink square overlapping with the orange square?,no,yes,INCORRECT
2025-12-22 18:48:20,0,/home/kkarthikeyan/deep-learning/DeepLearningProject/Synthetic-Data/vlm_levels/level_0/images/00010_b.png,PRIMARY,left_of,Is the orange square to the left of the pink square?,no,yes,INCORRECT
2025-12-22 18:48:21,0,/home/kkarthikeyan/deep-learning/DeepLearningProject/Synthetic-Data/vlm_levels/level_0/images/00010_b.png,ADVANCED,overlapping,Is the orange square overlapping with the pink square?,no,yes,INCORRECT
2025-12-22 18:48:21,0,/home/kkarthikeyan/deep-learning/DeepLearningProject/Synthetic-Data/vlm_levels/level_0/images/00010_b.png,ADVANCED,inside,Is the orange square fully inside the pink square?,no,no,CORRECT
2025-12-22 18:48:21,0,/home/kkarthikeyan/deep-learning/DeepLearningProject/Synthetic-Data/vlm_levels/level_0/images/00018_b.png,PRIMARY,below,Is the purple star below the cyan square?,yes,yes,CORRECT
2025-12-22 18:48:21,0,/home/kkarthikeyan/deep-learning/DeepLearningProject/Synthetic-Data/vlm_levels/level_0/images/00018_b.png,PRIMARY,above,Is the cyan square above the purple star?,yes,yes,CORRECT
2025-12-22 18:48:22,0,/home/kkarthikeyan/deep-learning/DeepLearningProject/Synthetic-Data/vlm_levels/level_0/images/00018_b.png,PRIMARY,above,Is the purple star above the cyan square?,no,yes,INCORRECT
2025-12-22 18:48:22,0,/home/kkarthikeyan/deep-learning/DeepLearningProject/Synthetic-Data/vlm_levels/level_0/images/00018_b.png,PRIMARY,right_of,Is the purple star right of the cyan square?,no,yes,INCORRECT
2025-12-22 18:48:22,0,/home/kkarthikeyan/deep-learning/DeepLearningProject/Synthetic-Data/vlm_levels/level_0/images/00018_b.png,PRIMARY,right_of,Is the cyan square to the right of the purple star?,no,yes,INCORRECT
2025-12-22 18:48:22,0,/home/kkarthikeyan/deep-learning/DeepLearningProject/Synthetic-Data/vlm_levels/level_0/images/00018_b.png,PRIMARY,right_of,Is the purple star to the right of the cyan square?,no,yes,INCORRECT
2025-12-22 18:48:23,0,/home/kkarthikeyan/deep-learning/DeepLearningProject/Synthetic-Data/vlm_levels/level_0/images/00018_b.png,PRIMARY,below,Is the cyan square below the purple star?,no,yes,INCORRECT
2025-12-22 18:48:23,0,/home/kkarthikeyan/deep-learning/DeepLearningProject/Synthetic-Data/vlm_levels/level_0/images/00018_b.png,ADVANCED,touching,Is the purple star touching the cyan square?,no,yes,INCORRECT
2025-12-22 18:48:23,0,/home/kkarthikeyan/deep-learning/DeepLearningProject/Synthetic-Data/vlm_levels/level_0/images/00004_w.png,PRIMARY,right_of,Is the lime circle to the right of the red circle?,yes,yes,CORRECT
2025-12-22 18:48:23,0,/home/kkarthikeyan/deep-learning/DeepLearningProject/Synthetic-Data/vlm_levels/level_0/images/00004_w.png,PRIMARY,left_of,Is the red circle to the left of the lime circle?,yes,yes,CORRECT
2025-12-22 18:48:24,0,/home/kkarthikeyan/deep-learning/DeepLearningProject/Synthetic-Data/vlm_levels/level_0/images/00004_w.png,PRIMARY,left_of,Is the red circle left of the lime circle?,yes,yes,CORRECT
2025-12-22 18:48:24,0,/home/kkarthikeyan/deep-learning/DeepLearningProject/Synthetic-Data/vlm_levels/level_0/images/00004_w.png,PRIMARY,right_of,Is the red circle to the right of the lime circle?,no,yes,INCORRECT
2025-12-22 18:48:24,0,/home/kkarthikeyan/deep-learning/DeepLearningProject/Synthetic-Data/vlm_levels/level_0/images/00004_w.png,ADVANCED,overlapping,Is the red circle partially covering the lime circle?,no,yes,INCORRECT
2025-12-22 18:48:25,0,/home/kkarthikeyan/deep-learning/DeepLearningProject/Synthetic-Data/vlm_levels/level_0/images/00004_w.png,ADVANCED,overlapping,Is the lime circle overlapping with the red circle?,no,no,CORRECT
2025-12-22 18:48:25,0,/home/kkarthikeyan/deep-learning/DeepLearningProject/Synthetic-Data/vlm_levels/level_0/images/00004_w.png,PRIMARY,below,Is the red circle below the lime circle?,no,yes,INCORRECT
2025-12-22 18:48:25,0,/home/kkarthikeyan/deep-learning/DeepLearningProject/Synthetic-Data/vlm_levels/level_0/images/00008_w.png,PRIMARY,below,Is the green circle below the blue star?,yes,yes,CORRECT
2025-12-22 18:48:25,0,/home/kkarthikeyan/deep-learning/DeepLearningProject/Synthetic-Data/vlm_levels/level_0/images/00008_w.png,PRIMARY,above,Is the blue star above the green circle?,yes,yes,CORRECT
2025-12-22 18:48:26,0,/home/kkarthikeyan/deep-learning/DeepLearningProject/Synthetic-Data/vlm_levels/level_0/images/00008_w.png,PRIMARY,left_of,Is the green circle to the left of the blue star?,no,yes,INCORRECT
2025-12-22 18:48:26,0,/home/kkarthikeyan/deep-learning/DeepLearningProject/Synthetic-Data/vlm_levels/level_0/images/00008_w.png,PRIMARY,right_of,Is the green circle to the right of the blue star?,no,yes,INCORRECT
2025-12-22 18:48:26,0,/home/kkarthikeyan/deep-learning/DeepLearningProject/Synthetic-Data/vlm_levels/level_0/images/00008_w.png,ADVANCED,inside,Is the green circle contained within the blue star?,no,yes,INCORRECT
2025-12-22 18:48:26,0,/home/kkarthikeyan/deep-learning/DeepLearningProject/Synthetic-Data/vlm_levels/level_0/images/00008_w.png,ADVANCED,overlapping,Is the green circle overlapping with the blue star?,no,yes,INCORRECT
2025-12-22 18:48:27,0,/home/kkarthikeyan/deep-learning/DeepLearningProject/Synthetic-Data/vlm_levels/level_0/images/00015_w.png,PRIMARY,right_of,Is the yellow star to the right of the red triangle?,yes,yes,CORRECT
2025-12-22 18:48:27,0,/home/kkarthikeyan/deep-learning/DeepLearningProject/Synthetic-Data/vlm_levels/level_0/images/00015_w.png,PRIMARY,left_of,Is the red triangle left of the yellow star?,yes,yes,CORRECT
2025-12-22 18:48:27,0,/home/kkarthikeyan/deep-learning/DeepLearningProject/Synthetic-Data/vlm_levels/level_0/images/00015_w.png,PRIMARY,right_of,Is the yellow star right of the red triangle?,yes,yes,CORRECT
2025-12-22 18:48:27,0,/home/kkarthikeyan/deep-learning/DeepLearningProject/Synthetic-Data/vlm_levels/level_0/images/00015_w.png,ADVANCED,touching,Is the red triangle touching the yellow star?,no,yes,INCORRECT
2025-12-22 18:48:28,0,/home/kkarthikeyan/deep-learning/DeepLearningProject/Synthetic-Data/vlm_levels/level_0/images/00015_w.png,PRIMARY,below,Is the yellow star below the red triangle?,no,yes,INCORRECT
2025-12-22 18:48:28,0,/home/kkarthikeyan/deep-learning/DeepLearningProject/Synthetic-Data/vlm_levels/level_0/images/00015_w.png,PRIMARY,left_of,Is the yellow star left of the red triangle?,no,yes,INCORRECT
2025-12-22 18:48:28,0,/home/kkarthikeyan/deep-learning/DeepLearningProject/Synthetic-Data/vlm_levels/level_0/images/00015_w.png,ADVANCED,touching,Is the yellow star touching the red triangle?,no,yes,INCORRECT
2025-12-22 18:48:28,0,/home/kkarthikeyan/deep-learning/DeepLearningProject/Synthetic-Data/vlm_levels/level_0/images/00015_w.png,PRIMARY,above,Is the yellow star above the red triangle?,no,yes,INCORRECT
2025-12-22 18:48:29,0,/home/kkarthikeyan/deep-learning/DeepLearningProject/Synthetic-Data/vlm_levels/level_0/images/00013_w.png,PRIMARY,left_of,Is the orange star to the left of the green star?,yes,yes,CORRECT
2025-12-22 18:48:29,0,/home/kkarthikeyan/deep-learning/DeepLearningProject/Synthetic-Data/vlm_levels/level_0/images/00013_w.png,PRIMARY,right_of,Is the green star to the right of the orange star?,yes,yes,CORRECT
2025-12-22 18:48:29,0,/home/kkarthikeyan/deep-learning/DeepLearningProject/Synthetic-Data/vlm_levels/level_0/images/00013_w.png,PRIMARY,right_of,Is the green star right of the orange star?,yes,yes,CORRECT
2025-12-22 18:48:29,0,/home/kkarthikeyan/deep-learning/DeepLearningProject/Synthetic-Data/vlm_levels/level_0/images/00013_w.png,PRIMARY,above,Is the orange star above the green star?,no,yes,INCORRECT
2025-12-22 18:48:30,0,/home/kkarthikeyan/deep-learning/DeepLearningProject/Synthetic-Data/vlm_levels/level_0/images/00013_w.png,ADVANCED,overlapping,Is the green star overlapping with the orange star?,no,yes,INCORRECT
2025-12-22 18:48:30,0,/home/kkarthikeyan/deep-learning/DeepLearningProject/Synthetic-Data/vlm_levels/level_0/images/00013_w.png,ADVANCED,touching,Is the green star touching the orange star?,no,no,CORRECT
2025-12-22 18:48:30,0,/home/kkarthikeyan/deep-learning/DeepLearningProject/Synthetic-Data/vlm_levels/level_0/images/00013_w.png,ADVANCED,overlapping,Is the green star partially covering the orange star?,no,yes,INCORRECT
2025-12-22 18:48:30,0,/home/kkarthikeyan/deep-learning/DeepLearningProject/Synthetic-Data/vlm_levels/level_0/images/00013_w.png,ADVANCED,inside,Is the orange star enclosed by the green star?,no,yes,INCORRECT
2025-12-22 18:48:31,0,/home/kkarthikeyan/deep-learning/DeepLearningProject/Synthetic-Data/vlm_levels/level_0/images/00008_b.png,PRIMARY,above,Is the blue star above the green circle?,yes,yes,CORRECT
2025-12-22 18:48:31,0,/home/kkarthikeyan/deep-learning/DeepLearningProject/Synthetic-Data/vlm_levels/level_0/images/00008_b.png,PRIMARY,below,Is the green circle below the blue star?,yes,yes,CORRECT
2025-12-22 18:48:31,0,/home/kkarthikeyan/deep-learning/DeepLearningProject/Synthetic-Data/vlm_levels/level_0/images/00008_b.png,PRIMARY,left_of,Is the green circle to the left of the blue star?,no,yes,INCORRECT
2025-12-22 18:48:31,0,/home/kkarthikeyan/deep-learning/DeepLearningProject/Synthetic-Data/vlm_levels/level_0/images/00008_b.png,ADVANCED,touching,Is the blue star touching the green circle?,no,yes,INCORRECT
2025-12-22 18:48:32,0,/home/kkarthikeyan/deep-learning/DeepLearningProject/Synthetic-Data/vlm_levels/level_0/images/00008_b.png,PRIMARY,above,Is the green circle above the blue star?,no,yes,INCORRECT
2025-12-22 18:48:32,0,/home/kkarthikeyan/deep-learning/DeepLearningProject/Synthetic-Data/vlm_levels/level_0/images/00008_b.png,PRIMARY,below,Is the blue star below the green circle?,no,yes,INCORRECT
2025-12-22 18:48:32,0,/home/kkarthikeyan/deep-learning/DeepLearningProject/Synthetic-Data/vlm_levels/level_0/images/00008_b.png,PRIMARY,right_of,Is the blue star to the right of the green circle?,no,yes,INCORRECT
2025-12-22 18:48:32,0,/home/kkarthikeyan/deep-learning/DeepLearningProject/Synthetic-Data/vlm_levels/level_0/images/00008_b.png,ADVANCED,inside,Is the green circle enclosed by the blue star?,no,yes,INCORRECT
2025-12-22 18:48:33,0,/home/kkarthikeyan/deep-learning/DeepLearningProject/Synthetic-Data/vlm_levels/level_0/images/00014_w.png,PRIMARY,above,Is the purple circle above the pink triangle?,yes,yes,CORRECT
2025-12-22 18:48:33,0,/home/kkarthikeyan/deep-learning/DeepLearningProject/Synthetic-Data/vlm_levels/level_0/images/00014_w.png,PRIMARY,below,Is the pink triangle below the purple circle?,yes,yes,CORRECT
2025-12-22 18:48:33,0,/home/kkarthikeyan/deep-learning/DeepLearningProject/Synthetic-Data/vlm_levels/level_0/images/00014_w.png,PRIMARY,above,Is the pink triangle above the purple circle?,no,yes,INCORRECT
2025-12-22 18:48:33,0,/home/kkarthikeyan/deep-learning/DeepLearningProject/Synthetic-Data/vlm_levels/level_0/images/00014_w.png,ADVANCED,inside,Is the purple circle contained within the pink triangle?,no,yes,INCORRECT
2025-12-22 18:48:34,0,/home/kkarthikeyan/deep-learning/DeepLearningProject/Synthetic-Data/vlm_levels/level_0/images/00014_w.png,PRIMARY,left_of,Is the pink triangle left of the purple circle?,no,yes,INCORRECT
2025-12-22 18:48:34,0,/home/kkarthikeyan/deep-learning/DeepLearningProject/Synthetic-Data/vlm_levels/level_0/images/00014_w.png,PRIMARY,left_of,Is the purple circle to the left of the pink triangle?,no,yes,INCORRECT
2025-12-22 18:48:34,0,/home/kkarthikeyan/deep-learning/DeepLearningProject/Synthetic-Data/vlm_levels/level_0/images/00014_w.png,ADVANCED,touching,Is the purple circle touching the pink triangle?,no,yes,INCORRECT
2025-12-22 18:48:34,0,/home/kkarthikeyan/deep-learning/DeepLearningProject/Synthetic-Data/vlm_levels/level_0/images/00014_w.png,PRIMARY,right_of,Is the pink triangle to the right of the purple circle?,no,yes,INCORRECT
2025-12-22 18:48:35,0,/home/kkarthikeyan/deep-learning/DeepLearningProject/Synthetic-Data/vlm_levels/level_0/images/00006_w.png,PRIMARY,below,Is the purple square below the lime square?,yes,yes,CORRECT
2025-12-22 18:48:35,0,/home/kkarthikeyan/deep-learning/DeepLearningProject/Synthetic-Data/vlm_levels/level_0/images/00006_w.png,PRIMARY,above,Is the lime square above the purple square?,yes,yes,CORRECT
2025-12-22 18:48:35,0,/home/kkarthikeyan/deep-learning/DeepLearningProject/Synthetic-Data/vlm_levels/level_0/images/00006_w.png,ADVANCED,overlapping,Is the lime square overlapping with the purple square?,no,yes,INCORRECT
2025-12-22 18:48:35,0,/home/kkarthikeyan/deep-learning/DeepLearningProject/Synthetic-Data/vlm_levels/level_0/images/00006_w.png,ADVANCED,touching,Is the purple square touching the lime square?,no,yes,INCORRECT
2025-12-22 18:48:36,0,/home/kkarthikeyan/deep-learning/DeepLearningProject/Synthetic-Data/vlm_levels/level_0/images/00006_w.png,PRIMARY,left_of,Is the lime square to the left of the purple square?,no,yes,INCORRECT
2025-12-22 18:48:36,0,/home/kkarthikeyan/deep-learning/DeepLearningProject/Synthetic-Data/vlm_levels/level_0/images/00006_w.png,PRIMARY,right_of,Is the lime square to the right of the purple square?,no,yes,INCORRECT
2025-12-22 18:48:36,0,/home/kkarthikeyan/deep-learning/DeepLearningProject/Synthetic-Data/vlm_levels/level_0/images/00006_w.png,ADVANCED,touching,Is the lime square touching the purple square?,no,yes,INCORRECT
2025-12-22 18:48:36,0,/home/kkarthikeyan/deep-learning/DeepLearningProject/Synthetic-Data/vlm_levels/level_0/images/00011_b.png,PRIMARY,right_of,Is the orange triangle right of the lime square?,yes,yes,CORRECT
2025-12-22 18:48:37,0,/home/kkarthikeyan/deep-learning/DeepLearningProject/Synthetic-Data/vlm_levels/level_0/images/00011_b.png,PRIMARY,left_of,Is the lime square left of the orange triangle?,yes,yes,CORRECT
2025-12-22 18:48:37,0,/home/kkarthikeyan/deep-learning/DeepLearningProject/Synthetic-Data/vlm_levels/level_0/images/00011_b.png,PRIMARY,left_of,Is the lime square to the left of the orange triangle?,yes,yes,CORRECT
2025-12-22 18:48:37,0,/home/kkarthikeyan/deep-learning/DeepLearningProject/Synthetic-Data/vlm_levels/level_0/images/00011_b.png,PRIMARY,right_of,Is the orange triangle to the right of the lime square?,yes,yes,CORRECT
2025-12-22 18:48:37,0,/home/kkarthikeyan/deep-learning/DeepLearningProject/Synthetic-Data/vlm_levels/level_0/images/00011_b.png,PRIMARY,above,Is the orange triangle above the lime square?,no,yes,INCORRECT
2025-12-22 18:48:38,0,/home/kkarthikeyan/deep-learning/DeepLearningProject/Synthetic-Data/vlm_levels/level_0/images/00011_b.png,ADVANCED,touching,Is the orange triangle touching the lime square?,no,yes,INCORRECT
2025-12-22 18:48:38,0,/home/kkarthikeyan/deep-learning/DeepLearningProject/Synthetic-Data/vlm_levels/level_0/images/00011_b.png,ADVANCED,overlapping,Is the orange triangle overlapping with the lime square?,no,yes,INCORRECT
2025-12-22 18:48:38,0,/home/kkarthikeyan/deep-learning/DeepLearningProject/Synthetic-Data/vlm_levels/level_0/images/00011_b.png,PRIMARY,below,Is the lime square below the orange triangle?,no,yes,INCORRECT
2025-12-22 18:48:38,0,/home/kkarthikeyan/deep-learning/DeepLearningProject/Synthetic-Data/vlm_levels/level_0/images/00011_b.png,ADVANCED,overlapping,Is the orange triangle partially covering the lime square?,no,yes,INCORRECT
2025-12-22 18:48:39,0,/home/kkarthikeyan/deep-learning/DeepLearningProject/Synthetic-Data/vlm_levels/level_0/images/00003_b.png,PRIMARY,below,Is the lime star below the green square?,yes,yes,CORRECT
2025-12-22 18:48:39,0,/home/kkarthikeyan/deep-learning/DeepLearningProject/Synthetic-Data/vlm_levels/level_0/images/00003_b.png,PRIMARY,above,Is the green square above the lime star?,yes,yes,CORRECT
2025-12-22 18:48:39,0,/home/kkarthikeyan/deep-learning/DeepLearningProject/Synthetic-Data/vlm_levels/level_0/images/00003_b.png,ADVANCED,inside,Is the green square contained within the lime star?,no,yes,INCORRECT
2025-12-22 18:48:40,0,/home/kkarthikeyan/deep-learning/DeepLearningProject/Synthetic-Data/vlm_levels/level_0/images/00003_b.png,PRIMARY,above,Is the lime star above the green square?,no,yes,INCORRECT
2025-12-22 18:48:40,0,/home/kkarthikeyan/deep-learning/DeepLearningProject/Synthetic-Data/vlm_levels/level_0/images/00003_b.png,PRIMARY,left_of,Is the lime star to the left of the green square?,no,yes,INCORRECT
2025-12-22 18:48:40,0,/home/kkarthikeyan/deep-learning/DeepLearningProject/Synthetic-Data/vlm_levels/level_0/images/00003_b.png,PRIMARY,below,Is the green square below the lime star?,no,yes,INCORRECT
2025-12-22 18:48:40,0,/home/kkarthikeyan/deep-learning/DeepLearningProject/Synthetic-Data/vlm_levels/level_0/images/00003_b.png,ADVANCED,overlapping,Is the green square partially covering the lime star?,no,yes,INCORRECT
2025-12-22 18:48:41,0,/home/kkarthikeyan/deep-learning/DeepLearningProject/Synthetic-Data/vlm_levels/level_0/images/00003_b.png,ADVANCED,overlapping,Is the green square overlapping with the lime star?,no,yes,INCORRECT
2025-12-22 18:48:41,0,/home/kkarthikeyan/deep-learning/DeepLearningProject/Synthetic-Data/vlm_levels/level_0/images/00014_b.png,PRIMARY,below,Is the pink triangle below the purple circle?,yes,yes,CORRECT
2025-12-22 18:48:41,0,/home/kkarthikeyan/deep-learning/DeepLearningProject/Synthetic-Data/vlm_levels/level_0/images/00014_b.png,PRIMARY,above,Is the purple circle above the pink triangle?,yes,yes,CORRECT
2025-12-22 18:48:41,0,/home/kkarthikeyan/deep-learning/DeepLearningProject/Synthetic-Data/vlm_levels/level_0/images/00014_b.png,ADVANCED,touching,Is the pink triangle touching the purple circle?,no,yes,INCORRECT
2025-12-22 18:48:42,0,/home/kkarthikeyan/deep-learning/DeepLearningProject/Synthetic-Data/vlm_levels/level_0/images/00014_b.png,PRIMARY,right_of,Is the purple circle right of the pink triangle?,no,yes,INCORRECT
2025-12-22 18:48:42,0,/home/kkarthikeyan/deep-learning/DeepLearningProject/Synthetic-Data/vlm_levels/level_0/images/00014_b.png,PRIMARY,left_of,Is the purple circle to the left of the pink triangle?,no,yes,INCORRECT
2025-12-22 18:48:42,0,/home/kkarthikeyan/deep-learning/DeepLearningProject/Synthetic-Data/vlm_levels/level_0/images/00014_b.png,PRIMARY,below,Is the purple circle below the pink triangle?,no,yes,INCORRECT
2025-12-22 18:48:42,0,/home/kkarthikeyan/deep-learning/DeepLearningProject/Synthetic-Data/vlm_levels/level_0/images/00014_b.png,ADVANCED,overlapping,Is the purple circle overlapping with the pink triangle?,no,yes,INCORRECT
2025-12-22 18:48:43,0,/home/kkarthikeyan/deep-learning/DeepLearningProject/Synthetic-Data/vlm_levels/level_0/images/00014_b.png,PRIMARY,left_of,Is the pink triangle left of the purple circle?,no,yes,INCORRECT
2025-12-22 18:48:43,0,/home/kkarthikeyan/deep-learning/DeepLearningProject/Synthetic-Data/vlm_levels/level_0/images/00019_w.png,PRIMARY,below,Is the pink square below the orange triangle?,yes,yes,CORRECT
2025-12-22 18:48:43,0,/home/kkarthikeyan/deep-learning/DeepLearningProject/Synthetic-Data/vlm_levels/level_0/images/00019_w.png,PRIMARY,above,Is the orange triangle above the pink square?,yes,yes,CORRECT
2025-12-22 18:48:43,0,/home/kkarthikeyan/deep-learning/DeepLearningProject/Synthetic-Data/vlm_levels/level_0/images/00019_w.png,ADVANCED,touching,Is the orange triangle touching the pink square?,no,yes,INCORRECT
2025-12-22 18:48:44,0,/home/kkarthikeyan/deep-learning/DeepLearningProject/Synthetic-Data/vlm_levels/level_0/images/00019_w.png,PRIMARY,below,Is the orange triangle below the pink square?,no,yes,INCORRECT
2025-12-22 18:48:44,0,/home/kkarthikeyan/deep-learning/DeepLearningProject/Synthetic-Data/vlm_levels/level_0/images/00019_w.png,ADVANCED,inside,Is the pink square fully inside the orange triangle?,no,no,CORRECT
2025-12-22 18:48:44,0,/home/kkarthikeyan/deep-learning/DeepLearningProject/Synthetic-Data/vlm_levels/level_0/images/00019_w.png,ADVANCED,touching,Is the pink square touching the orange triangle?,no,yes,INCORRECT
2025-12-22 18:48:44,0,/home/kkarthikeyan/deep-learning/DeepLearningProject/Synthetic-Data/vlm_levels/level_0/images/00019_w.png,PRIMARY,left_of,Is the orange triangle left of the pink square?,no,yes,INCORRECT
2025-12-22 18:48:45,0,/home/kkarthikeyan/deep-learning/DeepLearningProject/Synthetic-Data/vlm_levels/level_0/images/00001_w.png,PRIMARY,above,Is the cyan square above the green star?,yes,yes,CORRECT
2025-12-22 18:48:45,0,/home/kkarthikeyan/deep-learning/DeepLearningProject/Synthetic-Data/vlm_levels/level_0/images/00001_w.png,PRIMARY,below,Is the green star below the cyan square?,yes,yes,CORRECT
2025-12-22 18:48:45,0,/home/kkarthikeyan/deep-learning/DeepLearningProject/Synthetic-Data/vlm_levels/level_0/images/00001_w.png,ADVANCED,overlapping,Is the cyan square overlapping with the green star?,no,yes,INCORRECT
2025-12-22 18:48:45,0,/home/kkarthikeyan/deep-learning/DeepLearningProject/Synthetic-Data/vlm_levels/level_0/images/00001_w.png,PRIMARY,left_of,Is the green star left of the cyan square?,no,yes,INCORRECT
2025-12-22 18:48:46,0,/home/kkarthikeyan/deep-learning/DeepLearningProject/Synthetic-Data/vlm_levels/level_0/images/00001_w.png,ADVANCED,inside,Is the cyan square fully inside the green star?,no,yes,INCORRECT
2025-12-22 18:48:46,0,/home/kkarthikeyan/deep-learning/DeepLearningProject/Synthetic-Data/vlm_levels/level_0/images/00011_w.png,PRIMARY,right_of,Is the orange triangle right of the lime square?,yes,yes,CORRECT
2025-12-22 18:48:46,0,/home/kkarthikeyan/deep-learning/DeepLearningProject/Synthetic-Data/vlm_levels/level_0/images/00011_w.png,PRIMARY,left_of,Is the lime square left of the orange triangle?,yes,yes,CORRECT
2025-12-22 18:48:46,0,/home/kkarthikeyan/deep-learning/DeepLearningProject/Synthetic-Data/vlm_levels/level_0/images/00011_w.png,PRIMARY,left_of,Is the lime square to the left of the orange triangle?,yes,yes,CORRECT
2025-12-22 18:48:47,0,/home/kkarthikeyan/deep-learning/DeepLearningProject/Synthetic-Data/vlm_levels/level_0/images/00011_w.png,PRIMARY,right_of,Is the orange triangle to the right of the lime square?,yes,yes,CORRECT
2025-12-22 18:48:47,0,/home/kkarthikeyan/deep-learning/DeepLearningProject/Synthetic-Data/vlm_levels/level_0/images/00011_w.png,PRIMARY,left_of,Is the orange triangle left of the lime square?,no,yes,INCORRECT
2025-12-22 18:48:47,0,/home/kkarthikeyan/deep-learning/DeepLearningProject/Synthetic-Data/vlm_levels/level_0/images/00011_w.png,PRIMARY,below,Is the orange triangle below the lime square?,no,yes,INCORRECT
2025-12-22 18:48:47,0,/home/kkarthikeyan/deep-learning/DeepLearningProject/Synthetic-Data/vlm_levels/level_0/images/00011_w.png,ADVANCED,overlapping,Is the orange triangle partially covering the lime square?,no,yes,INCORRECT
2025-12-22 18:48:48,0,/home/kkarthikeyan/deep-learning/DeepLearningProject/Synthetic-Data/vlm_levels/level_0/images/00011_w.png,PRIMARY,above,Is the orange triangle above the lime square?,no,yes,INCORRECT
2025-12-22 18:48:48,0,/home/kkarthikeyan/deep-learning/DeepLearningProject/Synthetic-Data/vlm_levels/level_0/images/00011_w.png,ADVANCED,touching,Is the orange triangle touching the lime square?,no,yes,INCORRECT
2025-12-22 18:48:48,0,/home/kkarthikeyan/deep-learning/DeepLearningProject/Synthetic-Data/vlm_levels/level_0/images/00011_w.png,ADVANCED,overlapping,Is the lime square overlapping with the orange triangle?,no,yes,INCORRECT
2025-12-22 18:48:48,0,/home/kkarthikeyan/deep-learning/DeepLearningProject/Synthetic-Data/vlm_levels/level_0/images/00009_b.png,PRIMARY,above,Is the orange circle above the blue circle?,yes,yes,CORRECT
2025-12-22 18:48:49,0,/home/kkarthikeyan/deep-learning/DeepLearningProject/Synthetic-Data/vlm_levels/level_0/images/00009_b.png,PRIMARY,below,Is the blue circle below the orange circle?,yes,yes,CORRECT
2025-12-22 18:48:49,0,/home/kkarthikeyan/deep-learning/DeepLearningProject/Synthetic-Data/vlm_levels/level_0/images/00009_b.png,PRIMARY,right_of,Is the orange circle to the right of the blue circle?,no,yes,INCORRECT
2025-12-22 18:48:49,0,/home/kkarthikeyan/deep-learning/DeepLearningProject/Synthetic-Data/vlm_levels/level_0/images/00009_b.png,ADVANCED,inside,Is the blue circle enclosed by the orange circle?,no,yes,INCORRECT
2025-12-22 18:48:49,0,/home/kkarthikeyan/deep-learning/DeepLearningProject/Synthetic-Data/vlm_levels/level_0/images/00009_b.png,ADVANCED,touching,Is the orange circle touching the blue circle?,no,no,CORRECT
2025-12-22 18:48:50,0,/home/kkarthikeyan/deep-learning/DeepLearningProject/Synthetic-Data/vlm_levels/level_0/images/00009_b.png,ADVANCED,overlapping,Is the orange circle partially covering the blue circle?,no,yes,INCORRECT
2025-12-22 18:48:50,0,/home/kkarthikeyan/deep-learning/DeepLearningProject/Synthetic-Data/vlm_levels/level_0/images/00009_b.png,ADVANCED,touching,Is the blue circle touching the orange circle?,no,no,CORRECT
2025-12-22 18:48:50,0,/home/kkarthikeyan/deep-learning/DeepLearningProject/Synthetic-Data/vlm_levels/level_0/images/00000_w.png,PRIMARY,below,Is the green star below the pink circle?,yes,yes,CORRECT
2025-12-22 18:48:50,0,/home/kkarthikeyan/deep-learning/DeepLearningProject/Synthetic-Data/vlm_levels/level_0/images/00000_w.png,PRIMARY,above,Is the pink circle above the green star?,yes,yes,CORRECT
2025-12-22 18:48:51,0,/home/kkarthikeyan/deep-learning/DeepLearningProject/Synthetic-Data/vlm_levels/level_0/images/00000_w.png,ADVANCED,touching,Is the pink circle touching the green star?,no,yes,INCORRECT
2025-12-22 18:48:51,0,/home/kkarthikeyan/deep-learning/DeepLearningProject/Synthetic-Data/vlm_levels/level_0/images/00000_w.png,PRIMARY,right_of,Is the pink circle to the right of the green star?,no,yes,INCORRECT
2025-12-22 18:48:51,0,/home/kkarthikeyan/deep-learning/DeepLearningProject/Synthetic-Data/vlm_levels/level_0/images/00000_w.png,ADVANCED,inside,Is the pink circle fully inside the green star?,no,yes,INCORRECT
2025-12-22 18:48:51,0,/home/kkarthikeyan/deep-learning/DeepLearningProject/Synthetic-Data/vlm_levels/level_0/images/00000_w.png,PRIMARY,right_of,Is the pink circle right of the green star?,no,yes,INCORRECT
2025-12-22 18:48:52,0,/home/kkarthikeyan/deep-learning/DeepLearningProject/Synthetic-Data/vlm_levels/level_0/images/00000_w.png,ADVANCED,touching,Is the green star touching the pink circle?,no,yes,INCORRECT
2025-12-22 18:48:52,0,/home/kkarthikeyan/deep-learning/DeepLearningProject/Synthetic-Data/vlm_levels/level_0/images/00010_w.png,PRIMARY,left_of,Is the pink square left of the orange square?,yes,yes,CORRECT
2025-12-22 18:48:52,0,/home/kkarthikeyan/deep-learning/DeepLearningProject/Synthetic-Data/vlm_levels/level_0/images/00010_w.png,PRIMARY,right_of,Is the orange square to the right of the pink square?,yes,yes,CORRECT
2025-12-22 18:48:53,0,/home/kkarthikeyan/deep-learning/DeepLearningProject/Synthetic-Data/vlm_levels/level_0/images/00010_w.png,PRIMARY,right_of,Is the orange square right of the pink square?,yes,yes,CORRECT
2025-12-22 18:48:53,0,/home/kkarthikeyan/deep-learning/DeepLearningProject/Synthetic-Data/vlm_levels/level_0/images/00010_w.png,PRIMARY,left_of,Is the pink square to the left of the orange square?,yes,yes,CORRECT
2025-12-22 18:48:53,0,/home/kkarthikeyan/deep-learning/DeepLearningProject/Synthetic-Data/vlm_levels/level_0/images/00010_w.png,ADVANCED,inside,Is the orange square fully inside the pink square?,no,no,CORRECT
2025-12-22 18:48:53,0,/home/kkarthikeyan/deep-learning/DeepLearningProject/Synthetic-Data/vlm_levels/level_0/images/00010_w.png,ADVANCED,overlapping,Is the orange square overlapping with the pink square?,no,yes,INCORRECT
2025-12-22 18:48:54,0,/home/kkarthikeyan/deep-learning/DeepLearningProject/Synthetic-Data/vlm_levels/level_0/images/00010_w.png,ADVANCED,touching,Is the pink square touching the orange square?,no,yes,INCORRECT
2025-12-22 18:48:54,0,/home/kkarthikeyan/deep-learning/DeepLearningProject/Synthetic-Data/vlm_levels/level_0/images/00010_w.png,ADVANCED,overlapping,Is the pink square overlapping with the orange square?,no,yes,INCORRECT
2025-12-22 18:48:54,0,/home/kkarthikeyan/deep-learning/DeepLearningProject/Synthetic-Data/vlm_levels/level_0/images/00010_w.png,PRIMARY,above,Is the pink square above the orange square?,no,yes,INCORRECT
2025-12-22 18:48:54,0,/home/kkarthikeyan/deep-learning/DeepLearningProject/Synthetic-Data/vlm_levels/level_0/images/00009_w.png,PRIMARY,below,Is the blue circle below the orange circle?,yes,yes,CORRECT
2025-12-22 18:48:55,0,/home/kkarthikeyan/deep-learning/DeepLearningProject/Synthetic-Data/vlm_levels/level_0/images/00009_w.png,PRIMARY,above,Is the orange circle above the blue circle?,yes,yes,CORRECT
2025-12-22 18:48:55,0,/home/kkarthikeyan/deep-learning/DeepLearningProject/Synthetic-Data/vlm_levels/level_0/images/00009_w.png,PRIMARY,left_of,Is the orange circle to the left of the blue circle?,no,yes,INCORRECT
2025-12-22 18:48:55,0,/home/kkarthikeyan/deep-learning/DeepLearningProject/Synthetic-Data/vlm_levels/level_0/images/00009_w.png,ADVANCED,overlapping,Is the blue circle overlapping with the orange circle?,no,no,CORRECT
2025-12-22 18:48:55,0,/home/kkarthikeyan/deep-learning/DeepLearningProject/Synthetic-Data/vlm_levels/level_0/images/00009_w.png,ADVANCED,touching,Is the orange circle touching the blue circle?,no,no,CORRECT
2025-12-22 18:48:56,0,/home/kkarthikeyan/deep-learning/DeepLearningProject/Synthetic-Data/vlm_levels/level_0/images/00009_w.png,PRIMARY,below,Is the orange circle below the blue circle?,no,yes,INCORRECT
2025-12-22 18:48:56,0,/home/kkarthikeyan/deep-learning/DeepLearningProject/Synthetic-Data/vlm_levels/level_0/images/00009_w.png,ADVANCED,inside,Is the blue circle fully inside the orange circle?,no,no,CORRECT
2025-12-22 18:48:56,0,/home/kkarthikeyan/deep-learning/DeepLearningProject/Synthetic-Data/vlm_levels/level_0/images/00005_w.png,PRIMARY,right_of,Is the purple circle to the right of the lime triangle?,yes,yes,CORRECT
2025-12-22 18:48:56,0,/home/kkarthikeyan/deep-learning/DeepLearningProject/Synthetic-Data/vlm_levels/level_0/images/00005_w.png,PRIMARY,left_of,Is the lime triangle left of the purple circle?,yes,yes,CORRECT
2025-12-22 18:48:57,0,/home/kkarthikeyan/deep-learning/DeepLearningProject/Synthetic-Data/vlm_levels/level_0/images/00005_w.png,PRIMARY,left_of,Is the lime triangle to the left of the purple circle?,yes,yes,CORRECT
2025-12-22 18:48:57,0,/home/kkarthikeyan/deep-learning/DeepLearningProject/Synthetic-Data/vlm_levels/level_0/images/00005_w.png,ADVANCED,touching,Is the lime triangle touching the purple circle?,no,yes,INCORRECT
2025-12-22 18:48:57,0,/home/kkarthikeyan/deep-learning/DeepLearningProject/Synthetic-Data/vlm_levels/level_0/images/00005_w.png,PRIMARY,right_of,Is the lime triangle right of the purple circle?,no,yes,INCORRECT
2025-12-22 18:48:57,0,/home/kkarthikeyan/deep-learning/DeepLearningProject/Synthetic-Data/vlm_levels/level_0/images/00005_w.png,PRIMARY,left_of,Is the purple circle to the left of the lime triangle?,no,yes,INCORRECT
2025-12-22 18:48:58,0,/home/kkarthikeyan/deep-learning/DeepLearningProject/Synthetic-Data/vlm_levels/level_0/images/00005_w.png,PRIMARY,above,Is the lime triangle above the purple circle?,no,yes,INCORRECT
2025-12-22 18:48:58,0,/home/kkarthikeyan/deep-learning/DeepLearningProject/Synthetic-Data/vlm_levels/level_0/images/00005_w.png,PRIMARY,below,Is the purple circle below the lime triangle?,no,yes,INCORRECT
2025-12-22 18:48:58,0,/home/kkarthikeyan/deep-learning/DeepLearningProject/Synthetic-Data/vlm_levels/level_0/images/00005_w.png,PRIMARY,right_of,Is the lime triangle to the right of the purple circle?,no,yes,INCORRECT
2025-12-22 18:48:58,0,/home/kkarthikeyan/deep-learning/DeepLearningProject/Synthetic-Data/vlm_levels/level_0/images/00007_b.png,PRIMARY,right_of,Is the cyan circle right of the lime circle?,yes,yes,CORRECT
2025-12-22 18:48:59,0,/home/kkarthikeyan/deep-learning/DeepLearningProject/Synthetic-Data/vlm_levels/level_0/images/00007_b.png,PRIMARY,left_of,Is the lime circle left of the cyan circle?,yes,yes,CORRECT
2025-12-22 18:48:59,0,/home/kkarthikeyan/deep-learning/DeepLearningProject/Synthetic-Data/vlm_levels/level_0/images/00007_b.png,PRIMARY,left_of,Is the lime circle to the left of the cyan circle?,yes,yes,CORRECT
2025-12-22 18:48:59,0,/home/kkarthikeyan/deep-learning/DeepLearningProject/Synthetic-Data/vlm_levels/level_0/images/00007_b.png,PRIMARY,right_of,Is the cyan circle to the right of the lime circle?,yes,yes,CORRECT
2025-12-22 18:48:59,0,/home/kkarthikeyan/deep-learning/DeepLearningProject/Synthetic-Data/vlm_levels/level_0/images/00007_b.png,ADVANCED,overlapping,Is the lime circle overlapping with the cyan circle?,no,yes,INCORRECT
2025-12-22 18:49:00,0,/home/kkarthikeyan/deep-learning/DeepLearningProject/Synthetic-Data/vlm_levels/level_0/images/00007_b.png,PRIMARY,below,Is the lime circle below the cyan circle?,no,yes,INCORRECT
2025-12-22 18:49:00,0,/home/kkarthikeyan/deep-learning/DeepLearningProject/Synthetic-Data/vlm_levels/level_0/images/00007_b.png,ADVANCED,overlapping,Is the lime circle partially covering the cyan circle?,no,yes,INCORRECT
2025-12-22 18:49:00,0,/home/kkarthikeyan/deep-learning/DeepLearningProject/Synthetic-Data/vlm_levels/level_0/images/00007_b.png,PRIMARY,left_of,Is the cyan circle to the left of the lime circle?,no,yes,INCORRECT
2025-12-22 18:49:00,0,/home/kkarthikeyan/deep-learning/DeepLearningProject/Synthetic-Data/vlm_levels/level_0/images/00007_b.png,ADVANCED,overlapping,Is the cyan circle overlapping with the lime circle?,no,yes,INCORRECT
2025-12-22 18:49:01,0,/home/kkarthikeyan/deep-learning/DeepLearningProject/Synthetic-Data/vlm_levels/level_0/images/00012_b.png,PRIMARY,right_of,Is the lime square right of the blue square?,yes,yes,CORRECT
2025-12-22 18:49:01,0,/home/kkarthikeyan/deep-learning/DeepLearningProject/Synthetic-Data/vlm_levels/level_0/images/00012_b.png,PRIMARY,left_of,Is the blue square left of the lime square?,yes,yes,CORRECT
2025-12-22 18:49:01,0,/home/kkarthikeyan/deep-learning/DeepLearningProject/Synthetic-Data/vlm_levels/level_0/images/00012_b.png,PRIMARY,right_of,Is the lime square to the right of the blue square?,yes,yes,CORRECT
2025-12-22 18:49:01,0,/home/kkarthikeyan/deep-learning/DeepLearningProject/Synthetic-Data/vlm_levels/level_0/images/00012_b.png,PRIMARY,below,Is the lime square below the blue square?,no,yes,INCORRECT
2025-12-22 18:49:02,0,/home/kkarthikeyan/deep-learning/DeepLearningProject/Synthetic-Data/vlm_levels/level_0/images/00012_b.png,PRIMARY,right_of,Is the blue square right of the lime square?,no,yes,INCORRECT
2025-12-22 18:49:02,0,/home/kkarthikeyan/deep-learning/DeepLearningProject/Synthetic-Data/vlm_levels/level_0/images/00012_b.png,ADVANCED,touching,Is the blue square touching the lime square?,no,yes,INCORRECT
2025-12-22 18:49:02,0,/home/kkarthikeyan/deep-learning/DeepLearningProject/Synthetic-Data/vlm_levels/level_0/images/00012_b.png,ADVANCED,touching,Is the lime square touching the blue square?,no,yes,INCORRECT
2025-12-22 18:49:02,0,/home/kkarthikeyan/deep-learning/DeepLearningProject/Synthetic-Data/vlm_levels/level_0/images/00012_b.png,PRIMARY,right_of,Is the blue square to the right of the lime square?,no,yes,INCORRECT
2025-12-22 18:49:03,0,/home/kkarthikeyan/deep-learning/DeepLearningProject/Synthetic-Data/vlm_levels/level_0/images/00000_b.png,PRIMARY,below,Is the green star below the pink circle?,yes,yes,CORRECT
2025-12-22 18:49:03,0,/home/kkarthikeyan/deep-learning/DeepLearningProject/Synthetic-Data/vlm_levels/level_0/images/00000_b.png,PRIMARY,above,Is the pink circle above the green star?,yes,yes,CORRECT
2025-12-22 18:49:03,0,/home/kkarthikeyan/deep-learning/DeepLearningProject/Synthetic-Data/vlm_levels/level_0/images/00000_b.png,PRIMARY,left_of,Is the green star to the left of the pink circle?,no,no,CORRECT
2025-12-22 18:49:03,0,/home/kkarthikeyan/deep-learning/DeepLearningProject/Synthetic-Data/vlm_levels/level_0/images/00000_b.png,ADVANCED,inside,Is the green star fully inside the pink circle?,no,no,CORRECT
2025-12-22 18:49:04,0,/home/kkarthikeyan/deep-learning/DeepLearningProject/Synthetic-Data/vlm_levels/level_0/images/00000_b.png,ADVANCED,overlapping,Is the pink circle overlapping with the green star?,no,yes,INCORRECT
2025-12-22 18:49:04,0,/home/kkarthikeyan/deep-learning/DeepLearningProject/Synthetic-Data/vlm_levels/level_0/images/00000_b.png,PRIMARY,left_of,Is the pink circle to the left of the green star?,no,yes,INCORRECT
2025-12-22 18:49:04,0,/home/kkarthikeyan/deep-learning/DeepLearningProject/Synthetic-Data/vlm_levels/level_0/images/00000_b.png,PRIMARY,left_of,Is the pink circle left of the green star?,no,yes,INCORRECT
2025-12-22 18:49:04,0,/home/kkarthikeyan/deep-learning/DeepLearningProject/Synthetic-Data/vlm_levels/level_0/images/00000_b.png,ADVANCED,touching,Is the green star touching the pink circle?,no,yes,INCORRECT
2025-12-22 18:49:05,0,/home/kkarthikeyan/deep-learning/DeepLearningProject/Synthetic-Data/vlm_levels/level_0/images/00001_b.png,PRIMARY,above,Is the cyan square above the green star?,yes,yes,CORRECT
2025-12-22 18:49:05,0,/home/kkarthikeyan/deep-learning/DeepLearningProject/Synthetic-Data/vlm_levels/level_0/images/00001_b.png,PRIMARY,below,Is the green star below the cyan square?,yes,yes,CORRECT
2025-12-22 18:49:05,0,/home/kkarthikeyan/deep-learning/DeepLearningProject/Synthetic-Data/vlm_levels/level_0/images/00001_b.png,PRIMARY,left_of,Is the cyan square left of the green star?,no,yes,INCORRECT
2025-12-22 18:49:05,0,/home/kkarthikeyan/deep-learning/DeepLearningProject/Synthetic-Data/vlm_levels/level_0/images/00001_b.png,ADVANCED,overlapping,Is the green star overlapping with the cyan square?,no,yes,INCORRECT
2025-12-22 18:49:06,0,/home/kkarthikeyan/deep-learning/DeepLearningProject/Synthetic-Data/vlm_levels/level_0/images/00001_b.png,ADVANCED,touching,Is the green star touching the cyan square?,no,yes,INCORRECT
2025-12-22 18:49:06,0,/home/kkarthikeyan/deep-learning/DeepLearningProject/Synthetic-Data/vlm_levels/level_0/images/00001_b.png,PRIMARY,right_of,Is the green star to the right of the cyan square?,no,yes,INCORRECT
2025-12-22 18:49:06,0,/home/kkarthikeyan/deep-learning/DeepLearningProject/Synthetic-Data/vlm_levels/level_0/images/00001_b.png,PRIMARY,right_of,Is the cyan square to the right of the green star?,no,yes,INCORRECT
2025-12-22 18:49:07,0,/home/kkarthikeyan/deep-learning/DeepLearningProject/Synthetic-Data/vlm_levels/level_0/images/00019_b.png,PRIMARY,below,Is the pink square below the orange triangle?,yes,yes,CORRECT
2025-12-22 18:49:07,0,/home/kkarthikeyan/deep-learning/DeepLearningProject/Synthetic-Data/vlm_levels/level_0/images/00019_b.png,PRIMARY,above,Is the orange triangle above the pink square?,yes,yes,CORRECT
2025-12-22 18:49:07,0,/home/kkarthikeyan/deep-learning/DeepLearningProject/Synthetic-Data/vlm_levels/level_0/images/00019_b.png,PRIMARY,right_of,Is the pink square right of the orange triangle?,no,yes,INCORRECT
2025-12-22 18:49:07,0,/home/kkarthikeyan/deep-learning/DeepLearningProject/Synthetic-Data/vlm_levels/level_0/images/00019_b.png,ADVANCED,inside,Is the pink square enclosed by the orange triangle?,no,yes,INCORRECT
2025-12-22 18:49:08,0,/home/kkarthikeyan/deep-learning/DeepLearningProject/Synthetic-Data/vlm_levels/level_0/images/00019_b.png,PRIMARY,left_of,Is the orange triangle left of the pink square?,no,yes,INCORRECT
2025-12-22 18:49:08,0,/home/kkarthikeyan/deep-learning/DeepLearningProject/Synthetic-Data/vlm_levels/level_0/images/00019_b.png,PRIMARY,right_of,Is the orange triangle right of the pink square?,no,yes,INCORRECT
2025-12-22 18:49:08,0,/home/kkarthikeyan/deep-learning/DeepLearningProject/Synthetic-Data/vlm_levels/level_0/images/00019_b.png,PRIMARY,right_of,Is the pink square to the right of the orange triangle?,no,yes,INCORRECT
2025-12-22 18:49:08,0,/home/kkarthikeyan/deep-learning/DeepLearningProject/Synthetic-Data/vlm_levels/level_0/images/00019_b.png,PRIMARY,below,Is the orange triangle below the pink square?,no,yes,INCORRECT
2025-12-22 18:49:09,0,/home/kkarthikeyan/deep-learning/DeepLearningProject/Synthetic-Data/vlm_levels/level_0/images/00013_b.png,PRIMARY,left_of,Is the orange star to the left of the green star?,yes,yes,CORRECT
2025-12-22 18:49:09,0,/home/kkarthikeyan/deep-learning/DeepLearningProject/Synthetic-Data/vlm_levels/level_0/images/00013_b.png,PRIMARY,right_of,Is the green star right of the orange star?,yes,yes,CORRECT
2025-12-22 18:49:09,0,/home/kkarthikeyan/deep-learning/DeepLearningProject/Synthetic-Data/vlm_levels/level_0/images/00013_b.png,PRIMARY,right_of,Is the green star to the right of the orange star?,yes,yes,CORRECT
2025-12-22 18:49:09,0,/home/kkarthikeyan/deep-learning/DeepLearningProject/Synthetic-Data/vlm_levels/level_0/images/00013_b.png,PRIMARY,left_of,Is the orange star left of the green star?,yes,yes,CORRECT
2025-12-22 18:49:10,0,/home/kkarthikeyan/deep-learning/DeepLearningProject/Synthetic-Data/vlm_levels/level_0/images/00013_b.png,PRIMARY,above,Is the orange star above the green star?,no,yes,INCORRECT
2025-12-22 18:49:10,0,/home/kkarthikeyan/deep-learning/DeepLearningProject/Synthetic-Data/vlm_levels/level_0/images/00013_b.png,PRIMARY,right_of,Is the orange star right of the green star?,no,yes,INCORRECT
2025-12-22 18:49:10,0,/home/kkarthikeyan/deep-learning/DeepLearningProject/Synthetic-Data/vlm_levels/level_0/images/00013_b.png,ADVANCED,inside,Is the green star fully inside the orange star?,no,yes,INCORRECT
2025-12-22 18:49:10,0,/home/kkarthikeyan/deep-learning/DeepLearningProject/Synthetic-Data/vlm_levels/level_0/images/00013_b.png,PRIMARY,below,Is the orange star below the green star?,no,yes,INCORRECT
2025-12-22 18:49:11,0,/home/kkarthikeyan/deep-learning/DeepLearningProject/Synthetic-Data/vlm_levels/level_0/images/00013_b.png,ADVANCED,touching,Is the green star touching the orange star?,no,yes,INCORRECT
2025-12-22 18:49:11,0,/home/kkarthikeyan/deep-learning/DeepLearningProject/Synthetic-Data/vlm_levels/level_0/images/00004_b.png,PRIMARY,right_of,Is the lime circle to the right of the red circle?,yes,yes,CORRECT
2025-12-22 18:49:11,0,/home/kkarthikeyan/deep-learning/DeepLearningProject/Synthetic-Data/vlm_levels/level_0/images/00004_b.png,PRIMARY,left_of,Is the red circle left of the lime circle?,yes,yes,CORRECT
2025-12-22 18:49:11,0,/home/kkarthikeyan/deep-learning/DeepLearningProject/Synthetic-Data/vlm_levels/level_0/images/00004_b.png,PRIMARY,right_of,Is the lime circle right of the red circle?,yes,yes,CORRECT
2025-12-22 18:49:12,0,/home/kkarthikeyan/deep-learning/DeepLearningProject/Synthetic-Data/vlm_levels/level_0/images/00004_b.png,ADVANCED,overlapping,Is the lime circle overlapping with the red circle?,no,yes,INCORRECT
2025-12-22 18:49:12,0,/home/kkarthikeyan/deep-learning/DeepLearningProject/Synthetic-Data/vlm_levels/level_0/images/00004_b.png,PRIMARY,left_of,Is the lime circle left of the red circle?,no,yes,INCORRECT
2025-12-22 18:49:12,0,/home/kkarthikeyan/deep-learning/DeepLearningProject/Synthetic-Data/vlm_levels/level_0/images/00004_b.png,PRIMARY,above,Is the lime circle above the red circle?,no,yes,INCORRECT
2025-12-22 18:49:12,0,/home/kkarthikeyan/deep-learning/DeepLearningProject/Synthetic-Data/vlm_levels/level_0/images/00004_b.png,PRIMARY,below,Is the red circle below the lime circle?,no,yes,INCORRECT
2025-12-22 18:49:13,0,/home/kkarthikeyan/deep-learning/DeepLearningProject/Synthetic-Data/vlm_levels/level_0/images/00016_b.png,PRIMARY,right_of,Is the purple star right of the blue square?,yes,yes,CORRECT
2025-12-22 18:49:13,0,/home/kkarthikeyan/deep-learning/DeepLearningProject/Synthetic-Data/vlm_levels/level_0/images/00016_b.png,PRIMARY,left_of,Is the blue square left of the purple star?,yes,yes,CORRECT
2025-12-22 18:49:13,0,/home/kkarthikeyan/deep-learning/DeepLearningProject/Synthetic-Data/vlm_levels/level_0/images/00016_b.png,PRIMARY,left_of,Is the blue square to the left of the purple star?,yes,yes,CORRECT
2025-12-22 18:49:13,0,/home/kkarthikeyan/deep-learning/DeepLearningProject/Synthetic-Data/vlm_levels/level_0/images/00016_b.png,PRIMARY,below,Is the blue square below the purple star?,no,yes,INCORRECT
2025-12-22 18:49:14,0,/home/kkarthikeyan/deep-learning/DeepLearningProject/Synthetic-Data/vlm_levels/level_0/images/00016_b.png,ADVANCED,overlapping,Is the blue square overlapping with the purple star?,no,yes,INCORRECT
2025-12-22 18:49:14,0,/home/kkarthikeyan/deep-learning/DeepLearningProject/Synthetic-Data/vlm_levels/level_0/images/00016_b.png,ADVANCED,touching,Is the blue square touching the purple star?,no,yes,INCORRECT
2025-12-22 18:49:14,0,/home/kkarthikeyan/deep-learning/DeepLearningProject/Synthetic-Data/vlm_levels/level_0/images/00016_b.png,PRIMARY,above,Is the purple star above the blue square?,no,yes,INCORRECT
2025-12-22 18:49:14,0,/home/kkarthikeyan/deep-learning/DeepLearningProject/Synthetic-Data/vlm_levels/level_0/images/00016_b.png,ADVANCED,inside,Is the blue square enclosed by the purple star?,no,yes,INCORRECT
2025-12-22 18:49:15,0,/home/kkarthikeyan/deep-learning/DeepLearningProject/Synthetic-Data/vlm_levels/level_0/images/00016_b.png,ADVANCED,inside,Is the purple star contained within the blue square?,no,yes,INCORRECT
2025-12-22 18:49:15,0,/home/kkarthikeyan/deep-learning/DeepLearningProject/Synthetic-Data/vlm_levels/level_0/images/00015_b.png,PRIMARY,left_of,Is the red triangle left of the yellow star?,yes,yes,CORRECT
2025-12-22 18:49:15,0,/home/kkarthikeyan/deep-learning/DeepLearningProject/Synthetic-Data/vlm_levels/level_0/images/00015_b.png,PRIMARY,right_of,Is the yellow star right of the red triangle?,yes,yes,CORRECT
2025-12-22 18:49:15,0,/home/kkarthikeyan/deep-learning/DeepLearningProject/Synthetic-Data/vlm_levels/level_0/images/00015_b.png,PRIMARY,left_of,Is the red triangle to the left of the yellow star?,yes,yes,CORRECT
2025-12-22 18:49:16,0,/home/kkarthikeyan/deep-learning/DeepLearningProject/Synthetic-Data/vlm_levels/level_0/images/00015_b.png,PRIMARY,right_of,Is the red triangle right of the yellow star?,no,yes,INCORRECT
2025-12-22 18:49:16,0,/home/kkarthikeyan/deep-learning/DeepLearningProject/Synthetic-Data/vlm_levels/level_0/images/00015_b.png,PRIMARY,left_of,Is the yellow star left of the red triangle?,no,yes,INCORRECT
2025-12-22 18:49:16,0,/home/kkarthikeyan/deep-learning/DeepLearningProject/Synthetic-Data/vlm_levels/level_0/images/00015_b.png,PRIMARY,below,Is the red triangle below the yellow star?,no,yes,INCORRECT
2025-12-22 18:49:16,0,/home/kkarthikeyan/deep-learning/DeepLearningProject/Synthetic-Data/vlm_levels/level_0/images/00015_b.png,PRIMARY,below,Is the yellow star below the red triangle?,no,yes,INCORRECT
2025-12-22 18:49:17,0,/home/kkarthikeyan/deep-learning/DeepLearningProject/Synthetic-Data/vlm_levels/level_0/images/00015_b.png,ADVANCED,overlapping,Is the red triangle overlapping with the yellow star?,no,yes,INCORRECT
2025-12-22 18:49:17,0,/home/kkarthikeyan/deep-learning/DeepLearningProject/Synthetic-Data/vlm_levels/level_0/images/00015_b.png,ADVANCED,overlapping,Is the red triangle partially covering the yellow star?,no,yes,INCORRECT
2025-12-22 18:49:17,0,/home/kkarthikeyan/deep-learning/DeepLearningProject/Synthetic-Data/vlm_levels/level_0/images/00002_w.png,PRIMARY,below,Is the pink star below the green triangle?,yes,yes,CORRECT
2025-12-22 18:49:17,0,/home/kkarthikeyan/deep-learning/DeepLearningProject/Synthetic-Data/vlm_levels/level_0/images/00002_w.png,PRIMARY,above,Is the green triangle above the pink star?,yes,yes,CORRECT
2025-12-22 18:49:18,0,/home/kkarthikeyan/deep-learning/DeepLearningProject/Synthetic-Data/vlm_levels/level_0/images/00002_w.png,PRIMARY,right_of,Is the green triangle to the right of the pink star?,no,yes,INCORRECT
2025-12-22 18:49:18,0,/home/kkarthikeyan/deep-learning/DeepLearningProject/Synthetic-Data/vlm_levels/level_0/images/00002_w.png,PRIMARY,above,Is the pink star above the green triangle?,no,yes,INCORRECT
2025-12-22 18:49:18,0,/home/kkarthikeyan/deep-learning/DeepLearningProject/Synthetic-Data/vlm_levels/level_0/images/00002_w.png,ADVANCED,inside,Is the pink star contained within the green triangle?,no,yes,INCORRECT
2025-12-22 18:49:18,0,/home/kkarthikeyan/deep-learning/DeepLearningProject/Synthetic-Data/vlm_levels/level_0/images/00002_w.png,ADVANCED,inside,Is the pink star enclosed by the green triangle?,no,yes,INCORRECT
2025-12-22 18:49:19,0,/home/kkarthikeyan/deep-learning/DeepLearningProject/Synthetic-Data/vlm_levels/level_0/images/00002_w.png,PRIMARY,left_of,Is the pink star to the left of the green triangle?,no,yes,INCORRECT
2025-12-22 18:49:19,0,/home/kkarthikeyan/deep-learning/DeepLearningProject/Synthetic-Data/vlm_levels/level_0/images/00002_w.png,PRIMARY,right_of,Is the pink star right of the green triangle?,no,yes,INCORRECT
2025-12-22 18:49:19,0,/home/kkarthikeyan/deep-learning/DeepLearningProject/Synthetic-Data/vlm_levels/level_0/images/00006_b.png,PRIMARY,below,Is the purple square below the lime square?,yes,yes,CORRECT
2025-12-22 18:49:19,0,/home/kkarthikeyan/deep-learning/DeepLearningProject/Synthetic-Data/vlm_levels/level_0/images/00006_b.png,PRIMARY,above,Is the lime square above the purple square?,yes,yes,CORRECT
2025-12-22 18:49:20,0,/home/kkarthikeyan/deep-learning/DeepLearningProject/Synthetic-Data/vlm_levels/level_0/images/00006_b.png,PRIMARY,right_of,Is the purple square right of the lime square?,no,yes,INCORRECT
2025-12-22 18:49:20,0,/home/kkarthikeyan/deep-learning/DeepLearningProject/Synthetic-Data/vlm_levels/level_0/images/00006_b.png,PRIMARY,right_of,Is the purple square to the right of the lime square?,no,yes,INCORRECT
2025-12-22 18:49:20,0,/home/kkarthikeyan/deep-learning/DeepLearningProject/Synthetic-Data/vlm_levels/level_0/images/00006_b.png,PRIMARY,above,Is the purple square above the lime square?,no,yes,INCORRECT
2025-12-22 18:49:20,0,/home/kkarthikeyan/deep-learning/DeepLearningProject/Synthetic-Data/vlm_levels/level_0/images/00006_b.png,ADVANCED,touching,Is the purple square touching the lime square?,no,yes,INCORRECT
2025-12-22 18:49:21,0,/home/kkarthikeyan/deep-learning/DeepLearningProject/Synthetic-Data/vlm_levels/level_0/images/00006_b.png,ADVANCED,overlapping,Is the purple square overlapping with the lime square?,no,yes,INCORRECT
2025-12-22 18:49:21,0,/home/kkarthikeyan/deep-learning/DeepLearningProject/Synthetic-Data/vlm_levels/level_0/images/00006_b.png,PRIMARY,below,Is the lime square below the purple square?,no,yes,INCORRECT
2025-12-22 18:49:21,0,/home/kkarthikeyan/deep-learning/DeepLearningProject/Synthetic-Data/vlm_levels/level_0/images/00005_b.png,PRIMARY,right_of,Is the purple circle right of the lime triangle?,yes,yes,CORRECT
2025-12-22 18:49:21,0,/home/kkarthikeyan/deep-learning/DeepLearningProject/Synthetic-Data/vlm_levels/level_0/images/00005_b.png,PRIMARY,left_of,Is the lime triangle left of the purple circle?,yes,yes,CORRECT
2025-12-22 18:49:22,0,/home/kkarthikeyan/deep-learning/DeepLearningProject/Synthetic-Data/vlm_levels/level_0/images/00005_b.png,PRIMARY,right_of,Is the purple circle to the right of the lime triangle?,yes,yes,CORRECT
2025-12-22 18:49:22,0,/home/kkarthikeyan/deep-learning/DeepLearningProject/Synthetic-Data/vlm_levels/level_0/images/00005_b.png,PRIMARY,above,Is the purple circle above the lime triangle?,no,yes,INCORRECT
2025-12-22 18:49:22,0,/home/kkarthikeyan/deep-learning/DeepLearningProject/Synthetic-Data/vlm_levels/level_0/images/00005_b.png,ADVANCED,touching,Is the lime triangle touching the purple circle?,no,yes,INCORRECT
2025-12-22 18:49:22,0,/home/kkarthikeyan/deep-learning/DeepLearningProject/Synthetic-Data/vlm_levels/level_0/images/00005_b.png,PRIMARY,below,Is the purple circle below the lime triangle?,no,yes,INCORRECT
2025-12-22 18:49:23,0,/home/kkarthikeyan/deep-learning/DeepLearningProject/Synthetic-Data/vlm_levels/level_0/images/00005_b.png,ADVANCED,overlapping,Is the purple circle overlapping with the lime triangle?,no,yes,INCORRECT
2025-12-22 18:49:23,0,/home/kkarthikeyan/deep-learning/DeepLearningProject/Synthetic-Data/vlm_levels/level_0/images/00005_b.png,ADVANCED,overlapping,Is the lime triangle partially covering the purple circle?,no,yes,INCORRECT
2025-12-22 18:49:23,0,/home/kkarthikeyan/deep-learning/DeepLearningProject/Synthetic-Data/vlm_levels/level_0/images/00002_b.png,PRIMARY,below,Is the pink star below the green triangle?,yes,yes,CORRECT
2025-12-22 18:49:24,0,/home/kkarthikeyan/deep-learning/DeepLearningProject/Synthetic-Data/vlm_levels/level_0/images/00002_b.png,PRIMARY,above,Is the green triangle above the pink star?,yes,yes,CORRECT
2025-12-22 18:49:24,0,/home/kkarthikeyan/deep-learning/DeepLearningProject/Synthetic-Data/vlm_levels/level_0/images/00002_b.png,PRIMARY,right_of,Is the pink star right of the green triangle?,no,yes,INCORRECT
2025-12-22 18:49:24,0,/home/kkarthikeyan/deep-learning/DeepLearningProject/Synthetic-Data/vlm_levels/level_0/images/00002_b.png,ADVANCED,inside,Is the pink star fully inside the green triangle?,no,no,CORRECT
2025-12-22 18:49:24,0,/home/kkarthikeyan/deep-learning/DeepLearningProject/Synthetic-Data/vlm_levels/level_0/images/00002_b.png,ADVANCED,inside,Is the green triangle enclosed by the pink star?,no,yes,INCORRECT
2025-12-22 18:49:25,0,/home/kkarthikeyan/deep-learning/DeepLearningProject/Synthetic-Data/vlm_levels/level_0/images/00002_b.png,PRIMARY,left_of,Is the pink star left of the green triangle?,no,yes,INCORRECT
2025-12-22 18:49:25,0,/home/kkarthikeyan/deep-learning/DeepLearningProject/Synthetic-Data/vlm_levels/level_0/images/00002_b.png,PRIMARY,right_of,Is the pink star to the right of the green triangle?,no,yes,INCORRECT
2025-12-22 18:49:25,0,/home/kkarthikeyan/deep-learning/DeepLearningProject/Synthetic-Data/vlm_levels/level_0/images/00002_b.png,PRIMARY,above,Is the pink star above the green triangle?,no,yes,INCORRECT
2025-12-22 18:49:25,0,/home/kkarthikeyan/deep-learning/DeepLearningProject/Synthetic-Data/vlm_levels/level_0/images/00018_w.png,PRIMARY,below,Is the purple star below the cyan square?,yes,yes,CORRECT
2025-12-22 18:49:26,0,/home/kkarthikeyan/deep-learning/DeepLearningProject/Synthetic-Data/vlm_levels/level_0/images/00018_w.png,PRIMARY,above,Is the cyan square above the purple star?,yes,yes,CORRECT
2025-12-22 18:49:26,0,/home/kkarthikeyan/deep-learning/DeepLearningProject/Synthetic-Data/vlm_levels/level_0/images/00018_w.png,PRIMARY,right_of,Is the cyan square to the right of the purple star?,no,yes,INCORRECT
2025-12-22 18:49:26,0,/home/kkarthikeyan/deep-learning/DeepLearningProject/Synthetic-Data/vlm_levels/level_0/images/00018_w.png,ADVANCED,overlapping,Is the cyan square partially covering the purple star?,no,yes,INCORRECT
2025-12-22 18:49:26,0,/home/kkarthikeyan/deep-learning/DeepLearningProject/Synthetic-Data/vlm_levels/level_0/images/00018_w.png,PRIMARY,left_of,Is the purple star to the left of the cyan square?,no,yes,INCORRECT
2025-12-22 18:49:27,0,/home/kkarthikeyan/deep-learning/DeepLearningProject/Synthetic-Data/vlm_levels/level_0/images/00018_w.png,PRIMARY,left_of,Is the cyan square left of the purple star?,no,yes,INCORRECT
2025-12-22 18:49:27,0,/home/kkarthikeyan/deep-learning/DeepLearningProject/Synthetic-Data/vlm_levels/level_0/images/00018_w.png,ADVANCED,inside,Is the purple star fully inside the cyan square?,no,yes,INCORRECT
2025-12-22 18:49:27,0,/home/kkarthikeyan/deep-learning/DeepLearningProject/Synthetic-Data/vlm_levels/level_0/images/00017_w.png,PRIMARY,right_of,Is the purple star to the right of the red star?,yes,yes,CORRECT
2025-12-22 18:49:27,0,/home/kkarthikeyan/deep-learning/DeepLearningProject/Synthetic-Data/vlm_levels/level_0/images/00017_w.png,PRIMARY,left_of,Is the red star to the left of the purple star?,yes,yes,CORRECT
2025-12-22 18:49:28,0,/home/kkarthikeyan/deep-learning/DeepLearningProject/Synthetic-Data/vlm_levels/level_0/images/00017_w.png,PRIMARY,left_of,Is the red star left of the purple star?,yes,yes,CORRECT
2025-12-22 18:49:28,0,/home/kkarthikeyan/deep-learning/DeepLearningProject/Synthetic-Data/vlm_levels/level_0/images/00017_w.png,PRIMARY,right_of,Is the purple star right of the red star?,yes,yes,CORRECT
2025-12-22 18:49:28,0,/home/kkarthikeyan/deep-learning/DeepLearningProject/Synthetic-Data/vlm_levels/level_0/images/00017_w.png,PRIMARY,above,Is the purple star above the red star?,no,yes,INCORRECT
2025-12-22 18:49:28,0,/home/kkarthikeyan/deep-learning/DeepLearningProject/Synthetic-Data/vlm_levels/level_0/images/00017_w.png,PRIMARY,below,Is the purple star below the red star?,no,yes,INCORRECT
2025-12-22 18:49:29,0,/home/kkarthikeyan/deep-learning/DeepLearningProject/Synthetic-Data/vlm_levels/level_0/images/00017_w.png,PRIMARY,right_of,Is the red star to the right of the purple star?,no,yes,INCORRECT
2025-12-22 18:49:29,0,/home/kkarthikeyan/deep-learning/DeepLearningProject/Synthetic-Data/vlm_levels/level_0/images/00017_w.png,ADVANCED,overlapping,Is the red star overlapping with the purple star?,no,yes,INCORRECT
2025-12-22 18:49:29,0,/home/kkarthikeyan/deep-learning/DeepLearningProject/Synthetic-Data/vlm_levels/level_0/images/00017_b.png,PRIMARY,left_of,Is the red star to the left of the purple star?,yes,yes,CORRECT
2025-12-22 18:49:29,0,/home/kkarthikeyan/deep-learning/DeepLearningProject/Synthetic-Data/vlm_levels/level_0/images/00017_b.png,PRIMARY,right_of,Is the purple star right of the red star?,yes,yes,CORRECT
2025-12-22 18:49:30,0,/home/kkarthikeyan/deep-learning/DeepLearningProject/Synthetic-Data/vlm_levels/level_0/images/00017_b.png,ADVANCED,overlapping,Is the purple star overlapping with the red star?,no,yes,INCORRECT
2025-12-22 18:49:30,0,/home/kkarthikeyan/deep-learning/DeepLearningProject/Synthetic-Data/vlm_levels/level_0/images/00017_b.png,PRIMARY,below,Is the purple star below the red star?,no,yes,INCORRECT
2025-12-22 18:49:30,0,/home/kkarthikeyan/deep-learning/DeepLearningProject/Synthetic-Data/vlm_levels/level_0/images/00017_b.png,ADVANCED,inside,Is the purple star fully inside the red star?,no,yes,INCORRECT
2025-12-22 18:49:30,0,/home/kkarthikeyan/deep-learning/DeepLearningProject/Synthetic-Data/vlm_levels/level_0/images/00017_b.png,PRIMARY,below,Is the red star below the purple star?,no,yes,INCORRECT
2025-12-22 18:49:31,0,/home/kkarthikeyan/deep-learning/DeepLearningProject/Synthetic-Data/vlm_levels/level_0/images/00017_b.png,ADVANCED,touching,Is the red star touching the purple star?,no,yes,INCORRECT
2025-12-22 18:49:31,0,/home/kkarthikeyan/deep-learning/DeepLearningProject/Synthetic-Data/vlm_levels/level_0/images/00017_b.png,ADVANCED,inside,Is the red star contained within the purple star?,no,yes,INCORRECT
2025-12-22 18:49:31,0,/home/kkarthikeyan/deep-learning/DeepLearningProject/Synthetic-Data/vlm_levels/level_0/images/00003_w.png,PRIMARY,below,Is the lime star below the green square?,yes,yes,CORRECT
2025-12-22 18:49:31,0,/home/kkarthikeyan/deep-learning/DeepLearningProject/Synthetic-Data/vlm_levels/level_0/images/00003_w.png,PRIMARY,above,Is the green square above the lime star?,yes,yes,CORRECT
2025-12-22 18:49:32,0,/home/kkarthikeyan/deep-learning/DeepLearningProject/Synthetic-Data/vlm_levels/level_0/images/00003_w.png,PRIMARY,below,Is the green square below the lime star?,no,yes,INCORRECT
2025-12-22 18:49:32,0,/home/kkarthikeyan/deep-learning/DeepLearningProject/Synthetic-Data/vlm_levels/level_0/images/00003_w.png,ADVANCED,touching,Is the green square touching the lime star?,no,yes,INCORRECT
2025-12-22 18:49:32,0,/home/kkarthikeyan/deep-learning/DeepLearningProject/Synthetic-Data/vlm_levels/level_0/images/00003_w.png,ADVANCED,overlapping,Is the lime star overlapping with the green square?,no,yes,INCORRECT
2025-12-22 18:49:32,0,/home/kkarthikeyan/deep-learning/DeepLearningProject/Synthetic-Data/vlm_levels/level_0/images/00003_w.png,PRIMARY,above,Is the lime star above the green square?,no,yes,INCORRECT
2025-12-22 18:49:33,0,/home/kkarthikeyan/deep-learning/DeepLearningProject/Synthetic-Data/vlm_levels/level_0/images/00012_w.png,PRIMARY,left_of,Is the blue square left of the lime square?,yes,yes,CORRECT
2025-12-22 18:49:33,0,/home/kkarthikeyan/deep-learning/DeepLearningProject/Synthetic-Data/vlm_levels/level_0/images/00012_w.png,PRIMARY,right_of,Is the lime square to the right of the blue square?,yes,yes,CORRECT
2025-12-22 18:49:33,0,/home/kkarthikeyan/deep-learning/DeepLearningProject/Synthetic-Data/vlm_levels/level_0/images/00012_w.png,PRIMARY,right_of,Is the lime square right of the blue square?,yes,yes,CORRECT
2025-12-22 18:49:33,0,/home/kkarthikeyan/deep-learning/DeepLearningProject/Synthetic-Data/vlm_levels/level_0/images/00012_w.png,PRIMARY,left_of,Is the blue square to the left of the lime square?,yes,yes,CORRECT
2025-12-22 18:49:34,0,/home/kkarthikeyan/deep-learning/DeepLearningProject/Synthetic-Data/vlm_levels/level_0/images/00012_w.png,PRIMARY,right_of,Is the blue square right of the lime square?,no,yes,INCORRECT
2025-12-22 18:49:34,0,/home/kkarthikeyan/deep-learning/DeepLearningProject/Synthetic-Data/vlm_levels/level_0/images/00012_w.png,PRIMARY,left_of,Is the lime square left of the blue square?,no,yes,INCORRECT
2025-12-22 18:49:34,0,/home/kkarthikeyan/deep-learning/DeepLearningProject/Synthetic-Data/vlm_levels/level_0/images/00012_w.png,ADVANCED,overlapping,Is the lime square partially covering the blue square?,no,yes,INCORRECT
2025-12-22 18:49:34,0,/home/kkarthikeyan/deep-learning/DeepLearningProject/Synthetic-Data/vlm_levels/level_0/images/00012_w.png,PRIMARY,above,Is the blue square above the lime square?,no,yes,INCORRECT
2025-12-22 18:49:35,0,/home/kkarthikeyan/deep-learning/DeepLearningProject/Synthetic-Data/vlm_levels/level_0/images/00012_w.png,PRIMARY,above,Is the lime square above the blue square?,no,yes,INCORRECT
2025-12-22 18:49:35,0,/home/kkarthikeyan/deep-learning/DeepLearningProject/Synthetic-Data/vlm_levels/level_0/images/00012_w.png,PRIMARY,right_of,Is the blue square to the right of the lime square?,no,yes,INCORRECT
2025-12-22 18:49:35,1,/home/kkarthikeyan/deep-learning/DeepLearningProject/Synthetic-Data/vlm_levels/level_1/images/00007_w.png,PRIMARY,below,Is the blue triangle below the lime circle?,yes,yes,CORRECT
2025-12-22 18:49:35,1,/home/kkarthikeyan/deep-learning/DeepLearningProject/Synthetic-Data/vlm_levels/level_1/images/00007_w.png,PRIMARY,above,Is the lime circle above the blue triangle?,yes,yes,CORRECT
2025-12-22 18:49:36,1,/home/kkarthikeyan/deep-learning/DeepLearningProject/Synthetic-Data/vlm_levels/level_1/images/00007_w.png,PRIMARY,right_of,Is the lime circle to the right of the blue triangle?,no,yes,INCORRECT
2025-12-22 18:49:36,1,/home/kkarthikeyan/deep-learning/DeepLearningProject/Synthetic-Data/vlm_levels/level_1/images/00007_w.png,PRIMARY,right_of,Is the lime circle right of the blue triangle?,no,yes,INCORRECT
2025-12-22 18:49:36,1,/home/kkarthikeyan/deep-learning/DeepLearningProject/Synthetic-Data/vlm_levels/level_1/images/00007_w.png,PRIMARY,left_of,Is the lime circle to the left of the blue triangle?,no,yes,INCORRECT
2025-12-22 18:49:36,1,/home/kkarthikeyan/deep-learning/DeepLearningProject/Synthetic-Data/vlm_levels/level_1/images/00007_w.png,ADVANCED,overlapping,Is the lime circle overlapping with the blue triangle?,no,yes,INCORRECT
2025-12-22 18:49:37,1,/home/kkarthikeyan/deep-learning/DeepLearningProject/Synthetic-Data/vlm_levels/level_1/images/00007_w.png,PRIMARY,below,Is the lime circle below the blue triangle?,no,yes,INCORRECT
2025-12-22 18:49:37,1,/home/kkarthikeyan/deep-learning/DeepLearningProject/Synthetic-Data/vlm_levels/level_1/images/00007_w.png,ADVANCED,overlapping,Is the blue triangle partially covering the lime circle?,no,yes,INCORRECT
2025-12-22 18:49:37,1,/home/kkarthikeyan/deep-learning/DeepLearningProject/Synthetic-Data/vlm_levels/level_1/images/00016_w.png,PRIMARY,left_of,Is the purple star to the left of the cyan triangle?,yes,yes,CORRECT
2025-12-22 18:49:37,1,/home/kkarthikeyan/deep-learning/DeepLearningProject/Synthetic-Data/vlm_levels/level_1/images/00016_w.png,PRIMARY,right_of,Is the cyan triangle right of the purple star?,yes,yes,CORRECT
2025-12-22 18:49:38,1,/home/kkarthikeyan/deep-learning/DeepLearningProject/Synthetic-Data/vlm_levels/level_1/images/00016_w.png,PRIMARY,right_of,Is the purple star to the right of the cyan triangle?,no,yes,INCORRECT
2025-12-22 18:49:38,1,/home/kkarthikeyan/deep-learning/DeepLearningProject/Synthetic-Data/vlm_levels/level_1/images/00016_w.png,ADVANCED,inside,Is the purple star fully inside the cyan triangle?,no,no,CORRECT
2025-12-22 18:49:38,1,/home/kkarthikeyan/deep-learning/DeepLearningProject/Synthetic-Data/vlm_levels/level_1/images/00016_w.png,PRIMARY,right_of,Is the purple star right of the cyan triangle?,no,yes,INCORRECT
2025-12-22 18:49:38,1,/home/kkarthikeyan/deep-learning/DeepLearningProject/Synthetic-Data/vlm_levels/level_1/images/00016_w.png,PRIMARY,below,Is the cyan triangle below the purple star?,no,yes,INCORRECT
2025-12-22 18:49:39,1,/home/kkarthikeyan/deep-learning/DeepLearningProject/Synthetic-Data/vlm_levels/level_1/images/00016_w.png,ADVANCED,inside,Is the cyan triangle enclosed by the purple star?,no,yes,INCORRECT
2025-12-22 18:49:39,1,/home/kkarthikeyan/deep-learning/DeepLearningProject/Synthetic-Data/vlm_levels/level_1/images/00010_b.png,PRIMARY,below,Is the blue star below the green triangle?,yes,yes,CORRECT
2025-12-22 18:49:39,1,/home/kkarthikeyan/deep-learning/DeepLearningProject/Synthetic-Data/vlm_levels/level_1/images/00010_b.png,PRIMARY,above,Is the green triangle above the blue star?,yes,yes,CORRECT
2025-12-22 18:49:40,1,/home/kkarthikeyan/deep-learning/DeepLearningProject/Synthetic-Data/vlm_levels/level_1/images/00010_b.png,PRIMARY,right_of,Is the blue star right of the green triangle?,no,yes,INCORRECT
2025-12-22 18:49:40,1,/home/kkarthikeyan/deep-learning/DeepLearningProject/Synthetic-Data/vlm_levels/level_1/images/00010_b.png,PRIMARY,above,Is the blue star above the green triangle?,no,yes,INCORRECT
2025-12-22 18:49:40,1,/home/kkarthikeyan/deep-learning/DeepLearningProject/Synthetic-Data/vlm_levels/level_1/images/00010_b.png,PRIMARY,left_of,Is the blue star to the left of the green triangle?,no,yes,INCORRECT
2025-12-22 18:49:40,1,/home/kkarthikeyan/deep-learning/DeepLearningProject/Synthetic-Data/vlm_levels/level_1/images/00010_b.png,ADVANCED,overlapping,Is the green triangle overlapping with the blue star?,no,yes,INCORRECT
2025-12-22 18:49:41,1,/home/kkarthikeyan/deep-learning/DeepLearningProject/Synthetic-Data/vlm_levels/level_1/images/00010_b.png,PRIMARY,right_of,Is the green triangle to the right of the blue star?,no,yes,INCORRECT
2025-12-22 18:49:41,1,/home/kkarthikeyan/deep-learning/DeepLearningProject/Synthetic-Data/vlm_levels/level_1/images/00010_b.png,PRIMARY,left_of,Is the green triangle left of the blue star?,no,yes,INCORRECT
2025-12-22 18:49:41,1,/home/kkarthikeyan/deep-learning/DeepLearningProject/Synthetic-Data/vlm_levels/level_1/images/00018_b.png,PRIMARY,right_of,Is the green circle to the right of the blue triangle?,yes,yes,CORRECT
2025-12-22 18:49:41,1,/home/kkarthikeyan/deep-learning/DeepLearningProject/Synthetic-Data/vlm_levels/level_1/images/00018_b.png,PRIMARY,left_of,Is the blue triangle to the left of the green circle?,yes,yes,CORRECT
2025-12-22 18:49:42,1,/home/kkarthikeyan/deep-learning/DeepLearningProject/Synthetic-Data/vlm_levels/level_1/images/00018_b.png,PRIMARY,left_of,Is the blue triangle left of the green circle?,yes,yes,CORRECT
2025-12-22 18:49:42,1,/home/kkarthikeyan/deep-learning/DeepLearningProject/Synthetic-Data/vlm_levels/level_1/images/00018_b.png,PRIMARY,above,Is the green circle above the blue triangle?,no,yes,INCORRECT
2025-12-22 18:49:42,1,/home/kkarthikeyan/deep-learning/DeepLearningProject/Synthetic-Data/vlm_levels/level_1/images/00018_b.png,ADVANCED,touching,Is the blue triangle touching the green circle?,no,yes,INCORRECT
2025-12-22 18:49:42,1,/home/kkarthikeyan/deep-learning/DeepLearningProject/Synthetic-Data/vlm_levels/level_1/images/00018_b.png,ADVANCED,inside,Is the blue triangle fully inside the green circle?,no,no,CORRECT
2025-12-22 18:49:43,1,/home/kkarthikeyan/deep-learning/DeepLearningProject/Synthetic-Data/vlm_levels/level_1/images/00018_b.png,PRIMARY,below,Is the green circle below the blue triangle?,no,yes,INCORRECT
2025-12-22 18:49:43,1,/home/kkarthikeyan/deep-learning/DeepLearningProject/Synthetic-Data/vlm_levels/level_1/images/00004_w.png,PRIMARY,right_of,Is the green square right of the yellow star?,yes,yes,CORRECT
2025-12-22 18:49:43,1,/home/kkarthikeyan/deep-learning/DeepLearningProject/Synthetic-Data/vlm_levels/level_1/images/00004_w.png,PRIMARY,left_of,Is the yellow star left of the green square?,yes,yes,CORRECT
2025-12-22 18:49:43,1,/home/kkarthikeyan/deep-learning/DeepLearningProject/Synthetic-Data/vlm_levels/level_1/images/00004_w.png,PRIMARY,left_of,Is the yellow star to the left of the green square?,yes,yes,CORRECT
2025-12-22 18:49:44,1,/home/kkarthikeyan/deep-learning/DeepLearningProject/Synthetic-Data/vlm_levels/level_1/images/00004_w.png,PRIMARY,right_of,Is the yellow star to the right of the green square?,no,yes,INCORRECT
2025-12-22 18:49:44,1,/home/kkarthikeyan/deep-learning/DeepLearningProject/Synthetic-Data/vlm_levels/level_1/images/00004_w.png,PRIMARY,above,Is the green square above the yellow star?,no,yes,INCORRECT
2025-12-22 18:49:44,1,/home/kkarthikeyan/deep-learning/DeepLearningProject/Synthetic-Data/vlm_levels/level_1/images/00004_w.png,PRIMARY,right_of,Is the yellow star right of the green square?,no,yes,INCORRECT
2025-12-22 18:49:44,1,/home/kkarthikeyan/deep-learning/DeepLearningProject/Synthetic-Data/vlm_levels/level_1/images/00004_w.png,ADVANCED,touching,Is the green square touching the yellow star?,no,yes,INCORRECT
2025-12-22 18:49:45,1,/home/kkarthikeyan/deep-learning/DeepLearningProject/Synthetic-Data/vlm_levels/level_1/images/00004_w.png,ADVANCED,overlapping,Is the yellow star partially covering the green square?,no,yes,INCORRECT
2025-12-22 18:49:45,1,/home/kkarthikeyan/deep-learning/DeepLearningProject/Synthetic-Data/vlm_levels/level_1/images/00008_w.png,PRIMARY,below,Is the red triangle below the purple circle?,yes,yes,CORRECT
2025-12-22 18:49:45,1,/home/kkarthikeyan/deep-learning/DeepLearningProject/Synthetic-Data/vlm_levels/level_1/images/00008_w.png,PRIMARY,above,Is the purple circle above the red triangle?,yes,yes,CORRECT
2025-12-22 18:49:45,1,/home/kkarthikeyan/deep-learning/DeepLearningProject/Synthetic-Data/vlm_levels/level_1/images/00008_w.png,PRIMARY,above,Is the red triangle above the purple circle?,no,yes,INCORRECT
2025-12-22 18:49:46,1,/home/kkarthikeyan/deep-learning/DeepLearningProject/Synthetic-Data/vlm_levels/level_1/images/00008_w.png,PRIMARY,left_of,Is the purple circle to the left of the red triangle?,no,yes,INCORRECT
2025-12-22 18:49:46,1,/home/kkarthikeyan/deep-learning/DeepLearningProject/Synthetic-Data/vlm_levels/level_1/images/00008_w.png,PRIMARY,right_of,Is the red triangle right of the purple circle?,no,yes,INCORRECT
2025-12-22 18:49:46,1,/home/kkarthikeyan/deep-learning/DeepLearningProject/Synthetic-Data/vlm_levels/level_1/images/00008_w.png,ADVANCED,touching,Is the purple circle touching the red triangle?,no,yes,INCORRECT
2025-12-22 18:49:46,1,/home/kkarthikeyan/deep-learning/DeepLearningProject/Synthetic-Data/vlm_levels/level_1/images/00015_w.png,PRIMARY,above,Is the cyan square above the lime circle?,yes,yes,CORRECT
2025-12-22 18:49:47,1,/home/kkarthikeyan/deep-learning/DeepLearningProject/Synthetic-Data/vlm_levels/level_1/images/00015_w.png,PRIMARY,below,Is the lime circle below the cyan square?,yes,yes,CORRECT
2025-12-22 18:49:47,1,/home/kkarthikeyan/deep-learning/DeepLearningProject/Synthetic-Data/vlm_levels/level_1/images/00015_w.png,PRIMARY,above,Is the lime circle above the cyan square?,no,yes,INCORRECT
2025-12-22 18:49:47,1,/home/kkarthikeyan/deep-learning/DeepLearningProject/Synthetic-Data/vlm_levels/level_1/images/00015_w.png,ADVANCED,inside,Is the lime circle enclosed by the cyan square?,no,yes,INCORRECT
2025-12-22 18:49:47,1,/home/kkarthikeyan/deep-learning/DeepLearningProject/Synthetic-Data/vlm_levels/level_1/images/00015_w.png,ADVANCED,touching,Is the cyan square touching the lime circle?,no,yes,INCORRECT
2025-12-22 18:49:48,1,/home/kkarthikeyan/deep-learning/DeepLearningProject/Synthetic-Data/vlm_levels/level_1/images/00015_w.png,PRIMARY,right_of,Is the lime circle to the right of the cyan square?,no,yes,INCORRECT
2025-12-22 18:49:48,1,/home/kkarthikeyan/deep-learning/DeepLearningProject/Synthetic-Data/vlm_levels/level_1/images/00015_w.png,ADVANCED,inside,Is the cyan square enclosed by the lime circle?,no,yes,INCORRECT
2025-12-22 18:49:48,1,/home/kkarthikeyan/deep-learning/DeepLearningProject/Synthetic-Data/vlm_levels/level_1/images/00015_w.png,ADVANCED,overlapping,Is the lime circle overlapping with the cyan square?,no,yes,INCORRECT
2025-12-22 18:49:48,1,/home/kkarthikeyan/deep-learning/DeepLearningProject/Synthetic-Data/vlm_levels/level_1/images/00013_w.png,PRIMARY,above,Is the lime star above the cyan triangle?,yes,yes,CORRECT
2025-12-22 18:49:49,1,/home/kkarthikeyan/deep-learning/DeepLearningProject/Synthetic-Data/vlm_levels/level_1/images/00013_w.png,PRIMARY,below,Is the cyan triangle below the lime star?,yes,yes,CORRECT
2025-12-22 18:49:49,1,/home/kkarthikeyan/deep-learning/DeepLearningProject/Synthetic-Data/vlm_levels/level_1/images/00013_w.png,ADVANCED,touching,Is the lime star touching the cyan triangle?,no,yes,INCORRECT
2025-12-22 18:49:49,1,/home/kkarthikeyan/deep-learning/DeepLearningProject/Synthetic-Data/vlm_levels/level_1/images/00013_w.png,PRIMARY,left_of,Is the lime star to the left of the cyan triangle?,no,yes,INCORRECT
2025-12-22 18:49:49,1,/home/kkarthikeyan/deep-learning/DeepLearningProject/Synthetic-Data/vlm_levels/level_1/images/00013_w.png,PRIMARY,right_of,Is the cyan triangle right of the lime star?,no,yes,INCORRECT
2025-12-22 18:49:50,1,/home/kkarthikeyan/deep-learning/DeepLearningProject/Synthetic-Data/vlm_levels/level_1/images/00013_w.png,ADVANCED,inside,Is the cyan triangle enclosed by the lime star?,no,yes,INCORRECT
2025-12-22 18:49:50,1,/home/kkarthikeyan/deep-learning/DeepLearningProject/Synthetic-Data/vlm_levels/level_1/images/00013_w.png,ADVANCED,overlapping,Is the lime star partially covering the cyan triangle?,no,yes,INCORRECT
2025-12-22 18:49:50,1,/home/kkarthikeyan/deep-learning/DeepLearningProject/Synthetic-Data/vlm_levels/level_1/images/00013_w.png,PRIMARY,left_of,Is the cyan triangle left of the lime star?,no,yes,INCORRECT
2025-12-22 18:49:50,1,/home/kkarthikeyan/deep-learning/DeepLearningProject/Synthetic-Data/vlm_levels/level_1/images/00008_b.png,PRIMARY,above,Is the purple circle above the red triangle?,yes,yes,CORRECT
2025-12-22 18:49:51,1,/home/kkarthikeyan/deep-learning/DeepLearningProject/Synthetic-Data/vlm_levels/level_1/images/00008_b.png,PRIMARY,below,Is the red triangle below the purple circle?,yes,yes,CORRECT
2025-12-22 18:49:51,1,/home/kkarthikeyan/deep-learning/DeepLearningProject/Synthetic-Data/vlm_levels/level_1/images/00008_b.png,PRIMARY,left_of,Is the red triangle left of the purple circle?,no,yes,INCORRECT
2025-12-22 18:49:51,1,/home/kkarthikeyan/deep-learning/DeepLearningProject/Synthetic-Data/vlm_levels/level_1/images/00008_b.png,ADVANCED,inside,Is the red triangle enclosed by the purple circle?,no,yes,INCORRECT
2025-12-22 18:49:51,1,/home/kkarthikeyan/deep-learning/DeepLearningProject/Synthetic-Data/vlm_levels/level_1/images/00008_b.png,PRIMARY,above,Is the red triangle above the purple circle?,no,yes,INCORRECT
2025-12-22 18:49:52,1,/home/kkarthikeyan/deep-learning/DeepLearningProject/Synthetic-Data/vlm_levels/level_1/images/00008_b.png,ADVANCED,overlapping,Is the purple circle partially covering the red triangle?,no,yes,INCORRECT
2025-12-22 18:49:52,1,/home/kkarthikeyan/deep-learning/DeepLearningProject/Synthetic-Data/vlm_levels/level_1/images/00008_b.png,ADVANCED,touching,Is the purple circle touching the red triangle?,no,yes,INCORRECT
2025-12-22 18:49:52,1,/home/kkarthikeyan/deep-learning/DeepLearningProject/Synthetic-Data/vlm_levels/level_1/images/00008_b.png,ADVANCED,inside,Is the red triangle fully inside the purple circle?,no,no,CORRECT
2025-12-22 18:49:53,1,/home/kkarthikeyan/deep-learning/DeepLearningProject/Synthetic-Data/vlm_levels/level_1/images/00014_w.png,PRIMARY,below,Is the lime triangle below the green triangle?,yes,yes,CORRECT
2025-12-22 18:49:53,1,/home/kkarthikeyan/deep-learning/DeepLearningProject/Synthetic-Data/vlm_levels/level_1/images/00014_w.png,PRIMARY,above,Is the green triangle above the lime triangle?,yes,yes,CORRECT
2025-12-22 18:49:53,1,/home/kkarthikeyan/deep-learning/DeepLearningProject/Synthetic-Data/vlm_levels/level_1/images/00014_w.png,ADVANCED,overlapping,Is the green triangle overlapping with the lime triangle?,no,yes,INCORRECT
2025-12-22 18:49:53,1,/home/kkarthikeyan/deep-learning/DeepLearningProject/Synthetic-Data/vlm_levels/level_1/images/00014_w.png,ADVANCED,inside,Is the green triangle enclosed by the lime triangle?,no,yes,INCORRECT
2025-12-22 18:49:54,1,/home/kkarthikeyan/deep-learning/DeepLearningProject/Synthetic-Data/vlm_levels/level_1/images/00014_w.png,PRIMARY,left_of,Is the lime triangle to the left of the green triangle?,no,yes,INCORRECT
2025-12-22 18:49:54,1,/home/kkarthikeyan/deep-learning/DeepLearningProject/Synthetic-Data/vlm_levels/level_1/images/00014_w.png,ADVANCED,overlapping,Is the lime triangle overlapping with the green triangle?,no,yes,INCORRECT
2025-12-22 18:49:54,1,/home/kkarthikeyan/deep-learning/DeepLearningProject/Synthetic-Data/vlm_levels/level_1/images/00014_w.png,PRIMARY,right_of,Is the green triangle right of the lime triangle?,no,yes,INCORRECT
2025-12-22 18:49:54,1,/home/kkarthikeyan/deep-learning/DeepLearningProject/Synthetic-Data/vlm_levels/level_1/images/00014_w.png,ADVANCED,touching,Is the lime triangle touching the green triangle?,no,yes,INCORRECT
2025-12-22 18:49:55,1,/home/kkarthikeyan/deep-learning/DeepLearningProject/Synthetic-Data/vlm_levels/level_1/images/00006_w.png,PRIMARY,below,Is the purple triangle below the green star?,yes,yes,CORRECT
2025-12-22 18:49:55,1,/home/kkarthikeyan/deep-learning/DeepLearningProject/Synthetic-Data/vlm_levels/level_1/images/00006_w.png,PRIMARY,above,Is the green star above the purple triangle?,yes,yes,CORRECT
2025-12-22 18:49:55,1,/home/kkarthikeyan/deep-learning/DeepLearningProject/Synthetic-Data/vlm_levels/level_1/images/00006_w.png,PRIMARY,left_of,Is the purple triangle left of the green star?,no,yes,INCORRECT
2025-12-22 18:49:55,1,/home/kkarthikeyan/deep-learning/DeepLearningProject/Synthetic-Data/vlm_levels/level_1/images/00006_w.png,PRIMARY,right_of,Is the purple triangle to the right of the green star?,no,yes,INCORRECT
2025-12-22 18:49:56,1,/home/kkarthikeyan/deep-learning/DeepLearningProject/Synthetic-Data/vlm_levels/level_1/images/00006_w.png,ADVANCED,touching,Is the green star touching the purple triangle?,no,yes,INCORRECT
2025-12-22 18:49:56,1,/home/kkarthikeyan/deep-learning/DeepLearningProject/Synthetic-Data/vlm_levels/level_1/images/00006_w.png,ADVANCED,inside,Is the green star contained within the purple triangle?,no,yes,INCORRECT
2025-12-22 18:49:56,1,/home/kkarthikeyan/deep-learning/DeepLearningProject/Synthetic-Data/vlm_levels/level_1/images/00006_w.png,ADVANCED,overlapping,Is the purple triangle partially covering the green star?,no,yes,INCORRECT
2025-12-22 18:49:56,1,/home/kkarthikeyan/deep-learning/DeepLearningProject/Synthetic-Data/vlm_levels/level_1/images/00006_w.png,PRIMARY,right_of,Is the green star to the right of the purple triangle?,no,yes,INCORRECT
2025-12-22 18:49:57,1,/home/kkarthikeyan/deep-learning/DeepLearningProject/Synthetic-Data/vlm_levels/level_1/images/00011_b.png,PRIMARY,below,Is the green star below the cyan star?,yes,yes,CORRECT
2025-12-22 18:49:57,1,/home/kkarthikeyan/deep-learning/DeepLearningProject/Synthetic-Data/vlm_levels/level_1/images/00011_b.png,PRIMARY,above,Is the cyan star above the green star?,yes,yes,CORRECT
2025-12-22 18:49:57,1,/home/kkarthikeyan/deep-learning/DeepLearningProject/Synthetic-Data/vlm_levels/level_1/images/00011_b.png,ADVANCED,inside,Is the cyan star fully inside the green star?,no,yes,INCORRECT
2025-12-22 18:49:57,1,/home/kkarthikeyan/deep-learning/DeepLearningProject/Synthetic-Data/vlm_levels/level_1/images/00011_b.png,PRIMARY,above,Is the green star above the cyan star?,no,yes,INCORRECT
2025-12-22 18:49:58,1,/home/kkarthikeyan/deep-learning/DeepLearningProject/Synthetic-Data/vlm_levels/level_1/images/00011_b.png,PRIMARY,right_of,Is the cyan star right of the green star?,no,yes,INCORRECT
2025-12-22 18:49:58,1,/home/kkarthikeyan/deep-learning/DeepLearningProject/Synthetic-Data/vlm_levels/level_1/images/00011_b.png,ADVANCED,overlapping,Is the cyan star partially covering the green star?,no,yes,INCORRECT
2025-12-22 18:49:58,1,/home/kkarthikeyan/deep-learning/DeepLearningProject/Synthetic-Data/vlm_levels/level_1/images/00011_b.png,ADVANCED,touching,Is the cyan star touching the green star?,no,yes,INCORRECT
2025-12-22 18:49:58,1,/home/kkarthikeyan/deep-learning/DeepLearningProject/Synthetic-Data/vlm_levels/level_1/images/00003_b.png,PRIMARY,above,Is the blue star above the red triangle?,yes,yes,CORRECT
2025-12-22 18:49:59,1,/home/kkarthikeyan/deep-learning/DeepLearningProject/Synthetic-Data/vlm_levels/level_1/images/00003_b.png,PRIMARY,below,Is the red triangle below the blue star?,yes,yes,CORRECT
2025-12-22 18:49:59,1,/home/kkarthikeyan/deep-learning/DeepLearningProject/Synthetic-Data/vlm_levels/level_1/images/00003_b.png,ADVANCED,touching,Is the blue star touching the red triangle?,no,yes,INCORRECT
2025-12-22 18:49:59,1,/home/kkarthikeyan/deep-learning/DeepLearningProject/Synthetic-Data/vlm_levels/level_1/images/00003_b.png,PRIMARY,below,Is the blue star below the red triangle?,no,yes,INCORRECT
2025-12-22 18:49:59,1,/home/kkarthikeyan/deep-learning/DeepLearningProject/Synthetic-Data/vlm_levels/level_1/images/00003_b.png,PRIMARY,left_of,Is the red triangle to the left of the blue star?,no,yes,INCORRECT
2025-12-22 18:50:00,1,/home/kkarthikeyan/deep-learning/DeepLearningProject/Synthetic-Data/vlm_levels/level_1/images/00003_b.png,ADVANCED,touching,Is the red triangle touching the blue star?,no,yes,INCORRECT
2025-12-22 18:50:00,1,/home/kkarthikeyan/deep-learning/DeepLearningProject/Synthetic-Data/vlm_levels/level_1/images/00003_b.png,PRIMARY,left_of,Is the blue star to the left of the red triangle?,no,yes,INCORRECT
2025-12-22 18:50:00,1,/home/kkarthikeyan/deep-learning/DeepLearningProject/Synthetic-Data/vlm_levels/level_1/images/00014_b.png,PRIMARY,above,Is the green triangle above the lime triangle?,yes,yes,CORRECT
2025-12-22 18:50:00,1,/home/kkarthikeyan/deep-learning/DeepLearningProject/Synthetic-Data/vlm_levels/level_1/images/00014_b.png,PRIMARY,below,Is the lime triangle below the green triangle?,yes,yes,CORRECT
2025-12-22 18:50:01,1,/home/kkarthikeyan/deep-learning/DeepLearningProject/Synthetic-Data/vlm_levels/level_1/images/00014_b.png,ADVANCED,inside,Is the lime triangle contained within the green triangle?,no,yes,INCORRECT
2025-12-22 18:50:01,1,/home/kkarthikeyan/deep-learning/DeepLearningProject/Synthetic-Data/vlm_levels/level_1/images/00014_b.png,ADVANCED,overlapping,Is the lime triangle partially covering the green triangle?,no,yes,INCORRECT
2025-12-22 18:50:01,1,/home/kkarthikeyan/deep-learning/DeepLearningProject/Synthetic-Data/vlm_levels/level_1/images/00014_b.png,PRIMARY,right_of,Is the lime triangle to the right of the green triangle?,no,yes,INCORRECT
2025-12-22 18:50:01,1,/home/kkarthikeyan/deep-learning/DeepLearningProject/Synthetic-Data/vlm_levels/level_1/images/00014_b.png,PRIMARY,right_of,Is the green triangle right of the lime triangle?,no,yes,INCORRECT
2025-12-22 18:50:02,1,/home/kkarthikeyan/deep-learning/DeepLearningProject/Synthetic-Data/vlm_levels/level_1/images/00014_b.png,PRIMARY,left_of,Is the lime triangle left of the green triangle?,no,yes,INCORRECT
2025-12-22 18:50:02,1,/home/kkarthikeyan/deep-learning/DeepLearningProject/Synthetic-Data/vlm_levels/level_1/images/00014_b.png,ADVANCED,touching,Is the green triangle touching the lime triangle?,no,yes,INCORRECT
2025-12-22 18:50:02,1,/home/kkarthikeyan/deep-learning/DeepLearningProject/Synthetic-Data/vlm_levels/level_1/images/00019_w.png,PRIMARY,below,Is the orange triangle below the cyan circle?,yes,yes,CORRECT
2025-12-22 18:50:02,1,/home/kkarthikeyan/deep-learning/DeepLearningProject/Synthetic-Data/vlm_levels/level_1/images/00019_w.png,PRIMARY,above,Is the cyan circle above the orange triangle?,yes,yes,CORRECT
2025-12-22 18:50:03,1,/home/kkarthikeyan/deep-learning/DeepLearningProject/Synthetic-Data/vlm_levels/level_1/images/00019_w.png,ADVANCED,inside,Is the orange triangle enclosed by the cyan circle?,no,yes,INCORRECT
2025-12-22 18:50:03,1,/home/kkarthikeyan/deep-learning/DeepLearningProject/Synthetic-Data/vlm_levels/level_1/images/00019_w.png,PRIMARY,left_of,Is the orange triangle left of the cyan circle?,no,yes,INCORRECT
2025-12-22 18:50:03,1,/home/kkarthikeyan/deep-learning/DeepLearningProject/Synthetic-Data/vlm_levels/level_1/images/00019_w.png,PRIMARY,right_of,Is the cyan circle to the right of the orange triangle?,no,yes,INCORRECT
2025-12-22 18:50:04,1,/home/kkarthikeyan/deep-learning/DeepLearningProject/Synthetic-Data/vlm_levels/level_1/images/00019_w.png,ADVANCED,touching,Is the cyan circle touching the orange triangle?,no,no,CORRECT
2025-12-22 18:50:04,1,/home/kkarthikeyan/deep-learning/DeepLearningProject/Synthetic-Data/vlm_levels/level_1/images/00019_w.png,ADVANCED,touching,Is the orange triangle touching the cyan circle?,no,no,CORRECT
2025-12-22 18:50:04,1,/home/kkarthikeyan/deep-learning/DeepLearningProject/Synthetic-Data/vlm_levels/level_1/images/00019_w.png,PRIMARY,left_of,Is the orange triangle to the left of the cyan circle?,no,yes,INCORRECT
2025-12-22 18:50:04,1,/home/kkarthikeyan/deep-learning/DeepLearningProject/Synthetic-Data/vlm_levels/level_1/images/00001_w.png,PRIMARY,right_of,Is the red square to the right of the orange star?,yes,yes,CORRECT
2025-12-22 18:50:05,1,/home/kkarthikeyan/deep-learning/DeepLearningProject/Synthetic-Data/vlm_levels/level_1/images/00001_w.png,PRIMARY,left_of,Is the orange star to the left of the red square?,yes,yes,CORRECT
2025-12-22 18:50:05,1,/home/kkarthikeyan/deep-learning/DeepLearningProject/Synthetic-Data/vlm_levels/level_1/images/00001_w.png,PRIMARY,left_of,Is the orange star left of the red square?,yes,yes,CORRECT
2025-12-22 18:50:05,1,/home/kkarthikeyan/deep-learning/DeepLearningProject/Synthetic-Data/vlm_levels/level_1/images/00001_w.png,PRIMARY,right_of,Is the orange star right of the red square?,no,yes,INCORRECT
2025-12-22 18:50:05,1,/home/kkarthikeyan/deep-learning/DeepLearningProject/Synthetic-Data/vlm_levels/level_1/images/00001_w.png,PRIMARY,above,Is the orange star above the red square?,no,yes,INCORRECT
2025-12-22 18:50:06,1,/home/kkarthikeyan/deep-learning/DeepLearningProject/Synthetic-Data/vlm_levels/level_1/images/00001_w.png,PRIMARY,right_of,Is the orange star to the right of the red square?,no,yes,INCORRECT
2025-12-22 18:50:06,1,/home/kkarthikeyan/deep-learning/DeepLearningProject/Synthetic-Data/vlm_levels/level_1/images/00001_w.png,ADVANCED,overlapping,Is the orange star overlapping with the red square?,no,yes,INCORRECT
2025-12-22 18:50:06,1,/home/kkarthikeyan/deep-learning/DeepLearningProject/Synthetic-Data/vlm_levels/level_1/images/00001_w.png,PRIMARY,above,Is the red square above the orange star?,no,yes,INCORRECT
2025-12-22 18:50:06,1,/home/kkarthikeyan/deep-learning/DeepLearningProject/Synthetic-Data/vlm_levels/level_1/images/00001_w.png,PRIMARY,left_of,Is the red square left of the orange star?,no,yes,INCORRECT
2025-12-22 18:50:07,1,/home/kkarthikeyan/deep-learning/DeepLearningProject/Synthetic-Data/vlm_levels/level_1/images/00011_w.png,PRIMARY,above,Is the cyan star above the green star?,yes,yes,CORRECT
2025-12-22 18:50:07,1,/home/kkarthikeyan/deep-learning/DeepLearningProject/Synthetic-Data/vlm_levels/level_1/images/00011_w.png,PRIMARY,below,Is the green star below the cyan star?,yes,yes,CORRECT
2025-12-22 18:50:07,1,/home/kkarthikeyan/deep-learning/DeepLearningProject/Synthetic-Data/vlm_levels/level_1/images/00011_w.png,PRIMARY,right_of,Is the green star right of the cyan star?,no,yes,INCORRECT
2025-12-22 18:50:07,1,/home/kkarthikeyan/deep-learning/DeepLearningProject/Synthetic-Data/vlm_levels/level_1/images/00011_w.png,PRIMARY,below,Is the cyan star below the green star?,no,yes,INCORRECT
2025-12-22 18:50:08,1,/home/kkarthikeyan/deep-learning/DeepLearningProject/Synthetic-Data/vlm_levels/level_1/images/00011_w.png,PRIMARY,right_of,Is the green star to the right of the cyan star?,no,yes,INCORRECT
2025-12-22 18:50:08,1,/home/kkarthikeyan/deep-learning/DeepLearningProject/Synthetic-Data/vlm_levels/level_1/images/00011_w.png,ADVANCED,overlapping,Is the cyan star overlapping with the green star?,no,yes,INCORRECT
2025-12-22 18:50:08,1,/home/kkarthikeyan/deep-learning/DeepLearningProject/Synthetic-Data/vlm_levels/level_1/images/00009_b.png,PRIMARY,below,Is the cyan circle below the green triangle?,yes,yes,CORRECT
2025-12-22 18:50:08,1,/home/kkarthikeyan/deep-learning/DeepLearningProject/Synthetic-Data/vlm_levels/level_1/images/00009_b.png,PRIMARY,above,Is the green triangle above the cyan circle?,yes,yes,CORRECT
2025-12-22 18:50:09,1,/home/kkarthikeyan/deep-learning/DeepLearningProject/Synthetic-Data/vlm_levels/level_1/images/00009_b.png,PRIMARY,left_of,Is the cyan circle left of the green triangle?,no,yes,INCORRECT
2025-12-22 18:50:09,1,/home/kkarthikeyan/deep-learning/DeepLearningProject/Synthetic-Data/vlm_levels/level_1/images/00009_b.png,PRIMARY,left_of,Is the cyan circle to the left of the green triangle?,no,yes,INCORRECT
2025-12-22 18:50:09,1,/home/kkarthikeyan/deep-learning/DeepLearningProject/Synthetic-Data/vlm_levels/level_1/images/00009_b.png,PRIMARY,above,Is the cyan circle above the green triangle?,no,yes,INCORRECT
2025-12-22 18:50:09,1,/home/kkarthikeyan/deep-learning/DeepLearningProject/Synthetic-Data/vlm_levels/level_1/images/00009_b.png,PRIMARY,left_of,Is the green triangle to the left of the cyan circle?,no,yes,INCORRECT
2025-12-22 18:50:10,1,/home/kkarthikeyan/deep-learning/DeepLearningProject/Synthetic-Data/vlm_levels/level_1/images/00009_b.png,ADVANCED,touching,Is the cyan circle touching the green triangle?,no,yes,INCORRECT
2025-12-22 18:50:10,1,/home/kkarthikeyan/deep-learning/DeepLearningProject/Synthetic-Data/vlm_levels/level_1/images/00009_b.png,PRIMARY,right_of,Is the green triangle right of the cyan circle?,no,yes,INCORRECT
2025-12-22 18:50:10,1,/home/kkarthikeyan/deep-learning/DeepLearningProject/Synthetic-Data/vlm_levels/level_1/images/00000_w.png,PRIMARY,left_of,Is the orange triangle left of the cyan triangle?,yes,yes,CORRECT
2025-12-22 18:50:10,1,/home/kkarthikeyan/deep-learning/DeepLearningProject/Synthetic-Data/vlm_levels/level_1/images/00000_w.png,PRIMARY,right_of,Is the cyan triangle to the right of the orange triangle?,yes,yes,CORRECT
2025-12-22 18:50:11,1,/home/kkarthikeyan/deep-learning/DeepLearningProject/Synthetic-Data/vlm_levels/level_1/images/00000_w.png,ADVANCED,touching,Is the cyan triangle touching the orange triangle?,no,no,CORRECT
2025-12-22 18:50:11,1,/home/kkarthikeyan/deep-learning/DeepLearningProject/Synthetic-Data/vlm_levels/level_1/images/00000_w.png,ADVANCED,overlapping,Is the orange triangle partially covering the cyan triangle?,no,no,CORRECT
2025-12-22 18:50:11,1,/home/kkarthikeyan/deep-learning/DeepLearningProject/Synthetic-Data/vlm_levels/level_1/images/00000_w.png,PRIMARY,below,Is the cyan triangle below the orange triangle?,no,yes,INCORRECT
2025-12-22 18:50:11,1,/home/kkarthikeyan/deep-learning/DeepLearningProject/Synthetic-Data/vlm_levels/level_1/images/00000_w.png,PRIMARY,below,Is the orange triangle below the cyan triangle?,no,yes,INCORRECT
2025-12-22 18:50:12,1,/home/kkarthikeyan/deep-learning/DeepLearningProject/Synthetic-Data/vlm_levels/level_1/images/00000_w.png,ADVANCED,touching,Is the orange triangle touching the cyan triangle?,no,no,CORRECT
2025-12-22 18:50:12,1,/home/kkarthikeyan/deep-learning/DeepLearningProject/Synthetic-Data/vlm_levels/level_1/images/00000_w.png,ADVANCED,overlapping,Is the cyan triangle partially covering the orange triangle?,no,no,CORRECT
2025-12-22 18:50:12,1,/home/kkarthikeyan/deep-learning/DeepLearningProject/Synthetic-Data/vlm_levels/level_1/images/00010_w.png,PRIMARY,below,Is the blue star below the green triangle?,yes,yes,CORRECT
2025-12-22 18:50:12,1,/home/kkarthikeyan/deep-learning/DeepLearningProject/Synthetic-Data/vlm_levels/level_1/images/00010_w.png,PRIMARY,above,Is the green triangle above the blue star?,yes,yes,CORRECT
2025-12-22 18:50:13,1,/home/kkarthikeyan/deep-learning/DeepLearningProject/Synthetic-Data/vlm_levels/level_1/images/00010_w.png,PRIMARY,right_of,Is the green triangle right of the blue star?,no,yes,INCORRECT
2025-12-22 18:50:13,1,/home/kkarthikeyan/deep-learning/DeepLearningProject/Synthetic-Data/vlm_levels/level_1/images/00010_w.png,PRIMARY,above,Is the blue star above the green triangle?,no,yes,INCORRECT
2025-12-22 18:50:13,1,/home/kkarthikeyan/deep-learning/DeepLearningProject/Synthetic-Data/vlm_levels/level_1/images/00010_w.png,PRIMARY,right_of,Is the blue star right of the green triangle?,no,yes,INCORRECT
2025-12-22 18:50:13,1,/home/kkarthikeyan/deep-learning/DeepLearningProject/Synthetic-Data/vlm_levels/level_1/images/00010_w.png,ADVANCED,overlapping,Is the blue star overlapping with the green triangle?,no,yes,INCORRECT
2025-12-22 18:50:14,1,/home/kkarthikeyan/deep-learning/DeepLearningProject/Synthetic-Data/vlm_levels/level_1/images/00010_w.png,ADVANCED,inside,Is the green triangle fully inside the blue star?,no,yes,INCORRECT
2025-12-22 18:50:14,1,/home/kkarthikeyan/deep-learning/DeepLearningProject/Synthetic-Data/vlm_levels/level_1/images/00010_w.png,ADVANCED,touching,Is the green triangle touching the blue star?,no,yes,INCORRECT
2025-12-22 18:50:14,1,/home/kkarthikeyan/deep-learning/DeepLearningProject/Synthetic-Data/vlm_levels/level_1/images/00009_w.png,PRIMARY,below,Is the cyan circle below the green triangle?,yes,yes,CORRECT
2025-12-22 18:50:15,1,/home/kkarthikeyan/deep-learning/DeepLearningProject/Synthetic-Data/vlm_levels/level_1/images/00009_w.png,PRIMARY,above,Is the green triangle above the cyan circle?,yes,yes,CORRECT
2025-12-22 18:50:15,1,/home/kkarthikeyan/deep-learning/DeepLearningProject/Synthetic-Data/vlm_levels/level_1/images/00009_w.png,PRIMARY,right_of,Is the green triangle right of the cyan circle?,no,yes,INCORRECT
2025-12-22 18:50:15,1,/home/kkarthikeyan/deep-learning/DeepLearningProject/Synthetic-Data/vlm_levels/level_1/images/00009_w.png,PRIMARY,left_of,Is the cyan circle to the left of the green triangle?,no,yes,INCORRECT
2025-12-22 18:50:15,1,/home/kkarthikeyan/deep-learning/DeepLearningProject/Synthetic-Data/vlm_levels/level_1/images/00009_w.png,PRIMARY,right_of,Is the cyan circle right of the green triangle?,no,yes,INCORRECT
2025-12-22 18:50:16,1,/home/kkarthikeyan/deep-learning/DeepLearningProject/Synthetic-Data/vlm_levels/level_1/images/00009_w.png,PRIMARY,right_of,Is the cyan circle to the right of the green triangle?,no,yes,INCORRECT
2025-12-22 18:50:16,1,/home/kkarthikeyan/deep-learning/DeepLearningProject/Synthetic-Data/vlm_levels/level_1/images/00009_w.png,PRIMARY,left_of,Is the green triangle to the left of the cyan circle?,no,yes,INCORRECT
2025-12-22 18:50:16,1,/home/kkarthikeyan/deep-learning/DeepLearningProject/Synthetic-Data/vlm_levels/level_1/images/00009_w.png,PRIMARY,above,Is the cyan circle above the green triangle?,no,yes,INCORRECT
2025-12-22 18:50:16,1,/home/kkarthikeyan/deep-learning/DeepLearningProject/Synthetic-Data/vlm_levels/level_1/images/00005_w.png,PRIMARY,above,Is the yellow circle above the pink star?,yes,yes,CORRECT
2025-12-22 18:50:17,1,/home/kkarthikeyan/deep-learning/DeepLearningProject/Synthetic-Data/vlm_levels/level_1/images/00005_w.png,PRIMARY,below,Is the pink star below the yellow circle?,yes,yes,CORRECT
2025-12-22 18:50:17,1,/home/kkarthikeyan/deep-learning/DeepLearningProject/Synthetic-Data/vlm_levels/level_1/images/00005_w.png,PRIMARY,right_of,Is the yellow circle to the right of the pink star?,no,yes,INCORRECT
2025-12-22 18:50:17,1,/home/kkarthikeyan/deep-learning/DeepLearningProject/Synthetic-Data/vlm_levels/level_1/images/00005_w.png,PRIMARY,right_of,Is the pink star to the right of the yellow circle?,no,yes,INCORRECT
2025-12-22 18:50:17,1,/home/kkarthikeyan/deep-learning/DeepLearningProject/Synthetic-Data/vlm_levels/level_1/images/00005_w.png,ADVANCED,inside,Is the yellow circle contained within the pink star?,no,yes,INCORRECT
2025-12-22 18:50:18,1,/home/kkarthikeyan/deep-learning/DeepLearningProject/Synthetic-Data/vlm_levels/level_1/images/00005_w.png,ADVANCED,overlapping,Is the yellow circle overlapping with the pink star?,no,yes,INCORRECT
2025-12-22 18:50:18,1,/home/kkarthikeyan/deep-learning/DeepLearningProject/Synthetic-Data/vlm_levels/level_1/images/00005_w.png,PRIMARY,above,Is the pink star above the yellow circle?,no,yes,INCORRECT
2025-12-22 18:50:18,1,/home/kkarthikeyan/deep-learning/DeepLearningProject/Synthetic-Data/vlm_levels/level_1/images/00005_w.png,ADVANCED,touching,Is the yellow circle touching the pink star?,no,yes,INCORRECT
2025-12-22 18:50:18,1,/home/kkarthikeyan/deep-learning/DeepLearningProject/Synthetic-Data/vlm_levels/level_1/images/00007_b.png,PRIMARY,below,Is the blue triangle below the lime circle?,yes,yes,CORRECT
2025-12-22 18:50:19,1,/home/kkarthikeyan/deep-learning/DeepLearningProject/Synthetic-Data/vlm_levels/level_1/images/00007_b.png,PRIMARY,above,Is the lime circle above the blue triangle?,yes,yes,CORRECT
2025-12-22 18:50:19,1,/home/kkarthikeyan/deep-learning/DeepLearningProject/Synthetic-Data/vlm_levels/level_1/images/00007_b.png,ADVANCED,overlapping,Is the lime circle partially covering the blue triangle?,no,yes,INCORRECT
2025-12-22 18:50:19,1,/home/kkarthikeyan/deep-learning/DeepLearningProject/Synthetic-Data/vlm_levels/level_1/images/00007_b.png,ADVANCED,inside,Is the blue triangle enclosed by the lime circle?,no,yes,INCORRECT
2025-12-22 18:50:19,1,/home/kkarthikeyan/deep-learning/DeepLearningProject/Synthetic-Data/vlm_levels/level_1/images/00007_b.png,ADVANCED,touching,Is the blue triangle touching the lime circle?,no,yes,INCORRECT
2025-12-22 18:50:20,1,/home/kkarthikeyan/deep-learning/DeepLearningProject/Synthetic-Data/vlm_levels/level_1/images/00007_b.png,ADVANCED,touching,Is the lime circle touching the blue triangle?,no,yes,INCORRECT
2025-12-22 18:50:20,1,/home/kkarthikeyan/deep-learning/DeepLearningProject/Synthetic-Data/vlm_levels/level_1/images/00012_b.png,PRIMARY,left_of,Is the cyan square to the left of the purple square?,yes,yes,CORRECT
2025-12-22 18:50:20,1,/home/kkarthikeyan/deep-learning/DeepLearningProject/Synthetic-Data/vlm_levels/level_1/images/00012_b.png,PRIMARY,right_of,Is the purple square right of the cyan square?,yes,yes,CORRECT
2025-12-22 18:50:20,1,/home/kkarthikeyan/deep-learning/DeepLearningProject/Synthetic-Data/vlm_levels/level_1/images/00012_b.png,PRIMARY,right_of,Is the purple square to the right of the cyan square?,yes,yes,CORRECT
2025-12-22 18:50:21,1,/home/kkarthikeyan/deep-learning/DeepLearningProject/Synthetic-Data/vlm_levels/level_1/images/00012_b.png,PRIMARY,left_of,Is the cyan square left of the purple square?,yes,yes,CORRECT
2025-12-22 18:50:21,1,/home/kkarthikeyan/deep-learning/DeepLearningProject/Synthetic-Data/vlm_levels/level_1/images/00012_b.png,PRIMARY,left_of,Is the purple square left of the cyan square?,no,yes,INCORRECT
2025-12-22 18:50:21,1,/home/kkarthikeyan/deep-learning/DeepLearningProject/Synthetic-Data/vlm_levels/level_1/images/00012_b.png,ADVANCED,touching,Is the purple square touching the cyan square?,no,yes,INCORRECT
2025-12-22 18:50:21,1,/home/kkarthikeyan/deep-learning/DeepLearningProject/Synthetic-Data/vlm_levels/level_1/images/00012_b.png,PRIMARY,right_of,Is the cyan square right of the purple square?,no,yes,INCORRECT
2025-12-22 18:50:22,1,/home/kkarthikeyan/deep-learning/DeepLearningProject/Synthetic-Data/vlm_levels/level_1/images/00012_b.png,PRIMARY,below,Is the cyan square below the purple square?,no,yes,INCORRECT
2025-12-22 18:50:22,1,/home/kkarthikeyan/deep-learning/DeepLearningProject/Synthetic-Data/vlm_levels/level_1/images/00012_b.png,PRIMARY,above,Is the purple square above the cyan square?,no,yes,INCORRECT
2025-12-22 18:50:22,1,/home/kkarthikeyan/deep-learning/DeepLearningProject/Synthetic-Data/vlm_levels/level_1/images/00000_b.png,PRIMARY,left_of,Is the orange triangle left of the cyan triangle?,yes,yes,CORRECT
2025-12-22 18:50:22,1,/home/kkarthikeyan/deep-learning/DeepLearningProject/Synthetic-Data/vlm_levels/level_1/images/00000_b.png,PRIMARY,right_of,Is the cyan triangle right of the orange triangle?,yes,yes,CORRECT
2025-12-22 18:50:23,1,/home/kkarthikeyan/deep-learning/DeepLearningProject/Synthetic-Data/vlm_levels/level_1/images/00000_b.png,PRIMARY,right_of,Is the cyan triangle to the right of the orange triangle?,yes,yes,CORRECT
2025-12-22 18:50:23,1,/home/kkarthikeyan/deep-learning/DeepLearningProject/Synthetic-Data/vlm_levels/level_1/images/00000_b.png,PRIMARY,above,Is the orange triangle above the cyan triangle?,no,yes,INCORRECT
2025-12-22 18:50:23,1,/home/kkarthikeyan/deep-learning/DeepLearningProject/Synthetic-Data/vlm_levels/level_1/images/00000_b.png,ADVANCED,touching,Is the cyan triangle touching the orange triangle?,no,yes,INCORRECT
2025-12-22 18:50:23,1,/home/kkarthikeyan/deep-learning/DeepLearningProject/Synthetic-Data/vlm_levels/level_1/images/00000_b.png,PRIMARY,below,Is the cyan triangle below the orange triangle?,no,yes,INCORRECT
2025-12-22 18:50:24,1,/home/kkarthikeyan/deep-learning/DeepLearningProject/Synthetic-Data/vlm_levels/level_1/images/00000_b.png,PRIMARY,below,Is the orange triangle below the cyan triangle?,no,yes,INCORRECT
2025-12-22 18:50:24,1,/home/kkarthikeyan/deep-learning/DeepLearningProject/Synthetic-Data/vlm_levels/level_1/images/00001_b.png,PRIMARY,right_of,Is the red square right of the orange star?,yes,yes,CORRECT
2025-12-22 18:50:24,1,/home/kkarthikeyan/deep-learning/DeepLearningProject/Synthetic-Data/vlm_levels/level_1/images/00001_b.png,PRIMARY,left_of,Is the orange star left of the red square?,yes,yes,CORRECT
2025-12-22 18:50:24,1,/home/kkarthikeyan/deep-learning/DeepLearningProject/Synthetic-Data/vlm_levels/level_1/images/00001_b.png,PRIMARY,left_of,Is the red square left of the orange star?,no,yes,INCORRECT
2025-12-22 18:50:25,1,/home/kkarthikeyan/deep-learning/DeepLearningProject/Synthetic-Data/vlm_levels/level_1/images/00001_b.png,ADVANCED,overlapping,Is the orange star partially covering the red square?,no,yes,INCORRECT
2025-12-22 18:50:25,1,/home/kkarthikeyan/deep-learning/DeepLearningProject/Synthetic-Data/vlm_levels/level_1/images/00001_b.png,PRIMARY,below,Is the red square below the orange star?,no,yes,INCORRECT
2025-12-22 18:50:25,1,/home/kkarthikeyan/deep-learning/DeepLearningProject/Synthetic-Data/vlm_levels/level_1/images/00001_b.png,PRIMARY,left_of,Is the red square to the left of the orange star?,no,yes,INCORRECT
2025-12-22 18:50:25,1,/home/kkarthikeyan/deep-learning/DeepLearningProject/Synthetic-Data/vlm_levels/level_1/images/00001_b.png,PRIMARY,below,Is the orange star below the red square?,no,yes,INCORRECT
2025-12-22 18:50:26,1,/home/kkarthikeyan/deep-learning/DeepLearningProject/Synthetic-Data/vlm_levels/level_1/images/00001_b.png,ADVANCED,touching,Is the orange star touching the red square?,no,yes,INCORRECT
2025-12-22 18:50:26,1,/home/kkarthikeyan/deep-learning/DeepLearningProject/Synthetic-Data/vlm_levels/level_1/images/00019_b.png,PRIMARY,above,Is the cyan circle above the orange triangle?,yes,yes,CORRECT
2025-12-22 18:50:26,1,/home/kkarthikeyan/deep-learning/DeepLearningProject/Synthetic-Data/vlm_levels/level_1/images/00019_b.png,PRIMARY,below,Is the orange triangle below the cyan circle?,yes,yes,CORRECT
2025-12-22 18:50:27,1,/home/kkarthikeyan/deep-learning/DeepLearningProject/Synthetic-Data/vlm_levels/level_1/images/00019_b.png,ADVANCED,touching,Is the orange triangle touching the cyan circle?,no,no,CORRECT
2025-12-22 18:50:27,1,/home/kkarthikeyan/deep-learning/DeepLearningProject/Synthetic-Data/vlm_levels/level_1/images/00019_b.png,ADVANCED,touching,Is the cyan circle touching the orange triangle?,no,no,CORRECT
2025-12-22 18:50:27,1,/home/kkarthikeyan/deep-learning/DeepLearningProject/Synthetic-Data/vlm_levels/level_1/images/00019_b.png,PRIMARY,right_of,Is the orange triangle to the right of the cyan circle?,no,yes,INCORRECT
2025-12-22 18:50:27,1,/home/kkarthikeyan/deep-learning/DeepLearningProject/Synthetic-Data/vlm_levels/level_1/images/00019_b.png,ADVANCED,overlapping,Is the orange triangle partially covering the cyan circle?,no,yes,INCORRECT
2025-12-22 18:50:28,1,/home/kkarthikeyan/deep-learning/DeepLearningProject/Synthetic-Data/vlm_levels/level_1/images/00019_b.png,ADVANCED,inside,Is the cyan circle enclosed by the orange triangle?,no,yes,INCORRECT
2025-12-22 18:50:28,1,/home/kkarthikeyan/deep-learning/DeepLearningProject/Synthetic-Data/vlm_levels/level_1/images/00013_b.png,PRIMARY,above,Is the lime star above the cyan triangle?,yes,yes,CORRECT
2025-12-22 18:50:28,1,/home/kkarthikeyan/deep-learning/DeepLearningProject/Synthetic-Data/vlm_levels/level_1/images/00013_b.png,PRIMARY,below,Is the cyan triangle below the lime star?,yes,yes,CORRECT
2025-12-22 18:50:28,1,/home/kkarthikeyan/deep-learning/DeepLearningProject/Synthetic-Data/vlm_levels/level_1/images/00013_b.png,PRIMARY,left_of,Is the cyan triangle left of the lime star?,no,yes,INCORRECT
2025-12-22 18:50:29,1,/home/kkarthikeyan/deep-learning/DeepLearningProject/Synthetic-Data/vlm_levels/level_1/images/00013_b.png,ADVANCED,overlapping,Is the cyan triangle partially covering the lime star?,no,yes,INCORRECT
2025-12-22 18:50:29,1,/home/kkarthikeyan/deep-learning/DeepLearningProject/Synthetic-Data/vlm_levels/level_1/images/00013_b.png,ADVANCED,overlapping,Is the lime star partially covering the cyan triangle?,no,yes,INCORRECT
2025-12-22 18:50:29,1,/home/kkarthikeyan/deep-learning/DeepLearningProject/Synthetic-Data/vlm_levels/level_1/images/00013_b.png,ADVANCED,inside,Is the lime star contained within the cyan triangle?,no,yes,INCORRECT
2025-12-22 18:50:29,1,/home/kkarthikeyan/deep-learning/DeepLearningProject/Synthetic-Data/vlm_levels/level_1/images/00013_b.png,ADVANCED,inside,Is the lime star enclosed by the cyan triangle?,no,yes,INCORRECT
2025-12-22 18:50:30,1,/home/kkarthikeyan/deep-learning/DeepLearningProject/Synthetic-Data/vlm_levels/level_1/images/00004_b.png,PRIMARY,left_of,Is the yellow star left of the green square?,yes,yes,CORRECT
2025-12-22 18:50:30,1,/home/kkarthikeyan/deep-learning/DeepLearningProject/Synthetic-Data/vlm_levels/level_1/images/00004_b.png,PRIMARY,right_of,Is the green square to the right of the yellow star?,yes,yes,CORRECT
2025-12-22 18:50:30,1,/home/kkarthikeyan/deep-learning/DeepLearningProject/Synthetic-Data/vlm_levels/level_1/images/00004_b.png,PRIMARY,right_of,Is the green square right of the yellow star?,yes,yes,CORRECT
2025-12-22 18:50:30,1,/home/kkarthikeyan/deep-learning/DeepLearningProject/Synthetic-Data/vlm_levels/level_1/images/00004_b.png,PRIMARY,above,Is the green square above the yellow star?,no,yes,INCORRECT
2025-12-22 18:50:31,1,/home/kkarthikeyan/deep-learning/DeepLearningProject/Synthetic-Data/vlm_levels/level_1/images/00004_b.png,ADVANCED,touching,Is the yellow star touching the green square?,no,yes,INCORRECT
2025-12-22 18:50:31,1,/home/kkarthikeyan/deep-learning/DeepLearningProject/Synthetic-Data/vlm_levels/level_1/images/00004_b.png,ADVANCED,touching,Is the green square touching the yellow star?,no,yes,INCORRECT
2025-12-22 18:50:31,1,/home/kkarthikeyan/deep-learning/DeepLearningProject/Synthetic-Data/vlm_levels/level_1/images/00004_b.png,PRIMARY,below,Is the yellow star below the green square?,no,yes,INCORRECT
2025-12-22 18:50:31,1,/home/kkarthikeyan/deep-learning/DeepLearningProject/Synthetic-Data/vlm_levels/level_1/images/00004_b.png,ADVANCED,inside,Is the green square fully inside the yellow star?,no,yes,INCORRECT
2025-12-22 18:50:32,1,/home/kkarthikeyan/deep-learning/DeepLearningProject/Synthetic-Data/vlm_levels/level_1/images/00016_b.png,PRIMARY,right_of,Is the cyan triangle right of the purple star?,yes,yes,CORRECT
2025-12-22 18:50:32,1,/home/kkarthikeyan/deep-learning/DeepLearningProject/Synthetic-Data/vlm_levels/level_1/images/00016_b.png,PRIMARY,left_of,Is the purple star left of the cyan triangle?,yes,yes,CORRECT
2025-12-22 18:50:32,1,/home/kkarthikeyan/deep-learning/DeepLearningProject/Synthetic-Data/vlm_levels/level_1/images/00016_b.png,PRIMARY,right_of,Is the cyan triangle to the right of the purple star?,yes,yes,CORRECT
2025-12-22 18:50:32,1,/home/kkarthikeyan/deep-learning/DeepLearningProject/Synthetic-Data/vlm_levels/level_1/images/00016_b.png,PRIMARY,below,Is the cyan triangle below the purple star?,no,yes,INCORRECT
2025-12-22 18:50:33,1,/home/kkarthikeyan/deep-learning/DeepLearningProject/Synthetic-Data/vlm_levels/level_1/images/00016_b.png,PRIMARY,above,Is the cyan triangle above the purple star?,no,yes,INCORRECT
2025-12-22 18:50:33,1,/home/kkarthikeyan/deep-learning/DeepLearningProject/Synthetic-Data/vlm_levels/level_1/images/00016_b.png,ADVANCED,inside,Is the cyan triangle contained within the purple star?,no,yes,INCORRECT
2025-12-22 18:50:33,1,/home/kkarthikeyan/deep-learning/DeepLearningProject/Synthetic-Data/vlm_levels/level_1/images/00016_b.png,PRIMARY,below,Is the purple star below the cyan triangle?,no,yes,INCORRECT
2025-12-22 18:50:33,1,/home/kkarthikeyan/deep-learning/DeepLearningProject/Synthetic-Data/vlm_levels/level_1/images/00016_b.png,ADVANCED,inside,Is the cyan triangle enclosed by the purple star?,no,yes,INCORRECT
2025-12-22 18:50:34,1,/home/kkarthikeyan/deep-learning/DeepLearningProject/Synthetic-Data/vlm_levels/level_1/images/00015_b.png,PRIMARY,below,Is the lime circle below the cyan square?,yes,yes,CORRECT
2025-12-22 18:50:34,1,/home/kkarthikeyan/deep-learning/DeepLearningProject/Synthetic-Data/vlm_levels/level_1/images/00015_b.png,PRIMARY,above,Is the cyan square above the lime circle?,yes,yes,CORRECT
2025-12-22 18:50:34,1,/home/kkarthikeyan/deep-learning/DeepLearningProject/Synthetic-Data/vlm_levels/level_1/images/00015_b.png,ADVANCED,touching,Is the cyan square touching the lime circle?,no,yes,INCORRECT
2025-12-22 18:50:34,1,/home/kkarthikeyan/deep-learning/DeepLearningProject/Synthetic-Data/vlm_levels/level_1/images/00015_b.png,PRIMARY,above,Is the lime circle above the cyan square?,no,yes,INCORRECT
2025-12-22 18:50:35,1,/home/kkarthikeyan/deep-learning/DeepLearningProject/Synthetic-Data/vlm_levels/level_1/images/00015_b.png,ADVANCED,inside,Is the cyan square enclosed by the lime circle?,no,yes,INCORRECT
2025-12-22 18:50:35,1,/home/kkarthikeyan/deep-learning/DeepLearningProject/Synthetic-Data/vlm_levels/level_1/images/00015_b.png,PRIMARY,left_of,Is the cyan square to the left of the lime circle?,no,yes,INCORRECT
2025-12-22 18:50:35,1,/home/kkarthikeyan/deep-learning/DeepLearningProject/Synthetic-Data/vlm_levels/level_1/images/00015_b.png,ADVANCED,overlapping,Is the lime circle partially covering the cyan square?,no,yes,INCORRECT
2025-12-22 18:50:35,1,/home/kkarthikeyan/deep-learning/DeepLearningProject/Synthetic-Data/vlm_levels/level_1/images/00015_b.png,PRIMARY,below,Is the cyan square below the lime circle?,no,yes,INCORRECT
2025-12-22 18:50:36,1,/home/kkarthikeyan/deep-learning/DeepLearningProject/Synthetic-Data/vlm_levels/level_1/images/00002_w.png,PRIMARY,below,Is the cyan circle below the red circle?,yes,yes,CORRECT
2025-12-22 18:50:36,1,/home/kkarthikeyan/deep-learning/DeepLearningProject/Synthetic-Data/vlm_levels/level_1/images/00002_w.png,PRIMARY,above,Is the red circle above the cyan circle?,yes,yes,CORRECT
2025-12-22 18:50:36,1,/home/kkarthikeyan/deep-learning/DeepLearningProject/Synthetic-Data/vlm_levels/level_1/images/00002_w.png,ADVANCED,inside,Is the cyan circle contained within the red circle?,no,yes,INCORRECT
2025-12-22 18:50:36,1,/home/kkarthikeyan/deep-learning/DeepLearningProject/Synthetic-Data/vlm_levels/level_1/images/00002_w.png,PRIMARY,right_of,Is the red circle to the right of the cyan circle?,no,yes,INCORRECT
2025-12-22 18:50:37,1,/home/kkarthikeyan/deep-learning/DeepLearningProject/Synthetic-Data/vlm_levels/level_1/images/00002_w.png,PRIMARY,right_of,Is the cyan circle to the right of the red circle?,no,yes,INCORRECT
2025-12-22 18:50:37,1,/home/kkarthikeyan/deep-learning/DeepLearningProject/Synthetic-Data/vlm_levels/level_1/images/00002_w.png,ADVANCED,overlapping,Is the red circle partially covering the cyan circle?,no,yes,INCORRECT
2025-12-22 18:50:37,1,/home/kkarthikeyan/deep-learning/DeepLearningProject/Synthetic-Data/vlm_levels/level_1/images/00002_w.png,ADVANCED,inside,Is the red circle fully inside the cyan circle?,no,no,CORRECT
2025-12-22 18:50:37,1,/home/kkarthikeyan/deep-learning/DeepLearningProject/Synthetic-Data/vlm_levels/level_1/images/00002_w.png,ADVANCED,touching,Is the cyan circle touching the red circle?,no,no,CORRECT
2025-12-22 18:50:38,1,/home/kkarthikeyan/deep-learning/DeepLearningProject/Synthetic-Data/vlm_levels/level_1/images/00006_b.png,PRIMARY,above,Is the green star above the purple triangle?,yes,yes,CORRECT
2025-12-22 18:50:38,1,/home/kkarthikeyan/deep-learning/DeepLearningProject/Synthetic-Data/vlm_levels/level_1/images/00006_b.png,PRIMARY,below,Is the purple triangle below the green star?,yes,yes,CORRECT
2025-12-22 18:50:38,1,/home/kkarthikeyan/deep-learning/DeepLearningProject/Synthetic-Data/vlm_levels/level_1/images/00006_b.png,PRIMARY,left_of,Is the green star to the left of the purple triangle?,no,yes,INCORRECT
2025-12-22 18:50:39,1,/home/kkarthikeyan/deep-learning/DeepLearningProject/Synthetic-Data/vlm_levels/level_1/images/00006_b.png,PRIMARY,left_of,Is the green star left of the purple triangle?,no,yes,INCORRECT
2025-12-22 18:50:39,1,/home/kkarthikeyan/deep-learning/DeepLearningProject/Synthetic-Data/vlm_levels/level_1/images/00006_b.png,ADVANCED,touching,Is the purple triangle touching the green star?,no,yes,INCORRECT
2025-12-22 18:50:39,1,/home/kkarthikeyan/deep-learning/DeepLearningProject/Synthetic-Data/vlm_levels/level_1/images/00006_b.png,PRIMARY,left_of,Is the purple triangle to the left of the green star?,no,no,CORRECT
2025-12-22 18:50:39,1,/home/kkarthikeyan/deep-learning/DeepLearningProject/Synthetic-Data/vlm_levels/level_1/images/00006_b.png,PRIMARY,right_of,Is the green star to the right of the purple triangle?,no,yes,INCORRECT
2025-12-22 18:50:40,1,/home/kkarthikeyan/deep-learning/DeepLearningProject/Synthetic-Data/vlm_levels/level_1/images/00005_b.png,PRIMARY,above,Is the yellow circle above the pink star?,yes,yes,CORRECT
2025-12-22 18:50:40,1,/home/kkarthikeyan/deep-learning/DeepLearningProject/Synthetic-Data/vlm_levels/level_1/images/00005_b.png,PRIMARY,below,Is the pink star below the yellow circle?,yes,yes,CORRECT
2025-12-22 18:50:40,1,/home/kkarthikeyan/deep-learning/DeepLearningProject/Synthetic-Data/vlm_levels/level_1/images/00005_b.png,PRIMARY,above,Is the pink star above the yellow circle?,no,yes,INCORRECT
2025-12-22 18:50:40,1,/home/kkarthikeyan/deep-learning/DeepLearningProject/Synthetic-Data/vlm_levels/level_1/images/00005_b.png,ADVANCED,touching,Is the yellow circle touching the pink star?,no,no,CORRECT
2025-12-22 18:50:41,1,/home/kkarthikeyan/deep-learning/DeepLearningProject/Synthetic-Data/vlm_levels/level_1/images/00005_b.png,PRIMARY,right_of,Is the yellow circle right of the pink star?,no,yes,INCORRECT
2025-12-22 18:50:41,1,/home/kkarthikeyan/deep-learning/DeepLearningProject/Synthetic-Data/vlm_levels/level_1/images/00005_b.png,PRIMARY,left_of,Is the pink star left of the yellow circle?,no,yes,INCORRECT
2025-12-22 18:50:41,1,/home/kkarthikeyan/deep-learning/DeepLearningProject/Synthetic-Data/vlm_levels/level_1/images/00002_b.png,PRIMARY,above,Is the red circle above the cyan circle?,yes,yes,CORRECT
2025-12-22 18:50:41,1,/home/kkarthikeyan/deep-learning/DeepLearningProject/Synthetic-Data/vlm_levels/level_1/images/00002_b.png,PRIMARY,below,Is the cyan circle below the red circle?,yes,yes,CORRECT
2025-12-22 18:50:42,1,/home/kkarthikeyan/deep-learning/DeepLearningProject/Synthetic-Data/vlm_levels/level_1/images/00002_b.png,PRIMARY,left_of,Is the cyan circle left of the red circle?,no,yes,INCORRECT
2025-12-22 18:50:42,1,/home/kkarthikeyan/deep-learning/DeepLearningProject/Synthetic-Data/vlm_levels/level_1/images/00002_b.png,ADVANCED,overlapping,Is the cyan circle partially covering the red circle?,no,yes,INCORRECT
2025-12-22 18:50:42,1,/home/kkarthikeyan/deep-learning/DeepLearningProject/Synthetic-Data/vlm_levels/level_1/images/00002_b.png,PRIMARY,right_of,Is the red circle right of the cyan circle?,no,yes,INCORRECT
2025-12-22 18:50:42,1,/home/kkarthikeyan/deep-learning/DeepLearningProject/Synthetic-Data/vlm_levels/level_1/images/00002_b.png,PRIMARY,left_of,Is the red circle left of the cyan circle?,no,yes,INCORRECT
2025-12-22 18:50:43,1,/home/kkarthikeyan/deep-learning/DeepLearningProject/Synthetic-Data/vlm_levels/level_1/images/00002_b.png,ADVANCED,inside,Is the red circle fully inside the cyan circle?,no,no,CORRECT
2025-12-22 18:50:43,1,/home/kkarthikeyan/deep-learning/DeepLearningProject/Synthetic-Data/vlm_levels/level_1/images/00002_b.png,PRIMARY,above,Is the cyan circle above the red circle?,no,yes,INCORRECT
2025-12-22 18:50:43,1,/home/kkarthikeyan/deep-learning/DeepLearningProject/Synthetic-Data/vlm_levels/level_1/images/00018_w.png,PRIMARY,left_of,Is the blue triangle to the left of the green circle?,yes,yes,CORRECT
2025-12-22 18:50:43,1,/home/kkarthikeyan/deep-learning/DeepLearningProject/Synthetic-Data/vlm_levels/level_1/images/00018_w.png,PRIMARY,right_of,Is the green circle right of the blue triangle?,yes,yes,CORRECT
2025-12-22 18:50:44,1,/home/kkarthikeyan/deep-learning/DeepLearningProject/Synthetic-Data/vlm_levels/level_1/images/00018_w.png,PRIMARY,right_of,Is the green circle to the right of the blue triangle?,yes,yes,CORRECT
2025-12-22 18:50:44,1,/home/kkarthikeyan/deep-learning/DeepLearningProject/Synthetic-Data/vlm_levels/level_1/images/00018_w.png,ADVANCED,touching,Is the green circle touching the blue triangle?,no,yes,INCORRECT
2025-12-22 18:50:44,1,/home/kkarthikeyan/deep-learning/DeepLearningProject/Synthetic-Data/vlm_levels/level_1/images/00018_w.png,PRIMARY,above,Is the green circle above the blue triangle?,no,yes,INCORRECT
2025-12-22 18:50:44,1,/home/kkarthikeyan/deep-learning/DeepLearningProject/Synthetic-Data/vlm_levels/level_1/images/00018_w.png,PRIMARY,below,Is the blue triangle below the green circle?,no,yes,INCORRECT
2025-12-22 18:50:45,1,/home/kkarthikeyan/deep-learning/DeepLearningProject/Synthetic-Data/vlm_levels/level_1/images/00018_w.png,PRIMARY,left_of,Is the green circle to the left of the blue triangle?,no,yes,INCORRECT
2025-12-22 18:50:45,1,/home/kkarthikeyan/deep-learning/DeepLearningProject/Synthetic-Data/vlm_levels/level_1/images/00018_w.png,ADVANCED,overlapping,Is the green circle overlapping with the blue triangle?,no,yes,INCORRECT
2025-12-22 18:50:45,1,/home/kkarthikeyan/deep-learning/DeepLearningProject/Synthetic-Data/vlm_levels/level_1/images/00017_w.png,PRIMARY,left_of,Is the pink triangle left of the cyan triangle?,yes,yes,CORRECT
2025-12-22 18:50:45,1,/home/kkarthikeyan/deep-learning/DeepLearningProject/Synthetic-Data/vlm_levels/level_1/images/00017_w.png,PRIMARY,right_of,Is the cyan triangle right of the pink triangle?,yes,yes,CORRECT
2025-12-22 18:50:46,1,/home/kkarthikeyan/deep-learning/DeepLearningProject/Synthetic-Data/vlm_levels/level_1/images/00017_w.png,PRIMARY,left_of,Is the pink triangle to the left of the cyan triangle?,yes,yes,CORRECT
2025-12-22 18:50:46,1,/home/kkarthikeyan/deep-learning/DeepLearningProject/Synthetic-Data/vlm_levels/level_1/images/00017_w.png,ADVANCED,touching,Is the cyan triangle touching the pink triangle?,no,yes,INCORRECT
2025-12-22 18:50:46,1,/home/kkarthikeyan/deep-learning/DeepLearningProject/Synthetic-Data/vlm_levels/level_1/images/00017_w.png,PRIMARY,above,Is the pink triangle above the cyan triangle?,no,yes,INCORRECT
2025-12-22 18:50:46,1,/home/kkarthikeyan/deep-learning/DeepLearningProject/Synthetic-Data/vlm_levels/level_1/images/00017_w.png,ADVANCED,inside,Is the cyan triangle fully inside the pink triangle?,no,no,CORRECT
2025-12-22 18:50:47,1,/home/kkarthikeyan/deep-learning/DeepLearningProject/Synthetic-Data/vlm_levels/level_1/images/00017_w.png,PRIMARY,below,Is the pink triangle below the cyan triangle?,no,yes,INCORRECT
2025-12-22 18:50:47,1,/home/kkarthikeyan/deep-learning/DeepLearningProject/Synthetic-Data/vlm_levels/level_1/images/00017_w.png,ADVANCED,overlapping,Is the cyan triangle partially covering the pink triangle?,no,yes,INCORRECT
2025-12-22 18:50:47,1,/home/kkarthikeyan/deep-learning/DeepLearningProject/Synthetic-Data/vlm_levels/level_1/images/00017_b.png,PRIMARY,left_of,Is the pink triangle left of the cyan triangle?,yes,yes,CORRECT
2025-12-22 18:50:47,1,/home/kkarthikeyan/deep-learning/DeepLearningProject/Synthetic-Data/vlm_levels/level_1/images/00017_b.png,PRIMARY,right_of,Is the cyan triangle to the right of the pink triangle?,yes,yes,CORRECT
2025-12-22 18:50:48,1,/home/kkarthikeyan/deep-learning/DeepLearningProject/Synthetic-Data/vlm_levels/level_1/images/00017_b.png,PRIMARY,left_of,Is the pink triangle to the left of the cyan triangle?,yes,yes,CORRECT
2025-12-22 18:50:48,1,/home/kkarthikeyan/deep-learning/DeepLearningProject/Synthetic-Data/vlm_levels/level_1/images/00017_b.png,ADVANCED,overlapping,Is the pink triangle overlapping with the cyan triangle?,no,yes,INCORRECT
2025-12-22 18:50:48,1,/home/kkarthikeyan/deep-learning/DeepLearningProject/Synthetic-Data/vlm_levels/level_1/images/00017_b.png,PRIMARY,below,Is the cyan triangle below the pink triangle?,no,yes,INCORRECT
2025-12-22 18:50:48,1,/home/kkarthikeyan/deep-learning/DeepLearningProject/Synthetic-Data/vlm_levels/level_1/images/00017_b.png,ADVANCED,touching,Is the pink triangle touching the cyan triangle?,no,yes,INCORRECT
2025-12-22 18:50:49,1,/home/kkarthikeyan/deep-learning/DeepLearningProject/Synthetic-Data/vlm_levels/level_1/images/00017_b.png,ADVANCED,overlapping,Is the cyan triangle partially covering the pink triangle?,no,yes,INCORRECT
2025-12-22 18:50:49,1,/home/kkarthikeyan/deep-learning/DeepLearningProject/Synthetic-Data/vlm_levels/level_1/images/00017_b.png,PRIMARY,above,Is the cyan triangle above the pink triangle?,no,yes,INCORRECT
2025-12-22 18:50:49,1,/home/kkarthikeyan/deep-learning/DeepLearningProject/Synthetic-Data/vlm_levels/level_1/images/00003_w.png,PRIMARY,above,Is the blue star above the red triangle?,yes,yes,CORRECT
2025-12-22 18:50:50,1,/home/kkarthikeyan/deep-learning/DeepLearningProject/Synthetic-Data/vlm_levels/level_1/images/00003_w.png,PRIMARY,below,Is the red triangle below the blue star?,yes,yes,CORRECT
2025-12-22 18:50:50,1,/home/kkarthikeyan/deep-learning/DeepLearningProject/Synthetic-Data/vlm_levels/level_1/images/00003_w.png,PRIMARY,right_of,Is the blue star to the right of the red triangle?,no,yes,INCORRECT
2025-12-22 18:50:50,1,/home/kkarthikeyan/deep-learning/DeepLearningProject/Synthetic-Data/vlm_levels/level_1/images/00003_w.png,PRIMARY,left_of,Is the red triangle to the left of the blue star?,no,yes,INCORRECT
2025-12-22 18:50:50,1,/home/kkarthikeyan/deep-learning/DeepLearningProject/Synthetic-Data/vlm_levels/level_1/images/00003_w.png,PRIMARY,left_of,Is the red triangle left of the blue star?,no,yes,INCORRECT
2025-12-22 18:50:51,1,/home/kkarthikeyan/deep-learning/DeepLearningProject/Synthetic-Data/vlm_levels/level_1/images/00003_w.png,ADVANCED,overlapping,Is the blue star overlapping with the red triangle?,no,yes,INCORRECT
2025-12-22 18:50:51,1,/home/kkarthikeyan/deep-learning/DeepLearningProject/Synthetic-Data/vlm_levels/level_1/images/00003_w.png,PRIMARY,below,Is the blue star below the red triangle?,no,yes,INCORRECT
2025-12-22 18:50:51,1,/home/kkarthikeyan/deep-learning/DeepLearningProject/Synthetic-Data/vlm_levels/level_1/images/00003_w.png,ADVANCED,touching,Is the blue star touching the red triangle?,no,yes,INCORRECT
2025-12-22 18:50:51,1,/home/kkarthikeyan/deep-learning/DeepLearningProject/Synthetic-Data/vlm_levels/level_1/images/00012_w.png,PRIMARY,left_of,Is the cyan square to the left of the purple square?,yes,yes,CORRECT
2025-12-22 18:50:52,1,/home/kkarthikeyan/deep-learning/DeepLearningProject/Synthetic-Data/vlm_levels/level_1/images/00012_w.png,PRIMARY,right_of,Is the purple square right of the cyan square?,yes,yes,CORRECT
2025-12-22 18:50:52,1,/home/kkarthikeyan/deep-learning/DeepLearningProject/Synthetic-Data/vlm_levels/level_1/images/00012_w.png,PRIMARY,right_of,Is the purple square to the right of the cyan square?,yes,yes,CORRECT
2025-12-22 18:50:52,1,/home/kkarthikeyan/deep-learning/DeepLearningProject/Synthetic-Data/vlm_levels/level_1/images/00012_w.png,PRIMARY,left_of,Is the cyan square left of the purple square?,yes,yes,CORRECT
2025-12-22 18:50:52,1,/home/kkarthikeyan/deep-learning/DeepLearningProject/Synthetic-Data/vlm_levels/level_1/images/00012_w.png,ADVANCED,inside,Is the cyan square fully inside the purple square?,no,no,CORRECT
2025-12-22 18:50:53,1,/home/kkarthikeyan/deep-learning/DeepLearningProject/Synthetic-Data/vlm_levels/level_1/images/00012_w.png,ADVANCED,touching,Is the cyan square touching the purple square?,no,yes,INCORRECT
2025-12-22 18:50:53,1,/home/kkarthikeyan/deep-learning/DeepLearningProject/Synthetic-Data/vlm_levels/level_1/images/00012_w.png,PRIMARY,left_of,Is the purple square to the left of the cyan square?,no,yes,INCORRECT
2025-12-22 18:50:53,1,/home/kkarthikeyan/deep-learning/DeepLearningProject/Synthetic-Data/vlm_levels/level_1/images/00012_w.png,PRIMARY,right_of,Is the cyan square to the right of the purple square?,no,yes,INCORRECT
2025-12-22 18:50:53,1,/home/kkarthikeyan/deep-learning/DeepLearningProject/Synthetic-Data/vlm_levels/level_1/images/00012_w.png,ADVANCED,overlapping,Is the cyan square partially covering the purple square?,no,yes,INCORRECT
2025-12-22 18:50:54,2,/home/kkarthikeyan/deep-learning/DeepLearningProject/Synthetic-Data/vlm_levels/level_2/images/00007_w.png,PRIMARY,right_of,Is the cyan circle to the right of the blue triangle?,yes,yes,CORRECT
2025-12-22 18:50:54,2,/home/kkarthikeyan/deep-learning/DeepLearningProject/Synthetic-Data/vlm_levels/level_2/images/00007_w.png,PRIMARY,left_of,Is the blue triangle left of the cyan circle?,yes,yes,CORRECT
2025-12-22 18:50:54,2,/home/kkarthikeyan/deep-learning/DeepLearningProject/Synthetic-Data/vlm_levels/level_2/images/00007_w.png,PRIMARY,below,Is the blue triangle below the cyan circle?,yes,yes,CORRECT
2025-12-22 18:50:54,2,/home/kkarthikeyan/deep-learning/DeepLearningProject/Synthetic-Data/vlm_levels/level_2/images/00007_w.png,PRIMARY,above,Is the cyan circle above the blue triangle?,yes,yes,CORRECT
2025-12-22 18:50:55,2,/home/kkarthikeyan/deep-learning/DeepLearningProject/Synthetic-Data/vlm_levels/level_2/images/00007_w.png,ADVANCED,overlapping,Is the blue triangle partially covering the cyan circle?,no,yes,INCORRECT
2025-12-22 18:50:55,2,/home/kkarthikeyan/deep-learning/DeepLearningProject/Synthetic-Data/vlm_levels/level_2/images/00007_w.png,ADVANCED,touching,Is the cyan circle touching the blue triangle?,no,yes,INCORRECT
2025-12-22 18:50:55,2,/home/kkarthikeyan/deep-learning/DeepLearningProject/Synthetic-Data/vlm_levels/level_2/images/00007_w.png,PRIMARY,right_of,Is the blue triangle right of the cyan circle?,no,yes,INCORRECT
2025-12-22 18:50:55,2,/home/kkarthikeyan/deep-learning/DeepLearningProject/Synthetic-Data/vlm_levels/level_2/images/00007_w.png,ADVANCED,overlapping,Is the cyan circle overlapping with the blue triangle?,no,yes,INCORRECT
2025-12-22 18:50:56,2,/home/kkarthikeyan/deep-learning/DeepLearningProject/Synthetic-Data/vlm_levels/level_2/images/00007_w.png,ADVANCED,overlapping,Is the cyan circle partially covering the blue triangle?,no,yes,INCORRECT
2025-12-22 18:50:56,2,/home/kkarthikeyan/deep-learning/DeepLearningProject/Synthetic-Data/vlm_levels/level_2/images/00016_w.png,PRIMARY,below,Is the red square below the yellow circle?,yes,yes,CORRECT
2025-12-22 18:50:56,2,/home/kkarthikeyan/deep-learning/DeepLearningProject/Synthetic-Data/vlm_levels/level_2/images/00016_w.png,PRIMARY,above,Is the yellow circle above the red square?,yes,yes,CORRECT
2025-12-22 18:50:56,2,/home/kkarthikeyan/deep-learning/DeepLearningProject/Synthetic-Data/vlm_levels/level_2/images/00016_w.png,PRIMARY,right_of,Is the yellow circle right of the red square?,yes,yes,CORRECT
2025-12-22 18:50:57,2,/home/kkarthikeyan/deep-learning/DeepLearningProject/Synthetic-Data/vlm_levels/level_2/images/00016_w.png,ADVANCED,inside,Is the yellow circle contained within the red square?,no,yes,INCORRECT
2025-12-22 18:50:57,2,/home/kkarthikeyan/deep-learning/DeepLearningProject/Synthetic-Data/vlm_levels/level_2/images/00016_w.png,ADVANCED,overlapping,Is the red square overlapping with the yellow circle?,no,no,CORRECT
2025-12-22 18:50:57,2,/home/kkarthikeyan/deep-learning/DeepLearningProject/Synthetic-Data/vlm_levels/level_2/images/00016_w.png,ADVANCED,touching,Is the red square touching the yellow circle?,no,no,CORRECT
2025-12-22 18:50:57,2,/home/kkarthikeyan/deep-learning/DeepLearningProject/Synthetic-Data/vlm_levels/level_2/images/00016_w.png,PRIMARY,left_of,Is the yellow circle left of the red square?,no,yes,INCORRECT
2025-12-22 18:50:58,2,/home/kkarthikeyan/deep-learning/DeepLearningProject/Synthetic-Data/vlm_levels/level_2/images/00016_w.png,ADVANCED,overlapping,Is the yellow circle partially covering the red square?,no,yes,INCORRECT
2025-12-22 18:50:58,2,/home/kkarthikeyan/deep-learning/DeepLearningProject/Synthetic-Data/vlm_levels/level_2/images/00010_b.png,PRIMARY,above,Is the blue square above the purple triangle?,yes,yes,CORRECT
2025-12-22 18:50:58,2,/home/kkarthikeyan/deep-learning/DeepLearningProject/Synthetic-Data/vlm_levels/level_2/images/00010_b.png,PRIMARY,below,Is the purple triangle below the blue square?,yes,yes,CORRECT
2025-12-22 18:50:58,2,/home/kkarthikeyan/deep-learning/DeepLearningProject/Synthetic-Data/vlm_levels/level_2/images/00010_b.png,PRIMARY,left_of,Is the blue square to the left of the purple triangle?,yes,yes,CORRECT
2025-12-22 18:50:59,2,/home/kkarthikeyan/deep-learning/DeepLearningProject/Synthetic-Data/vlm_levels/level_2/images/00010_b.png,PRIMARY,right_of,Is the purple triangle to the right of the blue square?,yes,yes,CORRECT
2025-12-22 18:50:59,2,/home/kkarthikeyan/deep-learning/DeepLearningProject/Synthetic-Data/vlm_levels/level_2/images/00010_b.png,PRIMARY,right_of,Is the purple triangle right of the blue square?,yes,yes,CORRECT
2025-12-22 18:50:59,2,/home/kkarthikeyan/deep-learning/DeepLearningProject/Synthetic-Data/vlm_levels/level_2/images/00010_b.png,ADVANCED,overlapping,Is the purple triangle partially covering the blue square?,no,yes,INCORRECT
2025-12-22 18:50:59,2,/home/kkarthikeyan/deep-learning/DeepLearningProject/Synthetic-Data/vlm_levels/level_2/images/00010_b.png,ADVANCED,touching,Is the purple triangle touching the blue square?,no,yes,INCORRECT
2025-12-22 18:51:00,2,/home/kkarthikeyan/deep-learning/DeepLearningProject/Synthetic-Data/vlm_levels/level_2/images/00010_b.png,ADVANCED,inside,Is the purple triangle fully inside the blue square?,no,no,CORRECT
2025-12-22 18:51:00,2,/home/kkarthikeyan/deep-learning/DeepLearningProject/Synthetic-Data/vlm_levels/level_2/images/00010_b.png,ADVANCED,inside,Is the blue square enclosed by the purple triangle?,no,yes,INCORRECT
2025-12-22 18:51:00,2,/home/kkarthikeyan/deep-learning/DeepLearningProject/Synthetic-Data/vlm_levels/level_2/images/00018_b.png,PRIMARY,below,Is the blue star below the pink circle?,yes,yes,CORRECT
2025-12-22 18:51:01,2,/home/kkarthikeyan/deep-learning/DeepLearningProject/Synthetic-Data/vlm_levels/level_2/images/00018_b.png,PRIMARY,above,Is the pink circle above the blue star?,yes,yes,CORRECT
2025-12-22 18:51:01,2,/home/kkarthikeyan/deep-learning/DeepLearningProject/Synthetic-Data/vlm_levels/level_2/images/00018_b.png,PRIMARY,left_of,Is the pink circle left of the blue star?,yes,yes,CORRECT
2025-12-22 18:51:01,2,/home/kkarthikeyan/deep-learning/DeepLearningProject/Synthetic-Data/vlm_levels/level_2/images/00018_b.png,PRIMARY,right_of,Is the blue star to the right of the pink circle?,yes,yes,CORRECT
2025-12-22 18:51:01,2,/home/kkarthikeyan/deep-learning/DeepLearningProject/Synthetic-Data/vlm_levels/level_2/images/00018_b.png,PRIMARY,right_of,Is the blue star right of the pink circle?,yes,yes,CORRECT
2025-12-22 18:51:02,2,/home/kkarthikeyan/deep-learning/DeepLearningProject/Synthetic-Data/vlm_levels/level_2/images/00018_b.png,PRIMARY,below,Is the pink circle below the blue star?,no,yes,INCORRECT
2025-12-22 18:51:02,2,/home/kkarthikeyan/deep-learning/DeepLearningProject/Synthetic-Data/vlm_levels/level_2/images/00018_b.png,ADVANCED,inside,Is the blue star fully inside the pink circle?,no,no,CORRECT
2025-12-22 18:51:02,2,/home/kkarthikeyan/deep-learning/DeepLearningProject/Synthetic-Data/vlm_levels/level_2/images/00018_b.png,PRIMARY,right_of,Is the pink circle to the right of the blue star?,no,yes,INCORRECT
2025-12-22 18:51:02,2,/home/kkarthikeyan/deep-learning/DeepLearningProject/Synthetic-Data/vlm_levels/level_2/images/00018_b.png,PRIMARY,right_of,Is the pink circle right of the blue star?,no,yes,INCORRECT
2025-12-22 18:51:03,2,/home/kkarthikeyan/deep-learning/DeepLearningProject/Synthetic-Data/vlm_levels/level_2/images/00004_w.png,PRIMARY,right_of,Is the purple circle to the right of the lime square?,yes,yes,CORRECT
2025-12-22 18:51:03,2,/home/kkarthikeyan/deep-learning/DeepLearningProject/Synthetic-Data/vlm_levels/level_2/images/00004_w.png,PRIMARY,left_of,Is the lime square left of the purple circle?,yes,yes,CORRECT
2025-12-22 18:51:03,2,/home/kkarthikeyan/deep-learning/DeepLearningProject/Synthetic-Data/vlm_levels/level_2/images/00004_w.png,PRIMARY,below,Is the purple circle below the lime square?,yes,yes,CORRECT
2025-12-22 18:51:03,2,/home/kkarthikeyan/deep-learning/DeepLearningProject/Synthetic-Data/vlm_levels/level_2/images/00004_w.png,PRIMARY,above,Is the lime square above the purple circle?,yes,yes,CORRECT
2025-12-22 18:51:04,2,/home/kkarthikeyan/deep-learning/DeepLearningProject/Synthetic-Data/vlm_levels/level_2/images/00004_w.png,ADVANCED,overlapping,Is the purple circle overlapping with the lime square?,no,yes,INCORRECT
2025-12-22 18:51:04,2,/home/kkarthikeyan/deep-learning/DeepLearningProject/Synthetic-Data/vlm_levels/level_2/images/00004_w.png,ADVANCED,overlapping,Is the lime square overlapping with the purple circle?,no,yes,INCORRECT
2025-12-22 18:51:04,2,/home/kkarthikeyan/deep-learning/DeepLearningProject/Synthetic-Data/vlm_levels/level_2/images/00004_w.png,PRIMARY,above,Is the purple circle above the lime square?,no,yes,INCORRECT
2025-12-22 18:51:04,2,/home/kkarthikeyan/deep-learning/DeepLearningProject/Synthetic-Data/vlm_levels/level_2/images/00004_w.png,ADVANCED,inside,Is the purple circle contained within the lime square?,no,yes,INCORRECT
2025-12-22 18:51:05,2,/home/kkarthikeyan/deep-learning/DeepLearningProject/Synthetic-Data/vlm_levels/level_2/images/00004_w.png,ADVANCED,overlapping,Is the lime square partially covering the purple circle?,no,yes,INCORRECT
2025-12-22 18:51:05,2,/home/kkarthikeyan/deep-learning/DeepLearningProject/Synthetic-Data/vlm_levels/level_2/images/00008_w.png,PRIMARY,below,Is the red star below the cyan triangle?,yes,yes,CORRECT
2025-12-22 18:51:05,2,/home/kkarthikeyan/deep-learning/DeepLearningProject/Synthetic-Data/vlm_levels/level_2/images/00008_w.png,PRIMARY,above,Is the cyan triangle above the red star?,yes,yes,CORRECT
2025-12-22 18:51:05,2,/home/kkarthikeyan/deep-learning/DeepLearningProject/Synthetic-Data/vlm_levels/level_2/images/00008_w.png,PRIMARY,left_of,Is the red star to the left of the cyan triangle?,yes,yes,CORRECT
2025-12-22 18:51:06,2,/home/kkarthikeyan/deep-learning/DeepLearningProject/Synthetic-Data/vlm_levels/level_2/images/00008_w.png,PRIMARY,right_of,Is the cyan triangle right of the red star?,yes,yes,CORRECT
2025-12-22 18:51:06,2,/home/kkarthikeyan/deep-learning/DeepLearningProject/Synthetic-Data/vlm_levels/level_2/images/00008_w.png,ADVANCED,touching,Is the red star touching the cyan triangle?,no,no,CORRECT
2025-12-22 18:51:06,2,/home/kkarthikeyan/deep-learning/DeepLearningProject/Synthetic-Data/vlm_levels/level_2/images/00008_w.png,PRIMARY,right_of,Is the red star to the right of the cyan triangle?,no,yes,INCORRECT
2025-12-22 18:51:06,2,/home/kkarthikeyan/deep-learning/DeepLearningProject/Synthetic-Data/vlm_levels/level_2/images/00008_w.png,ADVANCED,overlapping,Is the red star overlapping with the cyan triangle?,no,no,CORRECT
2025-12-22 18:51:07,2,/home/kkarthikeyan/deep-learning/DeepLearningProject/Synthetic-Data/vlm_levels/level_2/images/00008_w.png,PRIMARY,below,Is the cyan triangle below the red star?,no,yes,INCORRECT
2025-12-22 18:51:07,2,/home/kkarthikeyan/deep-learning/DeepLearningProject/Synthetic-Data/vlm_levels/level_2/images/00015_w.png,PRIMARY,left_of,Is the purple square left of the green triangle?,yes,yes,CORRECT
2025-12-22 18:51:07,2,/home/kkarthikeyan/deep-learning/DeepLearningProject/Synthetic-Data/vlm_levels/level_2/images/00015_w.png,PRIMARY,right_of,Is the green triangle to the right of the purple square?,yes,yes,CORRECT
2025-12-22 18:51:07,2,/home/kkarthikeyan/deep-learning/DeepLearningProject/Synthetic-Data/vlm_levels/level_2/images/00015_w.png,PRIMARY,below,Is the purple square below the green triangle?,yes,yes,CORRECT
2025-12-22 18:51:08,2,/home/kkarthikeyan/deep-learning/DeepLearningProject/Synthetic-Data/vlm_levels/level_2/images/00015_w.png,PRIMARY,above,Is the green triangle above the purple square?,yes,yes,CORRECT
2025-12-22 18:51:08,2,/home/kkarthikeyan/deep-learning/DeepLearningProject/Synthetic-Data/vlm_levels/level_2/images/00015_w.png,PRIMARY,right_of,Is the purple square to the right of the green triangle?,no,no,CORRECT
2025-12-22 18:51:08,2,/home/kkarthikeyan/deep-learning/DeepLearningProject/Synthetic-Data/vlm_levels/level_2/images/00015_w.png,ADVANCED,inside,Is the purple square enclosed by the green triangle?,no,yes,INCORRECT
2025-12-22 18:51:08,2,/home/kkarthikeyan/deep-learning/DeepLearningProject/Synthetic-Data/vlm_levels/level_2/images/00015_w.png,ADVANCED,touching,Is the green triangle touching the purple square?,no,yes,INCORRECT
2025-12-22 18:51:09,2,/home/kkarthikeyan/deep-learning/DeepLearningProject/Synthetic-Data/vlm_levels/level_2/images/00015_w.png,ADVANCED,overlapping,Is the green triangle partially covering the purple square?,no,yes,INCORRECT
2025-12-22 18:51:09,2,/home/kkarthikeyan/deep-learning/DeepLearningProject/Synthetic-Data/vlm_levels/level_2/images/00015_w.png,PRIMARY,left_of,Is the green triangle left of the purple square?,no,yes,INCORRECT
2025-12-22 18:51:09,2,/home/kkarthikeyan/deep-learning/DeepLearningProject/Synthetic-Data/vlm_levels/level_2/images/00013_w.png,PRIMARY,left_of,Is the green star left of the yellow triangle?,yes,yes,CORRECT
2025-12-22 18:51:09,2,/home/kkarthikeyan/deep-learning/DeepLearningProject/Synthetic-Data/vlm_levels/level_2/images/00013_w.png,PRIMARY,right_of,Is the yellow triangle right of the green star?,yes,yes,CORRECT
2025-12-22 18:51:10,2,/home/kkarthikeyan/deep-learning/DeepLearningProject/Synthetic-Data/vlm_levels/level_2/images/00013_w.png,PRIMARY,right_of,Is the yellow triangle to the right of the green star?,yes,yes,CORRECT
2025-12-22 18:51:10,2,/home/kkarthikeyan/deep-learning/DeepLearningProject/Synthetic-Data/vlm_levels/level_2/images/00013_w.png,PRIMARY,left_of,Is the green star to the left of the yellow triangle?,yes,yes,CORRECT
2025-12-22 18:51:10,2,/home/kkarthikeyan/deep-learning/DeepLearningProject/Synthetic-Data/vlm_levels/level_2/images/00013_w.png,PRIMARY,above,Is the green star above the yellow triangle?,no,yes,INCORRECT
2025-12-22 18:51:10,2,/home/kkarthikeyan/deep-learning/DeepLearningProject/Synthetic-Data/vlm_levels/level_2/images/00013_w.png,PRIMARY,above,Is the yellow triangle above the green star?,no,yes,INCORRECT
2025-12-22 18:51:11,2,/home/kkarthikeyan/deep-learning/DeepLearningProject/Synthetic-Data/vlm_levels/level_2/images/00013_w.png,PRIMARY,below,Is the yellow triangle below the green star?,no,yes,INCORRECT
2025-12-22 18:51:11,2,/home/kkarthikeyan/deep-learning/DeepLearningProject/Synthetic-Data/vlm_levels/level_2/images/00013_w.png,PRIMARY,right_of,Is the green star right of the yellow triangle?,no,yes,INCORRECT
2025-12-22 18:51:11,2,/home/kkarthikeyan/deep-learning/DeepLearningProject/Synthetic-Data/vlm_levels/level_2/images/00013_w.png,ADVANCED,overlapping,Is the green star overlapping with the yellow triangle?,no,yes,INCORRECT
2025-12-22 18:51:12,2,/home/kkarthikeyan/deep-learning/DeepLearningProject/Synthetic-Data/vlm_levels/level_2/images/00008_b.png,PRIMARY,below,Is the red star below the cyan triangle?,yes,yes,CORRECT
2025-12-22 18:51:12,2,/home/kkarthikeyan/deep-learning/DeepLearningProject/Synthetic-Data/vlm_levels/level_2/images/00008_b.png,PRIMARY,above,Is the cyan triangle above the red star?,yes,yes,CORRECT
2025-12-22 18:51:12,2,/home/kkarthikeyan/deep-learning/DeepLearningProject/Synthetic-Data/vlm_levels/level_2/images/00008_b.png,PRIMARY,right_of,Is the cyan triangle to the right of the red star?,yes,yes,CORRECT
2025-12-22 18:51:12,2,/home/kkarthikeyan/deep-learning/DeepLearningProject/Synthetic-Data/vlm_levels/level_2/images/00008_b.png,PRIMARY,left_of,Is the red star to the left of the cyan triangle?,yes,yes,CORRECT
2025-12-22 18:51:13,2,/home/kkarthikeyan/deep-learning/DeepLearningProject/Synthetic-Data/vlm_levels/level_2/images/00008_b.png,PRIMARY,left_of,Is the red star left of the cyan triangle?,yes,yes,CORRECT
2025-12-22 18:51:13,2,/home/kkarthikeyan/deep-learning/DeepLearningProject/Synthetic-Data/vlm_levels/level_2/images/00008_b.png,ADVANCED,touching,Is the red star touching the cyan triangle?,no,yes,INCORRECT
2025-12-22 18:51:13,2,/home/kkarthikeyan/deep-learning/DeepLearningProject/Synthetic-Data/vlm_levels/level_2/images/00008_b.png,ADVANCED,inside,Is the cyan triangle contained within the red star?,no,yes,INCORRECT
2025-12-22 18:51:13,2,/home/kkarthikeyan/deep-learning/DeepLearningProject/Synthetic-Data/vlm_levels/level_2/images/00008_b.png,ADVANCED,inside,Is the cyan triangle fully inside the red star?,no,no,CORRECT
2025-12-22 18:51:14,2,/home/kkarthikeyan/deep-learning/DeepLearningProject/Synthetic-Data/vlm_levels/level_2/images/00008_b.png,ADVANCED,touching,Is the cyan triangle touching the red star?,no,yes,INCORRECT
2025-12-22 18:51:14,2,/home/kkarthikeyan/deep-learning/DeepLearningProject/Synthetic-Data/vlm_levels/level_2/images/00008_b.png,ADVANCED,overlapping,Is the red star partially covering the cyan triangle?,no,yes,INCORRECT
2025-12-22 18:51:14,2,/home/kkarthikeyan/deep-learning/DeepLearningProject/Synthetic-Data/vlm_levels/level_2/images/00014_w.png,PRIMARY,above,Is the green square above the blue triangle?,yes,yes,CORRECT
2025-12-22 18:51:14,2,/home/kkarthikeyan/deep-learning/DeepLearningProject/Synthetic-Data/vlm_levels/level_2/images/00014_w.png,PRIMARY,below,Is the blue triangle below the green square?,yes,yes,CORRECT
2025-12-22 18:51:15,2,/home/kkarthikeyan/deep-learning/DeepLearningProject/Synthetic-Data/vlm_levels/level_2/images/00014_w.png,PRIMARY,right_of,Is the green square right of the blue triangle?,yes,yes,CORRECT
2025-12-22 18:51:15,2,/home/kkarthikeyan/deep-learning/DeepLearningProject/Synthetic-Data/vlm_levels/level_2/images/00014_w.png,PRIMARY,left_of,Is the blue triangle left of the green square?,yes,yes,CORRECT
2025-12-22 18:51:15,2,/home/kkarthikeyan/deep-learning/DeepLearningProject/Synthetic-Data/vlm_levels/level_2/images/00014_w.png,ADVANCED,inside,Is the green square enclosed by the blue triangle?,no,no,CORRECT
2025-12-22 18:51:15,2,/home/kkarthikeyan/deep-learning/DeepLearningProject/Synthetic-Data/vlm_levels/level_2/images/00014_w.png,ADVANCED,overlapping,Is the blue triangle overlapping with the green square?,no,no,CORRECT
2025-12-22 18:51:16,2,/home/kkarthikeyan/deep-learning/DeepLearningProject/Synthetic-Data/vlm_levels/level_2/images/00014_w.png,PRIMARY,above,Is the blue triangle above the green square?,no,yes,INCORRECT
2025-12-22 18:51:16,2,/home/kkarthikeyan/deep-learning/DeepLearningProject/Synthetic-Data/vlm_levels/level_2/images/00014_w.png,ADVANCED,overlapping,Is the green square partially covering the blue triangle?,no,no,CORRECT
2025-12-22 18:51:16,2,/home/kkarthikeyan/deep-learning/DeepLearningProject/Synthetic-Data/vlm_levels/level_2/images/00014_w.png,ADVANCED,touching,Is the blue triangle touching the green square?,no,no,CORRECT
2025-12-22 18:51:16,2,/home/kkarthikeyan/deep-learning/DeepLearningProject/Synthetic-Data/vlm_levels/level_2/images/00006_w.png,PRIMARY,right_of,Is the purple star right of the pink square?,yes,yes,CORRECT
2025-12-22 18:51:17,2,/home/kkarthikeyan/deep-learning/DeepLearningProject/Synthetic-Data/vlm_levels/level_2/images/00006_w.png,PRIMARY,left_of,Is the pink square to the left of the purple star?,yes,yes,CORRECT
2025-12-22 18:51:17,2,/home/kkarthikeyan/deep-learning/DeepLearningProject/Synthetic-Data/vlm_levels/level_2/images/00006_w.png,PRIMARY,below,Is the pink square below the purple star?,yes,yes,CORRECT
2025-12-22 18:51:17,2,/home/kkarthikeyan/deep-learning/DeepLearningProject/Synthetic-Data/vlm_levels/level_2/images/00006_w.png,ADVANCED,inside,Is the purple star fully inside the pink square?,no,no,CORRECT
2025-12-22 18:51:17,2,/home/kkarthikeyan/deep-learning/DeepLearningProject/Synthetic-Data/vlm_levels/level_2/images/00006_w.png,PRIMARY,right_of,Is the pink square to the right of the purple star?,no,no,CORRECT
2025-12-22 18:51:18,2,/home/kkarthikeyan/deep-learning/DeepLearningProject/Synthetic-Data/vlm_levels/level_2/images/00006_w.png,PRIMARY,below,Is the purple star below the pink square?,no,yes,INCORRECT
2025-12-22 18:51:18,2,/home/kkarthikeyan/deep-learning/DeepLearningProject/Synthetic-Data/vlm_levels/level_2/images/00006_w.png,ADVANCED,overlapping,Is the purple star partially covering the pink square?,no,yes,INCORRECT
2025-12-22 18:51:18,2,/home/kkarthikeyan/deep-learning/DeepLearningProject/Synthetic-Data/vlm_levels/level_2/images/00006_w.png,PRIMARY,above,Is the pink square above the purple star?,no,yes,INCORRECT
2025-12-22 18:51:18,2,/home/kkarthikeyan/deep-learning/DeepLearningProject/Synthetic-Data/vlm_levels/level_2/images/00011_b.png,PRIMARY,left_of,Is the blue triangle to the left of the yellow circle?,yes,yes,CORRECT
2025-12-22 18:51:19,2,/home/kkarthikeyan/deep-learning/DeepLearningProject/Synthetic-Data/vlm_levels/level_2/images/00011_b.png,PRIMARY,right_of,Is the yellow circle right of the blue triangle?,yes,yes,CORRECT
2025-12-22 18:51:19,2,/home/kkarthikeyan/deep-learning/DeepLearningProject/Synthetic-Data/vlm_levels/level_2/images/00011_b.png,PRIMARY,left_of,Is the blue triangle left of the yellow circle?,yes,yes,CORRECT
2025-12-22 18:51:19,2,/home/kkarthikeyan/deep-learning/DeepLearningProject/Synthetic-Data/vlm_levels/level_2/images/00011_b.png,PRIMARY,below,Is the blue triangle below the yellow circle?,yes,yes,CORRECT
2025-12-22 18:51:19,2,/home/kkarthikeyan/deep-learning/DeepLearningProject/Synthetic-Data/vlm_levels/level_2/images/00011_b.png,ADVANCED,inside,Is the blue triangle enclosed by the yellow circle?,no,yes,INCORRECT
2025-12-22 18:51:20,2,/home/kkarthikeyan/deep-learning/DeepLearningProject/Synthetic-Data/vlm_levels/level_2/images/00011_b.png,ADVANCED,overlapping,Is the yellow circle overlapping with the blue triangle?,no,yes,INCORRECT
2025-12-22 18:51:20,2,/home/kkarthikeyan/deep-learning/DeepLearningProject/Synthetic-Data/vlm_levels/level_2/images/00011_b.png,ADVANCED,inside,Is the yellow circle fully inside the blue triangle?,no,no,CORRECT
2025-12-22 18:51:20,2,/home/kkarthikeyan/deep-learning/DeepLearningProject/Synthetic-Data/vlm_levels/level_2/images/00011_b.png,PRIMARY,right_of,Is the blue triangle to the right of the yellow circle?,no,no,CORRECT
2025-12-22 18:51:20,2,/home/kkarthikeyan/deep-learning/DeepLearningProject/Synthetic-Data/vlm_levels/level_2/images/00011_b.png,PRIMARY,above,Is the blue triangle above the yellow circle?,no,yes,INCORRECT
2025-12-22 18:51:21,2,/home/kkarthikeyan/deep-learning/DeepLearningProject/Synthetic-Data/vlm_levels/level_2/images/00003_b.png,PRIMARY,above,Is the red circle above the blue triangle?,yes,yes,CORRECT
2025-12-22 18:51:21,2,/home/kkarthikeyan/deep-learning/DeepLearningProject/Synthetic-Data/vlm_levels/level_2/images/00003_b.png,PRIMARY,below,Is the blue triangle below the red circle?,yes,yes,CORRECT
2025-12-22 18:51:21,2,/home/kkarthikeyan/deep-learning/DeepLearningProject/Synthetic-Data/vlm_levels/level_2/images/00003_b.png,PRIMARY,left_of,Is the red circle to the left of the blue triangle?,yes,yes,CORRECT
2025-12-22 18:51:21,2,/home/kkarthikeyan/deep-learning/DeepLearningProject/Synthetic-Data/vlm_levels/level_2/images/00003_b.png,PRIMARY,right_of,Is the blue triangle right of the red circle?,yes,yes,CORRECT
2025-12-22 18:51:22,2,/home/kkarthikeyan/deep-learning/DeepLearningProject/Synthetic-Data/vlm_levels/level_2/images/00003_b.png,PRIMARY,below,Is the red circle below the blue triangle?,no,yes,INCORRECT
2025-12-22 18:51:22,2,/home/kkarthikeyan/deep-learning/DeepLearningProject/Synthetic-Data/vlm_levels/level_2/images/00003_b.png,PRIMARY,left_of,Is the blue triangle left of the red circle?,no,no,CORRECT
2025-12-22 18:51:22,2,/home/kkarthikeyan/deep-learning/DeepLearningProject/Synthetic-Data/vlm_levels/level_2/images/00003_b.png,ADVANCED,overlapping,Is the red circle partially covering the blue triangle?,no,yes,INCORRECT
2025-12-22 18:51:22,2,/home/kkarthikeyan/deep-learning/DeepLearningProject/Synthetic-Data/vlm_levels/level_2/images/00003_b.png,PRIMARY,above,Is the blue triangle above the red circle?,no,yes,INCORRECT
2025-12-22 18:51:23,2,/home/kkarthikeyan/deep-learning/DeepLearningProject/Synthetic-Data/vlm_levels/level_2/images/00003_b.png,ADVANCED,inside,Is the red circle fully inside the blue triangle?,no,no,CORRECT
2025-12-22 18:51:23,2,/home/kkarthikeyan/deep-learning/DeepLearningProject/Synthetic-Data/vlm_levels/level_2/images/00014_b.png,PRIMARY,left_of,Is the blue triangle to the left of the green square?,yes,yes,CORRECT
2025-12-22 18:51:23,2,/home/kkarthikeyan/deep-learning/DeepLearningProject/Synthetic-Data/vlm_levels/level_2/images/00014_b.png,PRIMARY,right_of,Is the green square right of the blue triangle?,yes,yes,CORRECT
2025-12-22 18:51:24,2,/home/kkarthikeyan/deep-learning/DeepLearningProject/Synthetic-Data/vlm_levels/level_2/images/00014_b.png,PRIMARY,above,Is the green square above the blue triangle?,yes,yes,CORRECT
2025-12-22 18:51:24,2,/home/kkarthikeyan/deep-learning/DeepLearningProject/Synthetic-Data/vlm_levels/level_2/images/00014_b.png,PRIMARY,below,Is the blue triangle below the green square?,yes,yes,CORRECT
2025-12-22 18:51:24,2,/home/kkarthikeyan/deep-learning/DeepLearningProject/Synthetic-Data/vlm_levels/level_2/images/00014_b.png,PRIMARY,left_of,Is the green square to the left of the blue triangle?,no,no,CORRECT
2025-12-22 18:51:24,2,/home/kkarthikeyan/deep-learning/DeepLearningProject/Synthetic-Data/vlm_levels/level_2/images/00014_b.png,PRIMARY,right_of,Is the blue triangle right of the green square?,no,yes,INCORRECT
2025-12-22 18:51:25,2,/home/kkarthikeyan/deep-learning/DeepLearningProject/Synthetic-Data/vlm_levels/level_2/images/00014_b.png,PRIMARY,above,Is the blue triangle above the green square?,no,yes,INCORRECT
2025-12-22 18:51:25,2,/home/kkarthikeyan/deep-learning/DeepLearningProject/Synthetic-Data/vlm_levels/level_2/images/00014_b.png,ADVANCED,overlapping,Is the green square partially covering the blue triangle?,no,yes,INCORRECT
2025-12-22 18:51:25,2,/home/kkarthikeyan/deep-learning/DeepLearningProject/Synthetic-Data/vlm_levels/level_2/images/00019_w.png,PRIMARY,left_of,Is the pink square left of the cyan square?,yes,yes,CORRECT
2025-12-22 18:51:25,2,/home/kkarthikeyan/deep-learning/DeepLearningProject/Synthetic-Data/vlm_levels/level_2/images/00019_w.png,PRIMARY,right_of,Is the cyan square right of the pink square?,yes,yes,CORRECT
2025-12-22 18:51:26,2,/home/kkarthikeyan/deep-learning/DeepLearningProject/Synthetic-Data/vlm_levels/level_2/images/00019_w.png,PRIMARY,above,Is the cyan square above the pink square?,yes,yes,CORRECT
2025-12-22 18:51:26,2,/home/kkarthikeyan/deep-learning/DeepLearningProject/Synthetic-Data/vlm_levels/level_2/images/00019_w.png,PRIMARY,below,Is the pink square below the cyan square?,yes,yes,CORRECT
2025-12-22 18:51:26,2,/home/kkarthikeyan/deep-learning/DeepLearningProject/Synthetic-Data/vlm_levels/level_2/images/00019_w.png,PRIMARY,right_of,Is the cyan square to the right of the pink square?,yes,yes,CORRECT
2025-12-22 18:51:26,2,/home/kkarthikeyan/deep-learning/DeepLearningProject/Synthetic-Data/vlm_levels/level_2/images/00019_w.png,ADVANCED,overlapping,Is the pink square overlapping with the cyan square?,no,yes,INCORRECT
2025-12-22 18:51:27,2,/home/kkarthikeyan/deep-learning/DeepLearningProject/Synthetic-Data/vlm_levels/level_2/images/00019_w.png,ADVANCED,inside,Is the cyan square contained within the pink square?,no,yes,INCORRECT
2025-12-22 18:51:27,2,/home/kkarthikeyan/deep-learning/DeepLearningProject/Synthetic-Data/vlm_levels/level_2/images/00019_w.png,PRIMARY,above,Is the pink square above the cyan square?,no,yes,INCORRECT
2025-12-22 18:51:27,2,/home/kkarthikeyan/deep-learning/DeepLearningProject/Synthetic-Data/vlm_levels/level_2/images/00019_w.png,ADVANCED,touching,Is the cyan square touching the pink square?,no,yes,INCORRECT
2025-12-22 18:51:27,2,/home/kkarthikeyan/deep-learning/DeepLearningProject/Synthetic-Data/vlm_levels/level_2/images/00001_w.png,PRIMARY,above,Is the cyan triangle above the pink circle?,yes,yes,CORRECT
2025-12-22 18:51:28,2,/home/kkarthikeyan/deep-learning/DeepLearningProject/Synthetic-Data/vlm_levels/level_2/images/00001_w.png,PRIMARY,below,Is the pink circle below the cyan triangle?,yes,yes,CORRECT
2025-12-22 18:51:28,2,/home/kkarthikeyan/deep-learning/DeepLearningProject/Synthetic-Data/vlm_levels/level_2/images/00001_w.png,PRIMARY,right_of,Is the pink circle right of the cyan triangle?,yes,yes,CORRECT
2025-12-22 18:51:28,2,/home/kkarthikeyan/deep-learning/DeepLearningProject/Synthetic-Data/vlm_levels/level_2/images/00001_w.png,PRIMARY,left_of,Is the cyan triangle to the left of the pink circle?,yes,yes,CORRECT
2025-12-22 18:51:28,2,/home/kkarthikeyan/deep-learning/DeepLearningProject/Synthetic-Data/vlm_levels/level_2/images/00001_w.png,PRIMARY,left_of,Is the cyan triangle left of the pink circle?,yes,yes,CORRECT
2025-12-22 18:51:29,2,/home/kkarthikeyan/deep-learning/DeepLearningProject/Synthetic-Data/vlm_levels/level_2/images/00001_w.png,ADVANCED,overlapping,Is the pink circle overlapping with the cyan triangle?,no,yes,INCORRECT
2025-12-22 18:51:29,2,/home/kkarthikeyan/deep-learning/DeepLearningProject/Synthetic-Data/vlm_levels/level_2/images/00001_w.png,ADVANCED,touching,Is the pink circle touching the cyan triangle?,no,yes,INCORRECT
2025-12-22 18:51:29,2,/home/kkarthikeyan/deep-learning/DeepLearningProject/Synthetic-Data/vlm_levels/level_2/images/00001_w.png,PRIMARY,left_of,Is the pink circle to the left of the cyan triangle?,no,yes,INCORRECT
2025-12-22 18:51:29,2,/home/kkarthikeyan/deep-learning/DeepLearningProject/Synthetic-Data/vlm_levels/level_2/images/00001_w.png,PRIMARY,above,Is the pink circle above the cyan triangle?,no,yes,INCORRECT
2025-12-22 18:51:30,2,/home/kkarthikeyan/deep-learning/DeepLearningProject/Synthetic-Data/vlm_levels/level_2/images/00001_w.png,ADVANCED,touching,Is the cyan triangle touching the pink circle?,no,yes,INCORRECT
2025-12-22 18:51:30,2,/home/kkarthikeyan/deep-learning/DeepLearningProject/Synthetic-Data/vlm_levels/level_2/images/00011_w.png,PRIMARY,left_of,Is the blue triangle left of the yellow circle?,yes,yes,CORRECT
2025-12-22 18:51:30,2,/home/kkarthikeyan/deep-learning/DeepLearningProject/Synthetic-Data/vlm_levels/level_2/images/00011_w.png,PRIMARY,right_of,Is the yellow circle to the right of the blue triangle?,yes,yes,CORRECT
2025-12-22 18:51:30,2,/home/kkarthikeyan/deep-learning/DeepLearningProject/Synthetic-Data/vlm_levels/level_2/images/00011_w.png,PRIMARY,below,Is the blue triangle below the yellow circle?,yes,yes,CORRECT
2025-12-22 18:51:31,2,/home/kkarthikeyan/deep-learning/DeepLearningProject/Synthetic-Data/vlm_levels/level_2/images/00011_w.png,PRIMARY,above,Is the yellow circle above the blue triangle?,yes,yes,CORRECT
2025-12-22 18:51:31,2,/home/kkarthikeyan/deep-learning/DeepLearningProject/Synthetic-Data/vlm_levels/level_2/images/00011_w.png,ADVANCED,overlapping,Is the blue triangle overlapping with the yellow circle?,no,yes,INCORRECT
2025-12-22 18:51:31,2,/home/kkarthikeyan/deep-learning/DeepLearningProject/Synthetic-Data/vlm_levels/level_2/images/00011_w.png,ADVANCED,inside,Is the blue triangle enclosed by the yellow circle?,no,yes,INCORRECT
2025-12-22 18:51:31,2,/home/kkarthikeyan/deep-learning/DeepLearningProject/Synthetic-Data/vlm_levels/level_2/images/00011_w.png,PRIMARY,above,Is the blue triangle above the yellow circle?,no,yes,INCORRECT
2025-12-22 18:51:32,2,/home/kkarthikeyan/deep-learning/DeepLearningProject/Synthetic-Data/vlm_levels/level_2/images/00011_w.png,ADVANCED,inside,Is the yellow circle fully inside the blue triangle?,no,no,CORRECT
2025-12-22 18:51:32,2,/home/kkarthikeyan/deep-learning/DeepLearningProject/Synthetic-Data/vlm_levels/level_2/images/00011_w.png,ADVANCED,inside,Is the yellow circle enclosed by the blue triangle?,no,yes,INCORRECT
2025-12-22 18:51:32,2,/home/kkarthikeyan/deep-learning/DeepLearningProject/Synthetic-Data/vlm_levels/level_2/images/00009_b.png,PRIMARY,left_of,Is the orange star to the left of the purple square?,yes,yes,CORRECT
2025-12-22 18:51:32,2,/home/kkarthikeyan/deep-learning/DeepLearningProject/Synthetic-Data/vlm_levels/level_2/images/00009_b.png,PRIMARY,right_of,Is the purple square right of the orange star?,yes,yes,CORRECT
2025-12-22 18:51:33,2,/home/kkarthikeyan/deep-learning/DeepLearningProject/Synthetic-Data/vlm_levels/level_2/images/00009_b.png,PRIMARY,left_of,Is the orange star left of the purple square?,yes,yes,CORRECT
2025-12-22 18:51:33,2,/home/kkarthikeyan/deep-learning/DeepLearningProject/Synthetic-Data/vlm_levels/level_2/images/00009_b.png,PRIMARY,above,Is the purple square above the orange star?,yes,yes,CORRECT
2025-12-22 18:51:33,2,/home/kkarthikeyan/deep-learning/DeepLearningProject/Synthetic-Data/vlm_levels/level_2/images/00009_b.png,PRIMARY,left_of,Is the purple square to the left of the orange star?,no,yes,INCORRECT
2025-12-22 18:51:33,2,/home/kkarthikeyan/deep-learning/DeepLearningProject/Synthetic-Data/vlm_levels/level_2/images/00009_b.png,ADVANCED,touching,Is the purple square touching the orange star?,no,yes,INCORRECT
2025-12-22 18:51:34,2,/home/kkarthikeyan/deep-learning/DeepLearningProject/Synthetic-Data/vlm_levels/level_2/images/00009_b.png,ADVANCED,overlapping,Is the purple square overlapping with the orange star?,no,yes,INCORRECT
2025-12-22 18:51:34,2,/home/kkarthikeyan/deep-learning/DeepLearningProject/Synthetic-Data/vlm_levels/level_2/images/00009_b.png,ADVANCED,inside,Is the purple square fully inside the orange star?,no,no,CORRECT
2025-12-22 18:51:34,2,/home/kkarthikeyan/deep-learning/DeepLearningProject/Synthetic-Data/vlm_levels/level_2/images/00009_b.png,ADVANCED,inside,Is the purple square contained within the orange star?,no,yes,INCORRECT
2025-12-22 18:51:35,2,/home/kkarthikeyan/deep-learning/DeepLearningProject/Synthetic-Data/vlm_levels/level_2/images/00000_w.png,PRIMARY,above,Is the green square above the pink triangle?,yes,yes,CORRECT
2025-12-22 18:51:35,2,/home/kkarthikeyan/deep-learning/DeepLearningProject/Synthetic-Data/vlm_levels/level_2/images/00000_w.png,PRIMARY,below,Is the pink triangle below the green square?,yes,yes,CORRECT
2025-12-22 18:51:35,2,/home/kkarthikeyan/deep-learning/DeepLearningProject/Synthetic-Data/vlm_levels/level_2/images/00000_w.png,PRIMARY,left_of,Is the green square to the left of the pink triangle?,yes,yes,CORRECT
2025-12-22 18:51:35,2,/home/kkarthikeyan/deep-learning/DeepLearningProject/Synthetic-Data/vlm_levels/level_2/images/00000_w.png,PRIMARY,right_of,Is the pink triangle right of the green square?,yes,yes,CORRECT
2025-12-22 18:51:36,2,/home/kkarthikeyan/deep-learning/DeepLearningProject/Synthetic-Data/vlm_levels/level_2/images/00000_w.png,ADVANCED,touching,Is the green square touching the pink triangle?,no,no,CORRECT
2025-12-22 18:51:36,2,/home/kkarthikeyan/deep-learning/DeepLearningProject/Synthetic-Data/vlm_levels/level_2/images/00000_w.png,ADVANCED,inside,Is the green square contained within the pink triangle?,no,yes,INCORRECT
2025-12-22 18:51:36,2,/home/kkarthikeyan/deep-learning/DeepLearningProject/Synthetic-Data/vlm_levels/level_2/images/00000_w.png,PRIMARY,below,Is the green square below the pink triangle?,no,yes,INCORRECT
2025-12-22 18:51:36,2,/home/kkarthikeyan/deep-learning/DeepLearningProject/Synthetic-Data/vlm_levels/level_2/images/00010_w.png,PRIMARY,left_of,Is the blue square left of the purple triangle?,yes,yes,CORRECT
2025-12-22 18:51:37,2,/home/kkarthikeyan/deep-learning/DeepLearningProject/Synthetic-Data/vlm_levels/level_2/images/00010_w.png,PRIMARY,right_of,Is the purple triangle to the right of the blue square?,yes,yes,CORRECT
2025-12-22 18:51:37,2,/home/kkarthikeyan/deep-learning/DeepLearningProject/Synthetic-Data/vlm_levels/level_2/images/00010_w.png,PRIMARY,below,Is the purple triangle below the blue square?,yes,yes,CORRECT
2025-12-22 18:51:37,2,/home/kkarthikeyan/deep-learning/DeepLearningProject/Synthetic-Data/vlm_levels/level_2/images/00010_w.png,PRIMARY,above,Is the blue square above the purple triangle?,yes,yes,CORRECT
2025-12-22 18:51:37,2,/home/kkarthikeyan/deep-learning/DeepLearningProject/Synthetic-Data/vlm_levels/level_2/images/00010_w.png,PRIMARY,below,Is the blue square below the purple triangle?,no,yes,INCORRECT
2025-12-22 18:51:38,2,/home/kkarthikeyan/deep-learning/DeepLearningProject/Synthetic-Data/vlm_levels/level_2/images/00010_w.png,ADVANCED,overlapping,Is the purple triangle partially covering the blue square?,no,yes,INCORRECT
2025-12-22 18:51:38,2,/home/kkarthikeyan/deep-learning/DeepLearningProject/Synthetic-Data/vlm_levels/level_2/images/00009_w.png,PRIMARY,above,Is the purple square above the orange star?,yes,yes,CORRECT
2025-12-22 18:51:38,2,/home/kkarthikeyan/deep-learning/DeepLearningProject/Synthetic-Data/vlm_levels/level_2/images/00009_w.png,PRIMARY,below,Is the orange star below the purple square?,yes,yes,CORRECT
2025-12-22 18:51:38,2,/home/kkarthikeyan/deep-learning/DeepLearningProject/Synthetic-Data/vlm_levels/level_2/images/00009_w.png,PRIMARY,right_of,Is the purple square right of the orange star?,yes,yes,CORRECT
2025-12-22 18:51:39,2,/home/kkarthikeyan/deep-learning/DeepLearningProject/Synthetic-Data/vlm_levels/level_2/images/00009_w.png,PRIMARY,left_of,Is the orange star to the left of the purple square?,yes,yes,CORRECT
2025-12-22 18:51:39,2,/home/kkarthikeyan/deep-learning/DeepLearningProject/Synthetic-Data/vlm_levels/level_2/images/00009_w.png,ADVANCED,inside,Is the orange star enclosed by the purple square?,no,yes,INCORRECT
2025-12-22 18:51:39,2,/home/kkarthikeyan/deep-learning/DeepLearningProject/Synthetic-Data/vlm_levels/level_2/images/00009_w.png,ADVANCED,inside,Is the orange star fully inside the purple square?,no,no,CORRECT
2025-12-22 18:51:39,2,/home/kkarthikeyan/deep-learning/DeepLearningProject/Synthetic-Data/vlm_levels/level_2/images/00009_w.png,ADVANCED,inside,Is the orange star contained within the purple square?,no,yes,INCORRECT
2025-12-22 18:51:40,2,/home/kkarthikeyan/deep-learning/DeepLearningProject/Synthetic-Data/vlm_levels/level_2/images/00009_w.png,ADVANCED,touching,Is the orange star touching the purple square?,no,yes,INCORRECT
2025-12-22 18:51:40,2,/home/kkarthikeyan/deep-learning/DeepLearningProject/Synthetic-Data/vlm_levels/level_2/images/00009_w.png,PRIMARY,below,Is the purple square below the orange star?,no,yes,INCORRECT
2025-12-22 18:51:40,2,/home/kkarthikeyan/deep-learning/DeepLearningProject/Synthetic-Data/vlm_levels/level_2/images/00005_w.png,PRIMARY,above,Is the lime triangle above the orange triangle?,yes,yes,CORRECT
2025-12-22 18:51:40,2,/home/kkarthikeyan/deep-learning/DeepLearningProject/Synthetic-Data/vlm_levels/level_2/images/00005_w.png,PRIMARY,below,Is the orange triangle below the lime triangle?,yes,yes,CORRECT
2025-12-22 18:51:41,2,/home/kkarthikeyan/deep-learning/DeepLearningProject/Synthetic-Data/vlm_levels/level_2/images/00005_w.png,PRIMARY,left_of,Is the lime triangle left of the orange triangle?,yes,yes,CORRECT
2025-12-22 18:51:41,2,/home/kkarthikeyan/deep-learning/DeepLearningProject/Synthetic-Data/vlm_levels/level_2/images/00005_w.png,PRIMARY,right_of,Is the orange triangle to the right of the lime triangle?,yes,yes,CORRECT
2025-12-22 18:51:41,2,/home/kkarthikeyan/deep-learning/DeepLearningProject/Synthetic-Data/vlm_levels/level_2/images/00005_w.png,ADVANCED,inside,Is the orange triangle contained within the lime triangle?,no,yes,INCORRECT
2025-12-22 18:51:41,2,/home/kkarthikeyan/deep-learning/DeepLearningProject/Synthetic-Data/vlm_levels/level_2/images/00005_w.png,ADVANCED,touching,Is the orange triangle touching the lime triangle?,no,no,CORRECT
2025-12-22 18:51:42,2,/home/kkarthikeyan/deep-learning/DeepLearningProject/Synthetic-Data/vlm_levels/level_2/images/00005_w.png,PRIMARY,above,Is the orange triangle above the lime triangle?,no,yes,INCORRECT
2025-12-22 18:51:42,2,/home/kkarthikeyan/deep-learning/DeepLearningProject/Synthetic-Data/vlm_levels/level_2/images/00005_w.png,ADVANCED,touching,Is the lime triangle touching the orange triangle?,no,no,CORRECT
2025-12-22 18:51:42,2,/home/kkarthikeyan/deep-learning/DeepLearningProject/Synthetic-Data/vlm_levels/level_2/images/00007_b.png,PRIMARY,left_of,Is the blue triangle left of the cyan circle?,yes,yes,CORRECT
2025-12-22 18:51:42,2,/home/kkarthikeyan/deep-learning/DeepLearningProject/Synthetic-Data/vlm_levels/level_2/images/00007_b.png,PRIMARY,right_of,Is the cyan circle to the right of the blue triangle?,yes,yes,CORRECT
2025-12-22 18:51:43,2,/home/kkarthikeyan/deep-learning/DeepLearningProject/Synthetic-Data/vlm_levels/level_2/images/00007_b.png,PRIMARY,below,Is the blue triangle below the cyan circle?,yes,yes,CORRECT
2025-12-22 18:51:43,2,/home/kkarthikeyan/deep-learning/DeepLearningProject/Synthetic-Data/vlm_levels/level_2/images/00007_b.png,PRIMARY,above,Is the cyan circle above the blue triangle?,yes,yes,CORRECT
2025-12-22 18:51:43,2,/home/kkarthikeyan/deep-learning/DeepLearningProject/Synthetic-Data/vlm_levels/level_2/images/00007_b.png,ADVANCED,touching,Is the cyan circle touching the blue triangle?,no,yes,INCORRECT
2025-12-22 18:51:43,2,/home/kkarthikeyan/deep-learning/DeepLearningProject/Synthetic-Data/vlm_levels/level_2/images/00007_b.png,ADVANCED,overlapping,Is the blue triangle partially covering the cyan circle?,no,yes,INCORRECT
2025-12-22 18:51:44,2,/home/kkarthikeyan/deep-learning/DeepLearningProject/Synthetic-Data/vlm_levels/level_2/images/00007_b.png,ADVANCED,inside,Is the cyan circle enclosed by the blue triangle?,no,yes,INCORRECT
2025-12-22 18:51:44,2,/home/kkarthikeyan/deep-learning/DeepLearningProject/Synthetic-Data/vlm_levels/level_2/images/00007_b.png,PRIMARY,left_of,Is the cyan circle left of the blue triangle?,no,yes,INCORRECT
2025-12-22 18:51:44,2,/home/kkarthikeyan/deep-learning/DeepLearningProject/Synthetic-Data/vlm_levels/level_2/images/00012_b.png,PRIMARY,left_of,Is the green square to the left of the blue circle?,yes,yes,CORRECT
2025-12-22 18:51:44,2,/home/kkarthikeyan/deep-learning/DeepLearningProject/Synthetic-Data/vlm_levels/level_2/images/00012_b.png,PRIMARY,right_of,Is the blue circle to the right of the green square?,yes,yes,CORRECT
2025-12-22 18:51:45,2,/home/kkarthikeyan/deep-learning/DeepLearningProject/Synthetic-Data/vlm_levels/level_2/images/00012_b.png,PRIMARY,right_of,Is the blue circle right of the green square?,yes,yes,CORRECT
2025-12-22 18:51:45,2,/home/kkarthikeyan/deep-learning/DeepLearningProject/Synthetic-Data/vlm_levels/level_2/images/00012_b.png,PRIMARY,above,Is the green square above the blue circle?,yes,yes,CORRECT
2025-12-22 18:51:45,2,/home/kkarthikeyan/deep-learning/DeepLearningProject/Synthetic-Data/vlm_levels/level_2/images/00012_b.png,ADVANCED,touching,Is the green square touching the blue circle?,no,no,CORRECT
2025-12-22 18:51:45,2,/home/kkarthikeyan/deep-learning/DeepLearningProject/Synthetic-Data/vlm_levels/level_2/images/00012_b.png,PRIMARY,right_of,Is the green square to the right of the blue circle?,no,no,CORRECT
2025-12-22 18:51:46,2,/home/kkarthikeyan/deep-learning/DeepLearningProject/Synthetic-Data/vlm_levels/level_2/images/00012_b.png,ADVANCED,overlapping,Is the green square partially covering the blue circle?,no,yes,INCORRECT
2025-12-22 18:51:46,2,/home/kkarthikeyan/deep-learning/DeepLearningProject/Synthetic-Data/vlm_levels/level_2/images/00012_b.png,PRIMARY,below,Is the green square below the blue circle?,no,yes,INCORRECT
2025-12-22 18:51:46,2,/home/kkarthikeyan/deep-learning/DeepLearningProject/Synthetic-Data/vlm_levels/level_2/images/00000_b.png,PRIMARY,below,Is the pink triangle below the green square?,yes,yes,CORRECT
2025-12-22 18:51:47,2,/home/kkarthikeyan/deep-learning/DeepLearningProject/Synthetic-Data/vlm_levels/level_2/images/00000_b.png,PRIMARY,above,Is the green square above the pink triangle?,yes,yes,CORRECT
2025-12-22 18:51:47,2,/home/kkarthikeyan/deep-learning/DeepLearningProject/Synthetic-Data/vlm_levels/level_2/images/00000_b.png,PRIMARY,right_of,Is the pink triangle to the right of the green square?,yes,yes,CORRECT
2025-12-22 18:51:47,2,/home/kkarthikeyan/deep-learning/DeepLearningProject/Synthetic-Data/vlm_levels/level_2/images/00000_b.png,ADVANCED,overlapping,Is the pink triangle overlapping with the green square?,no,yes,INCORRECT
2025-12-22 18:51:47,2,/home/kkarthikeyan/deep-learning/DeepLearningProject/Synthetic-Data/vlm_levels/level_2/images/00000_b.png,ADVANCED,inside,Is the pink triangle enclosed by the green square?,no,yes,INCORRECT
2025-12-22 18:51:48,2,/home/kkarthikeyan/deep-learning/DeepLearningProject/Synthetic-Data/vlm_levels/level_2/images/00000_b.png,ADVANCED,touching,Is the green square touching the pink triangle?,no,no,CORRECT
2025-12-22 18:51:48,2,/home/kkarthikeyan/deep-learning/DeepLearningProject/Synthetic-Data/vlm_levels/level_2/images/00000_b.png,PRIMARY,above,Is the pink triangle above the green square?,no,yes,INCORRECT
2025-12-22 18:51:48,2,/home/kkarthikeyan/deep-learning/DeepLearningProject/Synthetic-Data/vlm_levels/level_2/images/00001_b.png,PRIMARY,below,Is the pink circle below the cyan triangle?,yes,yes,CORRECT
2025-12-22 18:51:48,2,/home/kkarthikeyan/deep-learning/DeepLearningProject/Synthetic-Data/vlm_levels/level_2/images/00001_b.png,PRIMARY,above,Is the cyan triangle above the pink circle?,yes,yes,CORRECT
2025-12-22 18:51:49,2,/home/kkarthikeyan/deep-learning/DeepLearningProject/Synthetic-Data/vlm_levels/level_2/images/00001_b.png,PRIMARY,right_of,Is the pink circle to the right of the cyan triangle?,yes,yes,CORRECT
2025-12-22 18:51:49,2,/home/kkarthikeyan/deep-learning/DeepLearningProject/Synthetic-Data/vlm_levels/level_2/images/00001_b.png,PRIMARY,left_of,Is the cyan triangle to the left of the pink circle?,yes,yes,CORRECT
2025-12-22 18:51:49,2,/home/kkarthikeyan/deep-learning/DeepLearningProject/Synthetic-Data/vlm_levels/level_2/images/00001_b.png,ADVANCED,touching,Is the cyan triangle touching the pink circle?,no,yes,INCORRECT
2025-12-22 18:51:49,2,/home/kkarthikeyan/deep-learning/DeepLearningProject/Synthetic-Data/vlm_levels/level_2/images/00001_b.png,ADVANCED,touching,Is the pink circle touching the cyan triangle?,no,yes,INCORRECT
2025-12-22 18:51:50,2,/home/kkarthikeyan/deep-learning/DeepLearningProject/Synthetic-Data/vlm_levels/level_2/images/00001_b.png,ADVANCED,overlapping,Is the cyan triangle partially covering the pink circle?,no,yes,INCORRECT
2025-12-22 18:51:50,2,/home/kkarthikeyan/deep-learning/DeepLearningProject/Synthetic-Data/vlm_levels/level_2/images/00001_b.png,PRIMARY,right_of,Is the cyan triangle to the right of the pink circle?,no,yes,INCORRECT
2025-12-22 18:51:50,2,/home/kkarthikeyan/deep-learning/DeepLearningProject/Synthetic-Data/vlm_levels/level_2/images/00019_b.png,PRIMARY,above,Is the cyan square above the pink square?,yes,yes,CORRECT
2025-12-22 18:51:50,2,/home/kkarthikeyan/deep-learning/DeepLearningProject/Synthetic-Data/vlm_levels/level_2/images/00019_b.png,PRIMARY,below,Is the pink square below the cyan square?,yes,yes,CORRECT
2025-12-22 18:51:51,2,/home/kkarthikeyan/deep-learning/DeepLearningProject/Synthetic-Data/vlm_levels/level_2/images/00019_b.png,PRIMARY,right_of,Is the cyan square to the right of the pink square?,yes,yes,CORRECT
2025-12-22 18:51:51,2,/home/kkarthikeyan/deep-learning/DeepLearningProject/Synthetic-Data/vlm_levels/level_2/images/00019_b.png,ADVANCED,overlapping,Is the cyan square overlapping with the pink square?,no,yes,INCORRECT
2025-12-22 18:51:51,2,/home/kkarthikeyan/deep-learning/DeepLearningProject/Synthetic-Data/vlm_levels/level_2/images/00019_b.png,ADVANCED,touching,Is the pink square touching the cyan square?,no,no,CORRECT
2025-12-22 18:51:51,2,/home/kkarthikeyan/deep-learning/DeepLearningProject/Synthetic-Data/vlm_levels/level_2/images/00019_b.png,PRIMARY,below,Is the cyan square below the pink square?,no,yes,INCORRECT
2025-12-22 18:51:52,2,/home/kkarthikeyan/deep-learning/DeepLearningProject/Synthetic-Data/vlm_levels/level_2/images/00019_b.png,ADVANCED,inside,Is the cyan square fully inside the pink square?,no,no,CORRECT
2025-12-22 18:51:52,2,/home/kkarthikeyan/deep-learning/DeepLearningProject/Synthetic-Data/vlm_levels/level_2/images/00013_b.png,PRIMARY,right_of,Is the yellow triangle to the right of the green star?,yes,yes,CORRECT
2025-12-22 18:51:52,2,/home/kkarthikeyan/deep-learning/DeepLearningProject/Synthetic-Data/vlm_levels/level_2/images/00013_b.png,PRIMARY,left_of,Is the green star left of the yellow triangle?,yes,yes,CORRECT
2025-12-22 18:51:52,2,/home/kkarthikeyan/deep-learning/DeepLearningProject/Synthetic-Data/vlm_levels/level_2/images/00013_b.png,PRIMARY,left_of,Is the green star to the left of the yellow triangle?,yes,yes,CORRECT
2025-12-22 18:51:53,2,/home/kkarthikeyan/deep-learning/DeepLearningProject/Synthetic-Data/vlm_levels/level_2/images/00013_b.png,PRIMARY,right_of,Is the yellow triangle right of the green star?,yes,yes,CORRECT
2025-12-22 18:51:53,2,/home/kkarthikeyan/deep-learning/DeepLearningProject/Synthetic-Data/vlm_levels/level_2/images/00013_b.png,ADVANCED,inside,Is the yellow triangle fully inside the green star?,no,yes,INCORRECT
2025-12-22 18:51:53,2,/home/kkarthikeyan/deep-learning/DeepLearningProject/Synthetic-Data/vlm_levels/level_2/images/00013_b.png,PRIMARY,above,Is the green star above the yellow triangle?,no,yes,INCORRECT
2025-12-22 18:51:53,2,/home/kkarthikeyan/deep-learning/DeepLearningProject/Synthetic-Data/vlm_levels/level_2/images/00013_b.png,ADVANCED,inside,Is the green star enclosed by the yellow triangle?,no,yes,INCORRECT
2025-12-22 18:51:54,2,/home/kkarthikeyan/deep-learning/DeepLearningProject/Synthetic-Data/vlm_levels/level_2/images/00013_b.png,PRIMARY,left_of,Is the yellow triangle to the left of the green star?,no,no,CORRECT
2025-12-22 18:51:54,2,/home/kkarthikeyan/deep-learning/DeepLearningProject/Synthetic-Data/vlm_levels/level_2/images/00013_b.png,PRIMARY,below,Is the yellow triangle below the green star?,no,yes,INCORRECT
2025-12-22 18:51:54,2,/home/kkarthikeyan/deep-learning/DeepLearningProject/Synthetic-Data/vlm_levels/level_2/images/00013_b.png,PRIMARY,left_of,Is the yellow triangle left of the green star?,no,yes,INCORRECT
2025-12-22 18:51:54,2,/home/kkarthikeyan/deep-learning/DeepLearningProject/Synthetic-Data/vlm_levels/level_2/images/00004_b.png,PRIMARY,left_of,Is the lime square left of the purple circle?,yes,yes,CORRECT
2025-12-22 18:51:55,2,/home/kkarthikeyan/deep-learning/DeepLearningProject/Synthetic-Data/vlm_levels/level_2/images/00004_b.png,PRIMARY,right_of,Is the purple circle to the right of the lime square?,yes,yes,CORRECT
2025-12-22 18:51:55,2,/home/kkarthikeyan/deep-learning/DeepLearningProject/Synthetic-Data/vlm_levels/level_2/images/00004_b.png,PRIMARY,above,Is the lime square above the purple circle?,yes,yes,CORRECT
2025-12-22 18:51:55,2,/home/kkarthikeyan/deep-learning/DeepLearningProject/Synthetic-Data/vlm_levels/level_2/images/00004_b.png,PRIMARY,below,Is the purple circle below the lime square?,yes,yes,CORRECT
2025-12-22 18:51:55,2,/home/kkarthikeyan/deep-learning/DeepLearningProject/Synthetic-Data/vlm_levels/level_2/images/00004_b.png,PRIMARY,left_of,Is the purple circle to the left of the lime square?,no,yes,INCORRECT
2025-12-22 18:51:56,2,/home/kkarthikeyan/deep-learning/DeepLearningProject/Synthetic-Data/vlm_levels/level_2/images/00004_b.png,PRIMARY,right_of,Is the lime square to the right of the purple circle?,no,yes,INCORRECT
2025-12-22 18:51:56,2,/home/kkarthikeyan/deep-learning/DeepLearningProject/Synthetic-Data/vlm_levels/level_2/images/00004_b.png,ADVANCED,inside,Is the lime square contained within the purple circle?,no,yes,INCORRECT
2025-12-22 18:51:56,2,/home/kkarthikeyan/deep-learning/DeepLearningProject/Synthetic-Data/vlm_levels/level_2/images/00004_b.png,PRIMARY,above,Is the purple circle above the lime square?,no,yes,INCORRECT
2025-12-22 18:51:56,2,/home/kkarthikeyan/deep-learning/DeepLearningProject/Synthetic-Data/vlm_levels/level_2/images/00016_b.png,PRIMARY,left_of,Is the red square left of the yellow circle?,yes,yes,CORRECT
2025-12-22 18:51:57,2,/home/kkarthikeyan/deep-learning/DeepLearningProject/Synthetic-Data/vlm_levels/level_2/images/00016_b.png,PRIMARY,right_of,Is the yellow circle right of the red square?,yes,yes,CORRECT
2025-12-22 18:51:57,2,/home/kkarthikeyan/deep-learning/DeepLearningProject/Synthetic-Data/vlm_levels/level_2/images/00016_b.png,PRIMARY,below,Is the red square below the yellow circle?,yes,yes,CORRECT
2025-12-22 18:51:57,2,/home/kkarthikeyan/deep-learning/DeepLearningProject/Synthetic-Data/vlm_levels/level_2/images/00016_b.png,PRIMARY,above,Is the yellow circle above the red square?,yes,yes,CORRECT
2025-12-22 18:51:58,2,/home/kkarthikeyan/deep-learning/DeepLearningProject/Synthetic-Data/vlm_levels/level_2/images/00016_b.png,ADVANCED,inside,Is the red square fully inside the yellow circle?,no,no,CORRECT
2025-12-22 18:51:58,2,/home/kkarthikeyan/deep-learning/DeepLearningProject/Synthetic-Data/vlm_levels/level_2/images/00016_b.png,PRIMARY,right_of,Is the red square right of the yellow circle?,no,yes,INCORRECT
2025-12-22 18:51:58,2,/home/kkarthikeyan/deep-learning/DeepLearningProject/Synthetic-Data/vlm_levels/level_2/images/00016_b.png,PRIMARY,left_of,Is the yellow circle left of the red square?,no,yes,INCORRECT
2025-12-22 18:51:58,2,/home/kkarthikeyan/deep-learning/DeepLearningProject/Synthetic-Data/vlm_levels/level_2/images/00016_b.png,ADVANCED,inside,Is the yellow circle fully inside the red square?,no,no,CORRECT
2025-12-22 18:51:59,2,/home/kkarthikeyan/deep-learning/DeepLearningProject/Synthetic-Data/vlm_levels/level_2/images/00016_b.png,PRIMARY,below,Is the yellow circle below the red square?,no,yes,INCORRECT
2025-12-22 18:51:59,2,/home/kkarthikeyan/deep-learning/DeepLearningProject/Synthetic-Data/vlm_levels/level_2/images/00015_b.png,PRIMARY,above,Is the green triangle above the purple square?,yes,yes,CORRECT
2025-12-22 18:51:59,2,/home/kkarthikeyan/deep-learning/DeepLearningProject/Synthetic-Data/vlm_levels/level_2/images/00015_b.png,PRIMARY,below,Is the purple square below the green triangle?,yes,yes,CORRECT
2025-12-22 18:51:59,2,/home/kkarthikeyan/deep-learning/DeepLearningProject/Synthetic-Data/vlm_levels/level_2/images/00015_b.png,PRIMARY,left_of,Is the purple square left of the green triangle?,yes,yes,CORRECT
2025-12-22 18:52:00,2,/home/kkarthikeyan/deep-learning/DeepLearningProject/Synthetic-Data/vlm_levels/level_2/images/00015_b.png,PRIMARY,right_of,Is the green triangle to the right of the purple square?,yes,yes,CORRECT
2025-12-22 18:52:00,2,/home/kkarthikeyan/deep-learning/DeepLearningProject/Synthetic-Data/vlm_levels/level_2/images/00015_b.png,ADVANCED,overlapping,Is the purple square partially covering the green triangle?,no,yes,INCORRECT
2025-12-22 18:52:00,2,/home/kkarthikeyan/deep-learning/DeepLearningProject/Synthetic-Data/vlm_levels/level_2/images/00015_b.png,PRIMARY,left_of,Is the green triangle left of the purple square?,no,yes,INCORRECT
2025-12-22 18:52:00,2,/home/kkarthikeyan/deep-learning/DeepLearningProject/Synthetic-Data/vlm_levels/level_2/images/00015_b.png,PRIMARY,right_of,Is the purple square right of the green triangle?,no,yes,INCORRECT
2025-12-22 18:52:01,2,/home/kkarthikeyan/deep-learning/DeepLearningProject/Synthetic-Data/vlm_levels/level_2/images/00015_b.png,PRIMARY,left_of,Is the green triangle to the left of the purple square?,no,no,CORRECT
2025-12-22 18:52:01,2,/home/kkarthikeyan/deep-learning/DeepLearningProject/Synthetic-Data/vlm_levels/level_2/images/00015_b.png,ADVANCED,touching,Is the purple square touching the green triangle?,no,yes,INCORRECT
2025-12-22 18:52:01,2,/home/kkarthikeyan/deep-learning/DeepLearningProject/Synthetic-Data/vlm_levels/level_2/images/00002_w.png,PRIMARY,above,Is the cyan triangle above the orange circle?,yes,yes,CORRECT
2025-12-22 18:52:01,2,/home/kkarthikeyan/deep-learning/DeepLearningProject/Synthetic-Data/vlm_levels/level_2/images/00002_w.png,PRIMARY,below,Is the orange circle below the cyan triangle?,yes,yes,CORRECT
2025-12-22 18:52:02,2,/home/kkarthikeyan/deep-learning/DeepLearningProject/Synthetic-Data/vlm_levels/level_2/images/00002_w.png,PRIMARY,right_of,Is the cyan triangle to the right of the orange circle?,yes,yes,CORRECT
2025-12-22 18:52:02,2,/home/kkarthikeyan/deep-learning/DeepLearningProject/Synthetic-Data/vlm_levels/level_2/images/00002_w.png,PRIMARY,left_of,Is the orange circle left of the cyan triangle?,yes,yes,CORRECT
2025-12-22 18:52:02,2,/home/kkarthikeyan/deep-learning/DeepLearningProject/Synthetic-Data/vlm_levels/level_2/images/00002_w.png,PRIMARY,left_of,Is the orange circle to the left of the cyan triangle?,yes,yes,CORRECT
2025-12-22 18:52:02,2,/home/kkarthikeyan/deep-learning/DeepLearningProject/Synthetic-Data/vlm_levels/level_2/images/00002_w.png,PRIMARY,above,Is the orange circle above the cyan triangle?,no,yes,INCORRECT
2025-12-22 18:52:03,2,/home/kkarthikeyan/deep-learning/DeepLearningProject/Synthetic-Data/vlm_levels/level_2/images/00002_w.png,PRIMARY,right_of,Is the orange circle right of the cyan triangle?,no,yes,INCORRECT
2025-12-22 18:52:03,2,/home/kkarthikeyan/deep-learning/DeepLearningProject/Synthetic-Data/vlm_levels/level_2/images/00002_w.png,ADVANCED,touching,Is the cyan triangle touching the orange circle?,no,yes,INCORRECT
2025-12-22 18:52:03,2,/home/kkarthikeyan/deep-learning/DeepLearningProject/Synthetic-Data/vlm_levels/level_2/images/00002_w.png,PRIMARY,right_of,Is the orange circle to the right of the cyan triangle?,no,yes,INCORRECT
2025-12-22 18:52:03,2,/home/kkarthikeyan/deep-learning/DeepLearningProject/Synthetic-Data/vlm_levels/level_2/images/00006_b.png,PRIMARY,above,Is the purple star above the pink square?,yes,yes,CORRECT
2025-12-22 18:52:04,2,/home/kkarthikeyan/deep-learning/DeepLearningProject/Synthetic-Data/vlm_levels/level_2/images/00006_b.png,PRIMARY,below,Is the pink square below the purple star?,yes,yes,CORRECT
2025-12-22 18:52:04,2,/home/kkarthikeyan/deep-learning/DeepLearningProject/Synthetic-Data/vlm_levels/level_2/images/00006_b.png,PRIMARY,right_of,Is the purple star right of the pink square?,yes,yes,CORRECT
2025-12-22 18:52:04,2,/home/kkarthikeyan/deep-learning/DeepLearningProject/Synthetic-Data/vlm_levels/level_2/images/00006_b.png,PRIMARY,left_of,Is the pink square left of the purple star?,yes,yes,CORRECT
2025-12-22 18:52:04,2,/home/kkarthikeyan/deep-learning/DeepLearningProject/Synthetic-Data/vlm_levels/level_2/images/00006_b.png,PRIMARY,left_of,Is the purple star left of the pink square?,no,yes,INCORRECT
2025-12-22 18:52:05,2,/home/kkarthikeyan/deep-learning/DeepLearningProject/Synthetic-Data/vlm_levels/level_2/images/00006_b.png,PRIMARY,above,Is the pink square above the purple star?,no,yes,INCORRECT
2025-12-22 18:52:05,2,/home/kkarthikeyan/deep-learning/DeepLearningProject/Synthetic-Data/vlm_levels/level_2/images/00006_b.png,PRIMARY,left_of,Is the purple star to the left of the pink square?,no,no,CORRECT
2025-12-22 18:52:05,2,/home/kkarthikeyan/deep-learning/DeepLearningProject/Synthetic-Data/vlm_levels/level_2/images/00006_b.png,ADVANCED,inside,Is the pink square enclosed by the purple star?,no,yes,INCORRECT
2025-12-22 18:52:05,2,/home/kkarthikeyan/deep-learning/DeepLearningProject/Synthetic-Data/vlm_levels/level_2/images/00005_b.png,PRIMARY,above,Is the lime triangle above the orange triangle?,yes,yes,CORRECT
2025-12-22 18:52:06,2,/home/kkarthikeyan/deep-learning/DeepLearningProject/Synthetic-Data/vlm_levels/level_2/images/00005_b.png,PRIMARY,below,Is the orange triangle below the lime triangle?,yes,yes,CORRECT
2025-12-22 18:52:06,2,/home/kkarthikeyan/deep-learning/DeepLearningProject/Synthetic-Data/vlm_levels/level_2/images/00005_b.png,PRIMARY,left_of,Is the lime triangle to the left of the orange triangle?,yes,yes,CORRECT
2025-12-22 18:52:06,2,/home/kkarthikeyan/deep-learning/DeepLearningProject/Synthetic-Data/vlm_levels/level_2/images/00005_b.png,PRIMARY,right_of,Is the orange triangle right of the lime triangle?,yes,yes,CORRECT
2025-12-22 18:52:06,2,/home/kkarthikeyan/deep-learning/DeepLearningProject/Synthetic-Data/vlm_levels/level_2/images/00005_b.png,ADVANCED,overlapping,Is the lime triangle overlapping with the orange triangle?,no,yes,INCORRECT
2025-12-22 18:52:07,2,/home/kkarthikeyan/deep-learning/DeepLearningProject/Synthetic-Data/vlm_levels/level_2/images/00005_b.png,ADVANCED,overlapping,Is the orange triangle overlapping with the lime triangle?,no,yes,INCORRECT
2025-12-22 18:52:07,2,/home/kkarthikeyan/deep-learning/DeepLearningProject/Synthetic-Data/vlm_levels/level_2/images/00005_b.png,PRIMARY,above,Is the orange triangle above the lime triangle?,no,yes,INCORRECT
2025-12-22 18:52:07,2,/home/kkarthikeyan/deep-learning/DeepLearningProject/Synthetic-Data/vlm_levels/level_2/images/00005_b.png,ADVANCED,touching,Is the lime triangle touching the orange triangle?,no,no,CORRECT
2025-12-22 18:52:07,2,/home/kkarthikeyan/deep-learning/DeepLearningProject/Synthetic-Data/vlm_levels/level_2/images/00005_b.png,ADVANCED,touching,Is the orange triangle touching the lime triangle?,no,no,CORRECT
2025-12-22 18:52:08,2,/home/kkarthikeyan/deep-learning/DeepLearningProject/Synthetic-Data/vlm_levels/level_2/images/00002_b.png,PRIMARY,right_of,Is the cyan triangle right of the orange circle?,yes,yes,CORRECT
2025-12-22 18:52:08,2,/home/kkarthikeyan/deep-learning/DeepLearningProject/Synthetic-Data/vlm_levels/level_2/images/00002_b.png,PRIMARY,left_of,Is the orange circle left of the cyan triangle?,yes,yes,CORRECT
2025-12-22 18:52:08,2,/home/kkarthikeyan/deep-learning/DeepLearningProject/Synthetic-Data/vlm_levels/level_2/images/00002_b.png,PRIMARY,below,Is the orange circle below the cyan triangle?,yes,yes,CORRECT
2025-12-22 18:52:09,2,/home/kkarthikeyan/deep-learning/DeepLearningProject/Synthetic-Data/vlm_levels/level_2/images/00002_b.png,PRIMARY,above,Is the cyan triangle above the orange circle?,yes,yes,CORRECT
2025-12-22 18:52:09,2,/home/kkarthikeyan/deep-learning/DeepLearningProject/Synthetic-Data/vlm_levels/level_2/images/00002_b.png,PRIMARY,above,Is the orange circle above the cyan triangle?,no,yes,INCORRECT
2025-12-22 18:52:09,2,/home/kkarthikeyan/deep-learning/DeepLearningProject/Synthetic-Data/vlm_levels/level_2/images/00002_b.png,ADVANCED,overlapping,Is the cyan triangle partially covering the orange circle?,no,yes,INCORRECT
2025-12-22 18:52:09,2,/home/kkarthikeyan/deep-learning/DeepLearningProject/Synthetic-Data/vlm_levels/level_2/images/00002_b.png,PRIMARY,right_of,Is the orange circle to the right of the cyan triangle?,no,yes,INCORRECT
2025-12-22 18:52:10,2,/home/kkarthikeyan/deep-learning/DeepLearningProject/Synthetic-Data/vlm_levels/level_2/images/00002_b.png,PRIMARY,left_of,Is the cyan triangle left of the orange circle?,no,yes,INCORRECT
2025-12-22 18:52:10,2,/home/kkarthikeyan/deep-learning/DeepLearningProject/Synthetic-Data/vlm_levels/level_2/images/00018_w.png,PRIMARY,right_of,Is the blue star to the right of the pink circle?,yes,yes,CORRECT
2025-12-22 18:52:10,2,/home/kkarthikeyan/deep-learning/DeepLearningProject/Synthetic-Data/vlm_levels/level_2/images/00018_w.png,PRIMARY,left_of,Is the pink circle to the left of the blue star?,yes,yes,CORRECT
2025-12-22 18:52:10,2,/home/kkarthikeyan/deep-learning/DeepLearningProject/Synthetic-Data/vlm_levels/level_2/images/00018_w.png,PRIMARY,left_of,Is the pink circle left of the blue star?,yes,yes,CORRECT
2025-12-22 18:52:11,2,/home/kkarthikeyan/deep-learning/DeepLearningProject/Synthetic-Data/vlm_levels/level_2/images/00018_w.png,PRIMARY,right_of,Is the blue star right of the pink circle?,yes,yes,CORRECT
2025-12-22 18:52:11,2,/home/kkarthikeyan/deep-learning/DeepLearningProject/Synthetic-Data/vlm_levels/level_2/images/00018_w.png,PRIMARY,above,Is the pink circle above the blue star?,yes,yes,CORRECT
2025-12-22 18:52:11,2,/home/kkarthikeyan/deep-learning/DeepLearningProject/Synthetic-Data/vlm_levels/level_2/images/00018_w.png,PRIMARY,below,Is the pink circle below the blue star?,no,yes,INCORRECT
2025-12-22 18:52:11,2,/home/kkarthikeyan/deep-learning/DeepLearningProject/Synthetic-Data/vlm_levels/level_2/images/00018_w.png,ADVANCED,touching,Is the pink circle touching the blue star?,no,no,CORRECT
2025-12-22 18:52:12,2,/home/kkarthikeyan/deep-learning/DeepLearningProject/Synthetic-Data/vlm_levels/level_2/images/00018_w.png,ADVANCED,inside,Is the pink circle contained within the blue star?,no,yes,INCORRECT
2025-12-22 18:52:12,2,/home/kkarthikeyan/deep-learning/DeepLearningProject/Synthetic-Data/vlm_levels/level_2/images/00018_w.png,PRIMARY,left_of,Is the blue star left of the pink circle?,no,yes,INCORRECT
2025-12-22 18:52:12,2,/home/kkarthikeyan/deep-learning/DeepLearningProject/Synthetic-Data/vlm_levels/level_2/images/00018_w.png,ADVANCED,overlapping,Is the pink circle partially covering the blue star?,no,yes,INCORRECT
2025-12-22 18:52:12,2,/home/kkarthikeyan/deep-learning/DeepLearningProject/Synthetic-Data/vlm_levels/level_2/images/00017_w.png,PRIMARY,left_of,Is the red circle left of the orange square?,yes,yes,CORRECT
2025-12-22 18:52:13,2,/home/kkarthikeyan/deep-learning/DeepLearningProject/Synthetic-Data/vlm_levels/level_2/images/00017_w.png,PRIMARY,right_of,Is the orange square right of the red circle?,yes,yes,CORRECT
2025-12-22 18:52:13,2,/home/kkarthikeyan/deep-learning/DeepLearningProject/Synthetic-Data/vlm_levels/level_2/images/00017_w.png,PRIMARY,right_of,Is the orange square to the right of the red circle?,yes,yes,CORRECT
2025-12-22 18:52:13,2,/home/kkarthikeyan/deep-learning/DeepLearningProject/Synthetic-Data/vlm_levels/level_2/images/00017_w.png,PRIMARY,left_of,Is the red circle to the left of the orange square?,yes,yes,CORRECT
2025-12-22 18:52:13,2,/home/kkarthikeyan/deep-learning/DeepLearningProject/Synthetic-Data/vlm_levels/level_2/images/00017_w.png,PRIMARY,below,Is the orange square below the red circle?,yes,yes,CORRECT
2025-12-22 18:52:14,2,/home/kkarthikeyan/deep-learning/DeepLearningProject/Synthetic-Data/vlm_levels/level_2/images/00017_w.png,ADVANCED,overlapping,Is the red circle partially covering the orange square?,no,yes,INCORRECT
2025-12-22 18:52:14,2,/home/kkarthikeyan/deep-learning/DeepLearningProject/Synthetic-Data/vlm_levels/level_2/images/00017_w.png,ADVANCED,touching,Is the red circle touching the orange square?,no,no,CORRECT
2025-12-22 18:52:14,2,/home/kkarthikeyan/deep-learning/DeepLearningProject/Synthetic-Data/vlm_levels/level_2/images/00017_w.png,ADVANCED,inside,Is the red circle fully inside the orange square?,no,no,CORRECT
2025-12-22 18:52:14,2,/home/kkarthikeyan/deep-learning/DeepLearningProject/Synthetic-Data/vlm_levels/level_2/images/00017_w.png,PRIMARY,below,Is the red circle below the orange square?,no,yes,INCORRECT
2025-12-22 18:52:15,2,/home/kkarthikeyan/deep-learning/DeepLearningProject/Synthetic-Data/vlm_levels/level_2/images/00017_w.png,PRIMARY,right_of,Is the red circle to the right of the orange square?,no,no,CORRECT
2025-12-22 18:52:15,2,/home/kkarthikeyan/deep-learning/DeepLearningProject/Synthetic-Data/vlm_levels/level_2/images/00017_b.png,PRIMARY,right_of,Is the orange square to the right of the red circle?,yes,yes,CORRECT
2025-12-22 18:52:15,2,/home/kkarthikeyan/deep-learning/DeepLearningProject/Synthetic-Data/vlm_levels/level_2/images/00017_b.png,PRIMARY,left_of,Is the red circle to the left of the orange square?,yes,yes,CORRECT
2025-12-22 18:52:15,2,/home/kkarthikeyan/deep-learning/DeepLearningProject/Synthetic-Data/vlm_levels/level_2/images/00017_b.png,PRIMARY,above,Is the red circle above the orange square?,yes,yes,CORRECT
2025-12-22 18:52:16,2,/home/kkarthikeyan/deep-learning/DeepLearningProject/Synthetic-Data/vlm_levels/level_2/images/00017_b.png,PRIMARY,below,Is the orange square below the red circle?,yes,yes,CORRECT
2025-12-22 18:52:16,2,/home/kkarthikeyan/deep-learning/DeepLearningProject/Synthetic-Data/vlm_levels/level_2/images/00017_b.png,PRIMARY,left_of,Is the red circle left of the orange square?,yes,yes,CORRECT
2025-12-22 18:52:16,2,/home/kkarthikeyan/deep-learning/DeepLearningProject/Synthetic-Data/vlm_levels/level_2/images/00017_b.png,ADVANCED,overlapping,Is the red circle partially covering the orange square?,no,yes,INCORRECT
2025-12-22 18:52:16,2,/home/kkarthikeyan/deep-learning/DeepLearningProject/Synthetic-Data/vlm_levels/level_2/images/00017_b.png,PRIMARY,left_of,Is the orange square to the left of the red circle?,no,no,CORRECT
2025-12-22 18:52:17,2,/home/kkarthikeyan/deep-learning/DeepLearningProject/Synthetic-Data/vlm_levels/level_2/images/00017_b.png,ADVANCED,overlapping,Is the red circle overlapping with the orange square?,no,yes,INCORRECT
2025-12-22 18:52:17,2,/home/kkarthikeyan/deep-learning/DeepLearningProject/Synthetic-Data/vlm_levels/level_2/images/00017_b.png,PRIMARY,above,Is the orange square above the red circle?,no,yes,INCORRECT
2025-12-22 18:52:17,2,/home/kkarthikeyan/deep-learning/DeepLearningProject/Synthetic-Data/vlm_levels/level_2/images/00017_b.png,ADVANCED,touching,Is the orange square touching the red circle?,no,no,CORRECT
2025-12-22 18:52:17,2,/home/kkarthikeyan/deep-learning/DeepLearningProject/Synthetic-Data/vlm_levels/level_2/images/00003_w.png,PRIMARY,below,Is the blue triangle below the red circle?,yes,yes,CORRECT
2025-12-22 18:52:18,2,/home/kkarthikeyan/deep-learning/DeepLearningProject/Synthetic-Data/vlm_levels/level_2/images/00003_w.png,PRIMARY,above,Is the red circle above the blue triangle?,yes,yes,CORRECT
2025-12-22 18:52:18,2,/home/kkarthikeyan/deep-learning/DeepLearningProject/Synthetic-Data/vlm_levels/level_2/images/00003_w.png,PRIMARY,left_of,Is the red circle left of the blue triangle?,yes,yes,CORRECT
2025-12-22 18:52:18,2,/home/kkarthikeyan/deep-learning/DeepLearningProject/Synthetic-Data/vlm_levels/level_2/images/00003_w.png,PRIMARY,right_of,Is the blue triangle to the right of the red circle?,yes,yes,CORRECT
2025-12-22 18:52:18,2,/home/kkarthikeyan/deep-learning/DeepLearningProject/Synthetic-Data/vlm_levels/level_2/images/00003_w.png,ADVANCED,touching,Is the red circle touching the blue triangle?,no,no,CORRECT
2025-12-22 18:52:19,2,/home/kkarthikeyan/deep-learning/DeepLearningProject/Synthetic-Data/vlm_levels/level_2/images/00003_w.png,PRIMARY,left_of,Is the blue triangle to the left of the red circle?,no,yes,INCORRECT
2025-12-22 18:52:19,2,/home/kkarthikeyan/deep-learning/DeepLearningProject/Synthetic-Data/vlm_levels/level_2/images/00003_w.png,ADVANCED,inside,Is the blue triangle fully inside the red circle?,no,no,CORRECT
2025-12-22 18:52:19,2,/home/kkarthikeyan/deep-learning/DeepLearningProject/Synthetic-Data/vlm_levels/level_2/images/00003_w.png,PRIMARY,above,Is the blue triangle above the red circle?,no,yes,INCORRECT
2025-12-22 18:52:20,2,/home/kkarthikeyan/deep-learning/DeepLearningProject/Synthetic-Data/vlm_levels/level_2/images/00012_w.png,PRIMARY,right_of,Is the blue circle to the right of the green square?,yes,yes,CORRECT
2025-12-22 18:52:20,2,/home/kkarthikeyan/deep-learning/DeepLearningProject/Synthetic-Data/vlm_levels/level_2/images/00012_w.png,PRIMARY,left_of,Is the green square left of the blue circle?,yes,yes,CORRECT
2025-12-22 18:52:20,2,/home/kkarthikeyan/deep-learning/DeepLearningProject/Synthetic-Data/vlm_levels/level_2/images/00012_w.png,PRIMARY,above,Is the green square above the blue circle?,yes,yes,CORRECT
2025-12-22 18:52:20,2,/home/kkarthikeyan/deep-learning/DeepLearningProject/Synthetic-Data/vlm_levels/level_2/images/00012_w.png,PRIMARY,below,Is the blue circle below the green square?,yes,yes,CORRECT
2025-12-22 18:52:21,2,/home/kkarthikeyan/deep-learning/DeepLearningProject/Synthetic-Data/vlm_levels/level_2/images/00012_w.png,PRIMARY,left_of,Is the green square to the left of the blue circle?,yes,yes,CORRECT
2025-12-22 18:52:21,2,/home/kkarthikeyan/deep-learning/DeepLearningProject/Synthetic-Data/vlm_levels/level_2/images/00012_w.png,PRIMARY,right_of,Is the green square right of the blue circle?,no,yes,INCORRECT
2025-12-22 18:52:21,2,/home/kkarthikeyan/deep-learning/DeepLearningProject/Synthetic-Data/vlm_levels/level_2/images/00012_w.png,ADVANCED,inside,Is the blue circle contained within the green square?,no,yes,INCORRECT
2025-12-22 18:52:21,2,/home/kkarthikeyan/deep-learning/DeepLearningProject/Synthetic-Data/vlm_levels/level_2/images/00012_w.png,ADVANCED,inside,Is the green square contained within the blue circle?,no,yes,INCORRECT
2025-12-22 18:52:22,2,/home/kkarthikeyan/deep-learning/DeepLearningProject/Synthetic-Data/vlm_levels/level_2/images/00012_w.png,ADVANCED,overlapping,Is the green square overlapping with the blue circle?,no,yes,INCORRECT
2025-12-22 18:52:22,3,/home/kkarthikeyan/deep-learning/DeepLearningProject/Synthetic-Data/vlm_levels/level_3/images/00007_w.png,PRIMARY,below,Is the green square below the pink triangle?,yes,yes,CORRECT
2025-12-22 18:52:22,3,/home/kkarthikeyan/deep-learning/DeepLearningProject/Synthetic-Data/vlm_levels/level_3/images/00007_w.png,PRIMARY,above,Is the pink triangle above the green square?,yes,yes,CORRECT
2025-12-22 18:52:22,3,/home/kkarthikeyan/deep-learning/DeepLearningProject/Synthetic-Data/vlm_levels/level_3/images/00007_w.png,PRIMARY,below,Is the pink triangle below the purple square?,yes,yes,CORRECT
2025-12-22 18:52:23,3,/home/kkarthikeyan/deep-learning/DeepLearningProject/Synthetic-Data/vlm_levels/level_3/images/00007_w.png,PRIMARY,above,Is the purple square above the pink triangle?,yes,yes,CORRECT
2025-12-22 18:52:23,3,/home/kkarthikeyan/deep-learning/DeepLearningProject/Synthetic-Data/vlm_levels/level_3/images/00007_w.png,PRIMARY,left_of,Is the purple square to the left of the green square?,yes,yes,CORRECT
2025-12-22 18:52:23,3,/home/kkarthikeyan/deep-learning/DeepLearningProject/Synthetic-Data/vlm_levels/level_3/images/00007_w.png,ADVANCED,touching,Is the green square touching the purple square?,no,yes,INCORRECT
2025-12-22 18:52:23,3,/home/kkarthikeyan/deep-learning/DeepLearningProject/Synthetic-Data/vlm_levels/level_3/images/00007_w.png,ADVANCED,touching,Is the purple square touching the pink triangle?,no,yes,INCORRECT
2025-12-22 18:52:24,3,/home/kkarthikeyan/deep-learning/DeepLearningProject/Synthetic-Data/vlm_levels/level_3/images/00007_w.png,PRIMARY,above,Is the green square above the pink triangle?,no,yes,INCORRECT
2025-12-22 18:52:24,3,/home/kkarthikeyan/deep-learning/DeepLearningProject/Synthetic-Data/vlm_levels/level_3/images/00007_w.png,PRIMARY,right_of,Is the purple square right of the green square?,no,yes,INCORRECT
2025-12-22 18:52:24,3,/home/kkarthikeyan/deep-learning/DeepLearningProject/Synthetic-Data/vlm_levels/level_3/images/00007_w.png,ADVANCED,touching,Is the purple square touching the green square?,no,yes,INCORRECT
2025-12-22 18:52:24,3,/home/kkarthikeyan/deep-learning/DeepLearningProject/Synthetic-Data/vlm_levels/level_3/images/00016_w.png,PRIMARY,left_of,Is the blue star to the left of the cyan circle?,yes,yes,CORRECT
2025-12-22 18:52:25,3,/home/kkarthikeyan/deep-learning/DeepLearningProject/Synthetic-Data/vlm_levels/level_3/images/00016_w.png,PRIMARY,right_of,Is the cyan circle to the right of the blue star?,yes,yes,CORRECT
2025-12-22 18:52:25,3,/home/kkarthikeyan/deep-learning/DeepLearningProject/Synthetic-Data/vlm_levels/level_3/images/00016_w.png,PRIMARY,above,Is the blue star above the cyan circle?,yes,yes,CORRECT
2025-12-22 18:52:25,3,/home/kkarthikeyan/deep-learning/DeepLearningProject/Synthetic-Data/vlm_levels/level_3/images/00016_w.png,PRIMARY,below,Is the cyan circle below the blue star?,yes,yes,CORRECT
2025-12-22 18:52:25,3,/home/kkarthikeyan/deep-learning/DeepLearningProject/Synthetic-Data/vlm_levels/level_3/images/00016_w.png,PRIMARY,above,Is the purple square above the blue star?,yes,yes,CORRECT
2025-12-22 18:52:26,3,/home/kkarthikeyan/deep-learning/DeepLearningProject/Synthetic-Data/vlm_levels/level_3/images/00016_w.png,PRIMARY,below,Is the purple square below the blue star?,no,yes,INCORRECT
2025-12-22 18:52:26,3,/home/kkarthikeyan/deep-learning/DeepLearningProject/Synthetic-Data/vlm_levels/level_3/images/00016_w.png,ADVANCED,touching,Is the purple square touching the cyan circle?,no,yes,INCORRECT
2025-12-22 18:52:26,3,/home/kkarthikeyan/deep-learning/DeepLearningProject/Synthetic-Data/vlm_levels/level_3/images/00016_w.png,ADVANCED,overlapping,Is the cyan circle overlapping with the purple square?,no,yes,INCORRECT
2025-12-22 18:52:26,3,/home/kkarthikeyan/deep-learning/DeepLearningProject/Synthetic-Data/vlm_levels/level_3/images/00016_w.png,ADVANCED,overlapping,Is the blue star partially covering the cyan circle?,no,yes,INCORRECT
2025-12-22 18:52:27,3,/home/kkarthikeyan/deep-learning/DeepLearningProject/Synthetic-Data/vlm_levels/level_3/images/00016_w.png,PRIMARY,right_of,Is the blue star right of the cyan circle?,no,yes,INCORRECT
2025-12-22 18:52:27,3,/home/kkarthikeyan/deep-learning/DeepLearningProject/Synthetic-Data/vlm_levels/level_3/images/00010_b.png,PRIMARY,above,Is the orange square above the lime star?,yes,yes,CORRECT
2025-12-22 18:52:27,3,/home/kkarthikeyan/deep-learning/DeepLearningProject/Synthetic-Data/vlm_levels/level_3/images/00010_b.png,PRIMARY,below,Is the lime star below the orange square?,yes,yes,CORRECT
2025-12-22 18:52:27,3,/home/kkarthikeyan/deep-learning/DeepLearningProject/Synthetic-Data/vlm_levels/level_3/images/00010_b.png,PRIMARY,right_of,Is the lime star to the right of the purple star?,yes,yes,CORRECT
2025-12-22 18:52:28,3,/home/kkarthikeyan/deep-learning/DeepLearningProject/Synthetic-Data/vlm_levels/level_3/images/00010_b.png,PRIMARY,left_of,Is the purple star to the left of the lime star?,yes,yes,CORRECT
2025-12-22 18:52:28,3,/home/kkarthikeyan/deep-learning/DeepLearningProject/Synthetic-Data/vlm_levels/level_3/images/00010_b.png,PRIMARY,left_of,Is the purple star to the left of the orange square?,yes,yes,CORRECT
2025-12-22 18:52:28,3,/home/kkarthikeyan/deep-learning/DeepLearningProject/Synthetic-Data/vlm_levels/level_3/images/00010_b.png,ADVANCED,inside,Is the purple star fully inside the lime star?,no,no,CORRECT
2025-12-22 18:52:28,3,/home/kkarthikeyan/deep-learning/DeepLearningProject/Synthetic-Data/vlm_levels/level_3/images/00010_b.png,PRIMARY,right_of,Is the purple star right of the lime star?,no,yes,INCORRECT
2025-12-22 18:52:29,3,/home/kkarthikeyan/deep-learning/DeepLearningProject/Synthetic-Data/vlm_levels/level_3/images/00010_b.png,ADVANCED,overlapping,Is the orange square overlapping with the lime star?,no,yes,INCORRECT
2025-12-22 18:52:29,3,/home/kkarthikeyan/deep-learning/DeepLearningProject/Synthetic-Data/vlm_levels/level_3/images/00010_b.png,ADVANCED,inside,Is the purple star fully inside the orange square?,no,no,CORRECT
2025-12-22 18:52:29,3,/home/kkarthikeyan/deep-learning/DeepLearningProject/Synthetic-Data/vlm_levels/level_3/images/00018_b.png,PRIMARY,above,Is the pink circle above the cyan square?,yes,yes,CORRECT
2025-12-22 18:52:29,3,/home/kkarthikeyan/deep-learning/DeepLearningProject/Synthetic-Data/vlm_levels/level_3/images/00018_b.png,PRIMARY,below,Is the cyan square below the pink circle?,yes,yes,CORRECT
2025-12-22 18:52:30,3,/home/kkarthikeyan/deep-learning/DeepLearningProject/Synthetic-Data/vlm_levels/level_3/images/00018_b.png,PRIMARY,left_of,Is the orange square to the left of the pink circle?,yes,yes,CORRECT
2025-12-22 18:52:30,3,/home/kkarthikeyan/deep-learning/DeepLearningProject/Synthetic-Data/vlm_levels/level_3/images/00018_b.png,PRIMARY,right_of,Is the pink circle right of the orange square?,yes,yes,CORRECT
2025-12-22 18:52:30,3,/home/kkarthikeyan/deep-learning/DeepLearningProject/Synthetic-Data/vlm_levels/level_3/images/00018_b.png,PRIMARY,below,Is the orange square below the pink circle?,yes,yes,CORRECT
2025-12-22 18:52:30,3,/home/kkarthikeyan/deep-learning/DeepLearningProject/Synthetic-Data/vlm_levels/level_3/images/00018_b.png,ADVANCED,inside,Is the pink circle enclosed by the orange square?,no,yes,INCORRECT
2025-12-22 18:52:31,3,/home/kkarthikeyan/deep-learning/DeepLearningProject/Synthetic-Data/vlm_levels/level_3/images/00018_b.png,ADVANCED,overlapping,Is the cyan square partially covering the pink circle?,no,yes,INCORRECT
2025-12-22 18:52:31,3,/home/kkarthikeyan/deep-learning/DeepLearningProject/Synthetic-Data/vlm_levels/level_3/images/00018_b.png,PRIMARY,above,Is the orange square above the cyan square?,no,yes,INCORRECT
2025-12-22 18:52:31,3,/home/kkarthikeyan/deep-learning/DeepLearningProject/Synthetic-Data/vlm_levels/level_3/images/00018_b.png,PRIMARY,left_of,Is the cyan square to the left of the orange square?,no,yes,INCORRECT
2025-12-22 18:52:32,3,/home/kkarthikeyan/deep-learning/DeepLearningProject/Synthetic-Data/vlm_levels/level_3/images/00018_b.png,ADVANCED,inside,Is the cyan square enclosed by the pink circle?,no,yes,INCORRECT
2025-12-22 18:52:32,3,/home/kkarthikeyan/deep-learning/DeepLearningProject/Synthetic-Data/vlm_levels/level_3/images/00004_w.png,PRIMARY,above,Is the green star above the purple circle?,yes,yes,CORRECT
2025-12-22 18:52:32,3,/home/kkarthikeyan/deep-learning/DeepLearningProject/Synthetic-Data/vlm_levels/level_3/images/00004_w.png,PRIMARY,below,Is the purple circle below the green star?,yes,yes,CORRECT
2025-12-22 18:52:32,3,/home/kkarthikeyan/deep-learning/DeepLearningProject/Synthetic-Data/vlm_levels/level_3/images/00004_w.png,PRIMARY,below,Is the orange circle below the green star?,yes,yes,CORRECT
2025-12-22 18:52:33,3,/home/kkarthikeyan/deep-learning/DeepLearningProject/Synthetic-Data/vlm_levels/level_3/images/00004_w.png,PRIMARY,above,Is the green star above the orange circle?,yes,yes,CORRECT
2025-12-22 18:52:33,3,/home/kkarthikeyan/deep-learning/DeepLearningProject/Synthetic-Data/vlm_levels/level_3/images/00004_w.png,PRIMARY,left_of,Is the orange circle left of the purple circle?,yes,yes,CORRECT
2025-12-22 18:52:33,3,/home/kkarthikeyan/deep-learning/DeepLearningProject/Synthetic-Data/vlm_levels/level_3/images/00004_w.png,PRIMARY,below,Is the purple circle below the orange circle?,no,yes,INCORRECT
2025-12-22 18:52:33,3,/home/kkarthikeyan/deep-learning/DeepLearningProject/Synthetic-Data/vlm_levels/level_3/images/00004_w.png,PRIMARY,above,Is the orange circle above the green star?,no,yes,INCORRECT
2025-12-22 18:52:34,3,/home/kkarthikeyan/deep-learning/DeepLearningProject/Synthetic-Data/vlm_levels/level_3/images/00004_w.png,PRIMARY,left_of,Is the purple circle to the left of the orange circle?,no,no,CORRECT
2025-12-22 18:52:34,3,/home/kkarthikeyan/deep-learning/DeepLearningProject/Synthetic-Data/vlm_levels/level_3/images/00004_w.png,PRIMARY,right_of,Is the orange circle to the right of the purple circle?,no,yes,INCORRECT
2025-12-22 18:52:34,3,/home/kkarthikeyan/deep-learning/DeepLearningProject/Synthetic-Data/vlm_levels/level_3/images/00008_w.png,PRIMARY,left_of,Is the lime triangle left of the green star?,yes,yes,CORRECT
2025-12-22 18:52:34,3,/home/kkarthikeyan/deep-learning/DeepLearningProject/Synthetic-Data/vlm_levels/level_3/images/00008_w.png,PRIMARY,right_of,Is the green star right of the lime triangle?,yes,yes,CORRECT
2025-12-22 18:52:35,3,/home/kkarthikeyan/deep-learning/DeepLearningProject/Synthetic-Data/vlm_levels/level_3/images/00008_w.png,PRIMARY,below,Is the lime triangle below the green star?,yes,yes,CORRECT
2025-12-22 18:52:35,3,/home/kkarthikeyan/deep-learning/DeepLearningProject/Synthetic-Data/vlm_levels/level_3/images/00008_w.png,PRIMARY,above,Is the green star above the lime triangle?,yes,yes,CORRECT
2025-12-22 18:52:35,3,/home/kkarthikeyan/deep-learning/DeepLearningProject/Synthetic-Data/vlm_levels/level_3/images/00008_w.png,PRIMARY,left_of,Is the lime triangle left of the red square?,yes,yes,CORRECT
2025-12-22 18:52:35,3,/home/kkarthikeyan/deep-learning/DeepLearningProject/Synthetic-Data/vlm_levels/level_3/images/00008_w.png,PRIMARY,above,Is the lime triangle above the green star?,no,yes,INCORRECT
2025-12-22 18:52:36,3,/home/kkarthikeyan/deep-learning/DeepLearningProject/Synthetic-Data/vlm_levels/level_3/images/00008_w.png,ADVANCED,touching,Is the red square touching the green star?,no,no,CORRECT
2025-12-22 18:52:36,3,/home/kkarthikeyan/deep-learning/DeepLearningProject/Synthetic-Data/vlm_levels/level_3/images/00008_w.png,ADVANCED,inside,Is the lime triangle contained within the green star?,no,yes,INCORRECT
2025-12-22 18:52:36,3,/home/kkarthikeyan/deep-learning/DeepLearningProject/Synthetic-Data/vlm_levels/level_3/images/00008_w.png,ADVANCED,inside,Is the lime triangle fully inside the green star?,no,yes,INCORRECT
2025-12-22 18:52:36,3,/home/kkarthikeyan/deep-learning/DeepLearningProject/Synthetic-Data/vlm_levels/level_3/images/00008_w.png,ADVANCED,overlapping,Is the lime triangle partially covering the green star?,no,yes,INCORRECT
2025-12-22 18:52:37,3,/home/kkarthikeyan/deep-learning/DeepLearningProject/Synthetic-Data/vlm_levels/level_3/images/00015_w.png,PRIMARY,right_of,Is the green square to the right of the yellow star?,yes,yes,CORRECT
2025-12-22 18:52:37,3,/home/kkarthikeyan/deep-learning/DeepLearningProject/Synthetic-Data/vlm_levels/level_3/images/00015_w.png,PRIMARY,left_of,Is the yellow star to the left of the green square?,yes,yes,CORRECT
2025-12-22 18:52:37,3,/home/kkarthikeyan/deep-learning/DeepLearningProject/Synthetic-Data/vlm_levels/level_3/images/00015_w.png,PRIMARY,above,Is the yellow star above the purple circle?,yes,yes,CORRECT
2025-12-22 18:52:37,3,/home/kkarthikeyan/deep-learning/DeepLearningProject/Synthetic-Data/vlm_levels/level_3/images/00015_w.png,PRIMARY,below,Is the purple circle below the yellow star?,yes,yes,CORRECT
2025-12-22 18:52:38,3,/home/kkarthikeyan/deep-learning/DeepLearningProject/Synthetic-Data/vlm_levels/level_3/images/00015_w.png,PRIMARY,right_of,Is the yellow star to the right of the purple circle?,yes,yes,CORRECT
2025-12-22 18:52:38,3,/home/kkarthikeyan/deep-learning/DeepLearningProject/Synthetic-Data/vlm_levels/level_3/images/00015_w.png,PRIMARY,left_of,Is the green square left of the yellow star?,no,yes,INCORRECT
2025-12-22 18:52:38,3,/home/kkarthikeyan/deep-learning/DeepLearningProject/Synthetic-Data/vlm_levels/level_3/images/00015_w.png,PRIMARY,right_of,Is the purple circle to the right of the yellow star?,no,yes,INCORRECT
2025-12-22 18:52:38,3,/home/kkarthikeyan/deep-learning/DeepLearningProject/Synthetic-Data/vlm_levels/level_3/images/00015_w.png,ADVANCED,overlapping,Is the green square partially covering the yellow star?,no,yes,INCORRECT
2025-12-22 18:52:39,3,/home/kkarthikeyan/deep-learning/DeepLearningProject/Synthetic-Data/vlm_levels/level_3/images/00015_w.png,ADVANCED,inside,Is the green square enclosed by the purple circle?,no,yes,INCORRECT
2025-12-22 18:52:39,3,/home/kkarthikeyan/deep-learning/DeepLearningProject/Synthetic-Data/vlm_levels/level_3/images/00015_w.png,PRIMARY,above,Is the yellow star above the green square?,no,yes,INCORRECT
2025-12-22 18:52:39,3,/home/kkarthikeyan/deep-learning/DeepLearningProject/Synthetic-Data/vlm_levels/level_3/images/00013_w.png,PRIMARY,below,Is the cyan star below the blue circle?,yes,yes,CORRECT
2025-12-22 18:52:39,3,/home/kkarthikeyan/deep-learning/DeepLearningProject/Synthetic-Data/vlm_levels/level_3/images/00013_w.png,PRIMARY,above,Is the blue circle above the cyan star?,yes,yes,CORRECT
2025-12-22 18:52:40,3,/home/kkarthikeyan/deep-learning/DeepLearningProject/Synthetic-Data/vlm_levels/level_3/images/00013_w.png,PRIMARY,right_of,Is the blue circle right of the cyan star?,yes,yes,CORRECT
2025-12-22 18:52:40,3,/home/kkarthikeyan/deep-learning/DeepLearningProject/Synthetic-Data/vlm_levels/level_3/images/00013_w.png,PRIMARY,left_of,Is the cyan star left of the blue circle?,yes,yes,CORRECT
2025-12-22 18:52:40,3,/home/kkarthikeyan/deep-learning/DeepLearningProject/Synthetic-Data/vlm_levels/level_3/images/00013_w.png,ADVANCED,overlapping,Is the cyan star overlapping with the purple triangle?,no,yes,INCORRECT
2025-12-22 18:52:40,3,/home/kkarthikeyan/deep-learning/DeepLearningProject/Synthetic-Data/vlm_levels/level_3/images/00013_w.png,PRIMARY,above,Is the cyan star above the purple triangle?,no,yes,INCORRECT
2025-12-22 18:52:41,3,/home/kkarthikeyan/deep-learning/DeepLearningProject/Synthetic-Data/vlm_levels/level_3/images/00013_w.png,PRIMARY,above,Is the purple triangle above the blue circle?,no,yes,INCORRECT
2025-12-22 18:52:41,3,/home/kkarthikeyan/deep-learning/DeepLearningProject/Synthetic-Data/vlm_levels/level_3/images/00013_w.png,PRIMARY,right_of,Is the cyan star right of the purple triangle?,no,yes,INCORRECT
2025-12-22 18:52:41,3,/home/kkarthikeyan/deep-learning/DeepLearningProject/Synthetic-Data/vlm_levels/level_3/images/00008_b.png,PRIMARY,below,Is the lime triangle below the green star?,yes,yes,CORRECT
2025-12-22 18:52:41,3,/home/kkarthikeyan/deep-learning/DeepLearningProject/Synthetic-Data/vlm_levels/level_3/images/00008_b.png,PRIMARY,above,Is the green star above the lime triangle?,yes,yes,CORRECT
2025-12-22 18:52:42,3,/home/kkarthikeyan/deep-learning/DeepLearningProject/Synthetic-Data/vlm_levels/level_3/images/00008_b.png,PRIMARY,left_of,Is the lime triangle left of the green star?,yes,yes,CORRECT
2025-12-22 18:52:42,3,/home/kkarthikeyan/deep-learning/DeepLearningProject/Synthetic-Data/vlm_levels/level_3/images/00008_b.png,PRIMARY,right_of,Is the green star to the right of the lime triangle?,yes,yes,CORRECT
2025-12-22 18:52:42,3,/home/kkarthikeyan/deep-learning/DeepLearningProject/Synthetic-Data/vlm_levels/level_3/images/00008_b.png,PRIMARY,below,Is the green star below the lime triangle?,no,yes,INCORRECT
2025-12-22 18:52:43,3,/home/kkarthikeyan/deep-learning/DeepLearningProject/Synthetic-Data/vlm_levels/level_3/images/00008_b.png,ADVANCED,overlapping,Is the lime triangle partially covering the red square?,no,yes,INCORRECT
2025-12-22 18:52:43,3,/home/kkarthikeyan/deep-learning/DeepLearningProject/Synthetic-Data/vlm_levels/level_3/images/00008_b.png,ADVANCED,inside,Is the green star fully inside the red square?,no,no,CORRECT
2025-12-22 18:52:43,3,/home/kkarthikeyan/deep-learning/DeepLearningProject/Synthetic-Data/vlm_levels/level_3/images/00008_b.png,PRIMARY,above,Is the lime triangle above the green star?,no,yes,INCORRECT
2025-12-22 18:52:43,3,/home/kkarthikeyan/deep-learning/DeepLearningProject/Synthetic-Data/vlm_levels/level_3/images/00008_b.png,PRIMARY,right_of,Is the lime triangle right of the red square?,no,yes,INCORRECT
2025-12-22 18:52:44,3,/home/kkarthikeyan/deep-learning/DeepLearningProject/Synthetic-Data/vlm_levels/level_3/images/00014_w.png,PRIMARY,right_of,Is the yellow circle to the right of the orange square?,yes,yes,CORRECT
2025-12-22 18:52:44,3,/home/kkarthikeyan/deep-learning/DeepLearningProject/Synthetic-Data/vlm_levels/level_3/images/00014_w.png,PRIMARY,left_of,Is the orange square left of the yellow circle?,yes,yes,CORRECT
2025-12-22 18:52:44,3,/home/kkarthikeyan/deep-learning/DeepLearningProject/Synthetic-Data/vlm_levels/level_3/images/00014_w.png,PRIMARY,below,Is the yellow circle below the green star?,yes,yes,CORRECT
2025-12-22 18:52:44,3,/home/kkarthikeyan/deep-learning/DeepLearningProject/Synthetic-Data/vlm_levels/level_3/images/00014_w.png,PRIMARY,above,Is the green star above the yellow circle?,yes,yes,CORRECT
2025-12-22 18:52:45,3,/home/kkarthikeyan/deep-learning/DeepLearningProject/Synthetic-Data/vlm_levels/level_3/images/00014_w.png,PRIMARY,left_of,Is the yellow circle left of the green star?,no,yes,INCORRECT
2025-12-22 18:52:45,3,/home/kkarthikeyan/deep-learning/DeepLearningProject/Synthetic-Data/vlm_levels/level_3/images/00014_w.png,ADVANCED,touching,Is the yellow circle touching the orange square?,no,no,CORRECT
2025-12-22 18:52:45,3,/home/kkarthikeyan/deep-learning/DeepLearningProject/Synthetic-Data/vlm_levels/level_3/images/00014_w.png,PRIMARY,below,Is the orange square below the yellow circle?,no,yes,INCORRECT
2025-12-22 18:52:45,3,/home/kkarthikeyan/deep-learning/DeepLearningProject/Synthetic-Data/vlm_levels/level_3/images/00014_w.png,ADVANCED,inside,Is the orange square enclosed by the yellow circle?,no,yes,INCORRECT
2025-12-22 18:52:46,3,/home/kkarthikeyan/deep-learning/DeepLearningProject/Synthetic-Data/vlm_levels/level_3/images/00014_w.png,ADVANCED,overlapping,Is the yellow circle partially covering the green star?,no,yes,INCORRECT
2025-12-22 18:52:46,3,/home/kkarthikeyan/deep-learning/DeepLearningProject/Synthetic-Data/vlm_levels/level_3/images/00006_w.png,PRIMARY,below,Is the orange circle below the red square?,yes,yes,CORRECT
2025-12-22 18:52:46,3,/home/kkarthikeyan/deep-learning/DeepLearningProject/Synthetic-Data/vlm_levels/level_3/images/00006_w.png,PRIMARY,above,Is the red square above the orange circle?,yes,yes,CORRECT
2025-12-22 18:52:46,3,/home/kkarthikeyan/deep-learning/DeepLearningProject/Synthetic-Data/vlm_levels/level_3/images/00006_w.png,PRIMARY,below,Is the red square below the yellow circle?,yes,yes,CORRECT
2025-12-22 18:52:47,3,/home/kkarthikeyan/deep-learning/DeepLearningProject/Synthetic-Data/vlm_levels/level_3/images/00006_w.png,PRIMARY,above,Is the yellow circle above the red square?,yes,yes,CORRECT
2025-12-22 18:52:47,3,/home/kkarthikeyan/deep-learning/DeepLearningProject/Synthetic-Data/vlm_levels/level_3/images/00006_w.png,ADVANCED,inside,Is the orange circle fully inside the yellow circle?,no,no,CORRECT
2025-12-22 18:52:47,3,/home/kkarthikeyan/deep-learning/DeepLearningProject/Synthetic-Data/vlm_levels/level_3/images/00006_w.png,PRIMARY,right_of,Is the orange circle right of the red square?,no,yes,INCORRECT
2025-12-22 18:52:47,3,/home/kkarthikeyan/deep-learning/DeepLearningProject/Synthetic-Data/vlm_levels/level_3/images/00006_w.png,ADVANCED,touching,Is the red square touching the orange circle?,no,yes,INCORRECT
2025-12-22 18:52:48,3,/home/kkarthikeyan/deep-learning/DeepLearningProject/Synthetic-Data/vlm_levels/level_3/images/00006_w.png,PRIMARY,below,Is the red square below the orange circle?,no,yes,INCORRECT
2025-12-22 18:52:48,3,/home/kkarthikeyan/deep-learning/DeepLearningProject/Synthetic-Data/vlm_levels/level_3/images/00011_b.png,PRIMARY,above,Is the cyan star above the pink circle?,yes,yes,CORRECT
2025-12-22 18:52:48,3,/home/kkarthikeyan/deep-learning/DeepLearningProject/Synthetic-Data/vlm_levels/level_3/images/00011_b.png,PRIMARY,below,Is the pink circle below the cyan star?,yes,yes,CORRECT
2025-12-22 18:52:48,3,/home/kkarthikeyan/deep-learning/DeepLearningProject/Synthetic-Data/vlm_levels/level_3/images/00011_b.png,PRIMARY,right_of,Is the cyan star right of the pink circle?,yes,yes,CORRECT
2025-12-22 18:52:49,3,/home/kkarthikeyan/deep-learning/DeepLearningProject/Synthetic-Data/vlm_levels/level_3/images/00011_b.png,PRIMARY,left_of,Is the pink circle left of the cyan star?,yes,yes,CORRECT
2025-12-22 18:52:49,3,/home/kkarthikeyan/deep-learning/DeepLearningProject/Synthetic-Data/vlm_levels/level_3/images/00011_b.png,PRIMARY,right_of,Is the lime triangle right of the cyan star?,yes,yes,CORRECT
2025-12-22 18:52:49,3,/home/kkarthikeyan/deep-learning/DeepLearningProject/Synthetic-Data/vlm_levels/level_3/images/00011_b.png,ADVANCED,overlapping,Is the lime triangle overlapping with the cyan star?,no,yes,INCORRECT
2025-12-22 18:52:49,3,/home/kkarthikeyan/deep-learning/DeepLearningProject/Synthetic-Data/vlm_levels/level_3/images/00011_b.png,ADVANCED,touching,Is the pink circle touching the cyan star?,no,yes,INCORRECT
2025-12-22 18:52:50,3,/home/kkarthikeyan/deep-learning/DeepLearningProject/Synthetic-Data/vlm_levels/level_3/images/00011_b.png,ADVANCED,inside,Is the lime triangle enclosed by the cyan star?,no,yes,INCORRECT
2025-12-22 18:52:50,3,/home/kkarthikeyan/deep-learning/DeepLearningProject/Synthetic-Data/vlm_levels/level_3/images/00011_b.png,ADVANCED,inside,Is the pink circle enclosed by the lime triangle?,no,yes,INCORRECT
2025-12-22 18:52:50,3,/home/kkarthikeyan/deep-learning/DeepLearningProject/Synthetic-Data/vlm_levels/level_3/images/00011_b.png,ADVANCED,overlapping,Is the pink circle partially covering the lime triangle?,no,yes,INCORRECT
2025-12-22 18:52:50,3,/home/kkarthikeyan/deep-learning/DeepLearningProject/Synthetic-Data/vlm_levels/level_3/images/00003_b.png,PRIMARY,below,Is the green circle below the blue star?,yes,yes,CORRECT
2025-12-22 18:52:51,3,/home/kkarthikeyan/deep-learning/DeepLearningProject/Synthetic-Data/vlm_levels/level_3/images/00003_b.png,PRIMARY,above,Is the blue star above the green circle?,yes,yes,CORRECT
2025-12-22 18:52:51,3,/home/kkarthikeyan/deep-learning/DeepLearningProject/Synthetic-Data/vlm_levels/level_3/images/00003_b.png,PRIMARY,right_of,Is the blue star to the right of the green circle?,yes,yes,CORRECT
2025-12-22 18:52:51,3,/home/kkarthikeyan/deep-learning/DeepLearningProject/Synthetic-Data/vlm_levels/level_3/images/00003_b.png,PRIMARY,left_of,Is the green circle to the left of the blue star?,yes,yes,CORRECT
2025-12-22 18:52:51,3,/home/kkarthikeyan/deep-learning/DeepLearningProject/Synthetic-Data/vlm_levels/level_3/images/00003_b.png,PRIMARY,right_of,Is the purple star right of the green circle?,yes,yes,CORRECT
2025-12-22 18:52:52,3,/home/kkarthikeyan/deep-learning/DeepLearningProject/Synthetic-Data/vlm_levels/level_3/images/00003_b.png,ADVANCED,inside,Is the green circle enclosed by the blue star?,no,yes,INCORRECT
2025-12-22 18:52:52,3,/home/kkarthikeyan/deep-learning/DeepLearningProject/Synthetic-Data/vlm_levels/level_3/images/00003_b.png,ADVANCED,touching,Is the blue star touching the purple star?,no,yes,INCORRECT
2025-12-22 18:52:52,3,/home/kkarthikeyan/deep-learning/DeepLearningProject/Synthetic-Data/vlm_levels/level_3/images/00003_b.png,ADVANCED,inside,Is the purple star contained within the blue star?,no,yes,INCORRECT
2025-12-22 18:52:52,3,/home/kkarthikeyan/deep-learning/DeepLearningProject/Synthetic-Data/vlm_levels/level_3/images/00003_b.png,PRIMARY,above,Is the green circle above the blue star?,no,yes,INCORRECT
2025-12-22 18:52:53,3,/home/kkarthikeyan/deep-learning/DeepLearningProject/Synthetic-Data/vlm_levels/level_3/images/00003_b.png,ADVANCED,touching,Is the blue star touching the green circle?,no,yes,INCORRECT
2025-12-22 18:52:53,3,/home/kkarthikeyan/deep-learning/DeepLearningProject/Synthetic-Data/vlm_levels/level_3/images/00014_b.png,PRIMARY,left_of,Is the orange square left of the green star?,yes,yes,CORRECT
2025-12-22 18:52:53,3,/home/kkarthikeyan/deep-learning/DeepLearningProject/Synthetic-Data/vlm_levels/level_3/images/00014_b.png,PRIMARY,right_of,Is the green star right of the orange square?,yes,yes,CORRECT
2025-12-22 18:52:53,3,/home/kkarthikeyan/deep-learning/DeepLearningProject/Synthetic-Data/vlm_levels/level_3/images/00014_b.png,PRIMARY,below,Is the yellow circle below the green star?,yes,yes,CORRECT
2025-12-22 18:52:54,3,/home/kkarthikeyan/deep-learning/DeepLearningProject/Synthetic-Data/vlm_levels/level_3/images/00014_b.png,PRIMARY,above,Is the green star above the yellow circle?,yes,yes,CORRECT
2025-12-22 18:52:54,3,/home/kkarthikeyan/deep-learning/DeepLearningProject/Synthetic-Data/vlm_levels/level_3/images/00014_b.png,PRIMARY,below,Is the yellow circle below the orange square?,yes,yes,CORRECT
2025-12-22 18:52:54,3,/home/kkarthikeyan/deep-learning/DeepLearningProject/Synthetic-Data/vlm_levels/level_3/images/00014_b.png,ADVANCED,touching,Is the orange square touching the green star?,no,no,CORRECT
2025-12-22 18:52:55,3,/home/kkarthikeyan/deep-learning/DeepLearningProject/Synthetic-Data/vlm_levels/level_3/images/00014_b.png,PRIMARY,left_of,Is the green star to the left of the orange square?,no,no,CORRECT
2025-12-22 18:52:55,3,/home/kkarthikeyan/deep-learning/DeepLearningProject/Synthetic-Data/vlm_levels/level_3/images/00014_b.png,PRIMARY,above,Is the yellow circle above the green star?,no,yes,INCORRECT
2025-12-22 18:52:55,3,/home/kkarthikeyan/deep-learning/DeepLearningProject/Synthetic-Data/vlm_levels/level_3/images/00014_b.png,PRIMARY,right_of,Is the green star to the right of the yellow circle?,no,yes,INCORRECT
2025-12-22 18:52:55,3,/home/kkarthikeyan/deep-learning/DeepLearningProject/Synthetic-Data/vlm_levels/level_3/images/00014_b.png,PRIMARY,below,Is the orange square below the green star?,no,yes,INCORRECT
2025-12-22 18:52:56,3,/home/kkarthikeyan/deep-learning/DeepLearningProject/Synthetic-Data/vlm_levels/level_3/images/00019_w.png,PRIMARY,above,Is the pink star above the lime triangle?,yes,yes,CORRECT
2025-12-22 18:52:56,3,/home/kkarthikeyan/deep-learning/DeepLearningProject/Synthetic-Data/vlm_levels/level_3/images/00019_w.png,PRIMARY,below,Is the lime triangle below the pink star?,yes,yes,CORRECT
2025-12-22 18:52:56,3,/home/kkarthikeyan/deep-learning/DeepLearningProject/Synthetic-Data/vlm_levels/level_3/images/00019_w.png,PRIMARY,above,Is the pink star above the yellow star?,yes,yes,CORRECT
2025-12-22 18:52:56,3,/home/kkarthikeyan/deep-learning/DeepLearningProject/Synthetic-Data/vlm_levels/level_3/images/00019_w.png,PRIMARY,below,Is the yellow star below the pink star?,yes,yes,CORRECT
2025-12-22 18:52:57,3,/home/kkarthikeyan/deep-learning/DeepLearningProject/Synthetic-Data/vlm_levels/level_3/images/00019_w.png,PRIMARY,left_of,Is the yellow star left of the lime triangle?,yes,yes,CORRECT
2025-12-22 18:52:57,3,/home/kkarthikeyan/deep-learning/DeepLearningProject/Synthetic-Data/vlm_levels/level_3/images/00019_w.png,ADVANCED,inside,Is the lime triangle contained within the yellow star?,no,yes,INCORRECT
2025-12-22 18:52:57,3,/home/kkarthikeyan/deep-learning/DeepLearningProject/Synthetic-Data/vlm_levels/level_3/images/00019_w.png,PRIMARY,above,Is the lime triangle above the yellow star?,no,yes,INCORRECT
2025-12-22 18:52:57,3,/home/kkarthikeyan/deep-learning/DeepLearningProject/Synthetic-Data/vlm_levels/level_3/images/00019_w.png,ADVANCED,overlapping,Is the lime triangle overlapping with the pink star?,no,yes,INCORRECT
2025-12-22 18:52:58,3,/home/kkarthikeyan/deep-learning/DeepLearningProject/Synthetic-Data/vlm_levels/level_3/images/00019_w.png,ADVANCED,overlapping,Is the lime triangle partially covering the yellow star?,no,yes,INCORRECT
2025-12-22 18:52:58,3,/home/kkarthikeyan/deep-learning/DeepLearningProject/Synthetic-Data/vlm_levels/level_3/images/00019_w.png,ADVANCED,overlapping,Is the yellow star partially covering the lime triangle?,no,yes,INCORRECT
2025-12-22 18:52:58,3,/home/kkarthikeyan/deep-learning/DeepLearningProject/Synthetic-Data/vlm_levels/level_3/images/00001_w.png,PRIMARY,right_of,Is the purple star right of the cyan circle?,yes,yes,CORRECT
2025-12-22 18:52:58,3,/home/kkarthikeyan/deep-learning/DeepLearningProject/Synthetic-Data/vlm_levels/level_3/images/00001_w.png,PRIMARY,left_of,Is the cyan circle to the left of the purple star?,yes,yes,CORRECT
2025-12-22 18:52:59,3,/home/kkarthikeyan/deep-learning/DeepLearningProject/Synthetic-Data/vlm_levels/level_3/images/00001_w.png,PRIMARY,below,Is the purple star below the cyan circle?,yes,yes,CORRECT
2025-12-22 18:52:59,3,/home/kkarthikeyan/deep-learning/DeepLearningProject/Synthetic-Data/vlm_levels/level_3/images/00001_w.png,PRIMARY,above,Is the cyan circle above the purple star?,yes,yes,CORRECT
2025-12-22 18:52:59,3,/home/kkarthikeyan/deep-learning/DeepLearningProject/Synthetic-Data/vlm_levels/level_3/images/00001_w.png,PRIMARY,right_of,Is the purple star right of the green triangle?,yes,yes,CORRECT
2025-12-22 18:52:59,3,/home/kkarthikeyan/deep-learning/DeepLearningProject/Synthetic-Data/vlm_levels/level_3/images/00001_w.png,ADVANCED,touching,Is the purple star touching the green triangle?,no,yes,INCORRECT
2025-12-22 18:53:00,3,/home/kkarthikeyan/deep-learning/DeepLearningProject/Synthetic-Data/vlm_levels/level_3/images/00001_w.png,PRIMARY,above,Is the green triangle above the purple star?,no,yes,INCORRECT
2025-12-22 18:53:00,3,/home/kkarthikeyan/deep-learning/DeepLearningProject/Synthetic-Data/vlm_levels/level_3/images/00001_w.png,PRIMARY,left_of,Is the purple star to the left of the cyan circle?,no,no,CORRECT
2025-12-22 18:53:00,3,/home/kkarthikeyan/deep-learning/DeepLearningProject/Synthetic-Data/vlm_levels/level_3/images/00001_w.png,ADVANCED,inside,Is the purple star enclosed by the green triangle?,no,yes,INCORRECT
2025-12-22 18:53:00,3,/home/kkarthikeyan/deep-learning/DeepLearningProject/Synthetic-Data/vlm_levels/level_3/images/00001_w.png,PRIMARY,above,Is the green triangle above the cyan circle?,no,yes,INCORRECT
2025-12-22 18:53:01,3,/home/kkarthikeyan/deep-learning/DeepLearningProject/Synthetic-Data/vlm_levels/level_3/images/00011_w.png,PRIMARY,above,Is the lime triangle above the pink circle?,yes,yes,CORRECT
2025-12-22 18:53:01,3,/home/kkarthikeyan/deep-learning/DeepLearningProject/Synthetic-Data/vlm_levels/level_3/images/00011_w.png,PRIMARY,below,Is the pink circle below the lime triangle?,yes,yes,CORRECT
2025-12-22 18:53:01,3,/home/kkarthikeyan/deep-learning/DeepLearningProject/Synthetic-Data/vlm_levels/level_3/images/00011_w.png,PRIMARY,right_of,Is the lime triangle right of the cyan star?,yes,yes,CORRECT
2025-12-22 18:53:01,3,/home/kkarthikeyan/deep-learning/DeepLearningProject/Synthetic-Data/vlm_levels/level_3/images/00011_w.png,PRIMARY,left_of,Is the cyan star left of the lime triangle?,yes,yes,CORRECT
2025-12-22 18:53:02,3,/home/kkarthikeyan/deep-learning/DeepLearningProject/Synthetic-Data/vlm_levels/level_3/images/00011_w.png,PRIMARY,left_of,Is the pink circle left of the cyan star?,yes,yes,CORRECT
2025-12-22 18:53:02,3,/home/kkarthikeyan/deep-learning/DeepLearningProject/Synthetic-Data/vlm_levels/level_3/images/00011_w.png,ADVANCED,overlapping,Is the cyan star partially covering the lime triangle?,no,yes,INCORRECT
2025-12-22 18:53:02,3,/home/kkarthikeyan/deep-learning/DeepLearningProject/Synthetic-Data/vlm_levels/level_3/images/00011_w.png,PRIMARY,above,Is the cyan star above the lime triangle?,no,yes,INCORRECT
2025-12-22 18:53:02,3,/home/kkarthikeyan/deep-learning/DeepLearningProject/Synthetic-Data/vlm_levels/level_3/images/00011_w.png,PRIMARY,right_of,Is the cyan star to the right of the lime triangle?,no,yes,INCORRECT
2025-12-22 18:53:03,3,/home/kkarthikeyan/deep-learning/DeepLearningProject/Synthetic-Data/vlm_levels/level_3/images/00011_w.png,ADVANCED,touching,Is the cyan star touching the pink circle?,no,yes,INCORRECT
2025-12-22 18:53:03,3,/home/kkarthikeyan/deep-learning/DeepLearningProject/Synthetic-Data/vlm_levels/level_3/images/00009_b.png,PRIMARY,above,Is the purple circle above the pink triangle?,yes,yes,CORRECT
2025-12-22 18:53:03,3,/home/kkarthikeyan/deep-learning/DeepLearningProject/Synthetic-Data/vlm_levels/level_3/images/00009_b.png,PRIMARY,below,Is the pink triangle below the purple circle?,yes,yes,CORRECT
2025-12-22 18:53:03,3,/home/kkarthikeyan/deep-learning/DeepLearningProject/Synthetic-Data/vlm_levels/level_3/images/00009_b.png,PRIMARY,right_of,Is the purple circle to the right of the blue square?,yes,yes,CORRECT
2025-12-22 18:53:04,3,/home/kkarthikeyan/deep-learning/DeepLearningProject/Synthetic-Data/vlm_levels/level_3/images/00009_b.png,PRIMARY,left_of,Is the blue square left of the purple circle?,yes,yes,CORRECT
2025-12-22 18:53:04,3,/home/kkarthikeyan/deep-learning/DeepLearningProject/Synthetic-Data/vlm_levels/level_3/images/00009_b.png,PRIMARY,left_of,Is the blue square to the left of the purple circle?,yes,yes,CORRECT
2025-12-22 18:53:04,3,/home/kkarthikeyan/deep-learning/DeepLearningProject/Synthetic-Data/vlm_levels/level_3/images/00009_b.png,ADVANCED,touching,Is the purple circle touching the pink triangle?,no,yes,INCORRECT
2025-12-22 18:53:04,3,/home/kkarthikeyan/deep-learning/DeepLearningProject/Synthetic-Data/vlm_levels/level_3/images/00009_b.png,PRIMARY,left_of,Is the purple circle left of the pink triangle?,no,yes,INCORRECT
2025-12-22 18:53:05,3,/home/kkarthikeyan/deep-learning/DeepLearningProject/Synthetic-Data/vlm_levels/level_3/images/00009_b.png,ADVANCED,touching,Is the pink triangle touching the blue square?,no,yes,INCORRECT
2025-12-22 18:53:05,3,/home/kkarthikeyan/deep-learning/DeepLearningProject/Synthetic-Data/vlm_levels/level_3/images/00009_b.png,ADVANCED,overlapping,Is the purple circle overlapping with the pink triangle?,no,yes,INCORRECT
2025-12-22 18:53:05,3,/home/kkarthikeyan/deep-learning/DeepLearningProject/Synthetic-Data/vlm_levels/level_3/images/00009_b.png,ADVANCED,inside,Is the purple circle contained within the blue square?,no,yes,INCORRECT
2025-12-22 18:53:05,3,/home/kkarthikeyan/deep-learning/DeepLearningProject/Synthetic-Data/vlm_levels/level_3/images/00000_w.png,PRIMARY,right_of,Is the green square right of the red square?,yes,yes,CORRECT
2025-12-22 18:53:06,3,/home/kkarthikeyan/deep-learning/DeepLearningProject/Synthetic-Data/vlm_levels/level_3/images/00000_w.png,PRIMARY,left_of,Is the red square left of the green square?,yes,yes,CORRECT
2025-12-22 18:53:06,3,/home/kkarthikeyan/deep-learning/DeepLearningProject/Synthetic-Data/vlm_levels/level_3/images/00000_w.png,PRIMARY,above,Is the green square above the red square?,yes,yes,CORRECT
2025-12-22 18:53:06,3,/home/kkarthikeyan/deep-learning/DeepLearningProject/Synthetic-Data/vlm_levels/level_3/images/00000_w.png,PRIMARY,below,Is the red square below the green square?,yes,yes,CORRECT
2025-12-22 18:53:07,3,/home/kkarthikeyan/deep-learning/DeepLearningProject/Synthetic-Data/vlm_levels/level_3/images/00000_w.png,PRIMARY,above,Is the green square above the lime triangle?,yes,yes,CORRECT
2025-12-22 18:53:07,3,/home/kkarthikeyan/deep-learning/DeepLearningProject/Synthetic-Data/vlm_levels/level_3/images/00000_w.png,PRIMARY,above,Is the red square above the green square?,no,yes,INCORRECT
2025-12-22 18:53:07,3,/home/kkarthikeyan/deep-learning/DeepLearningProject/Synthetic-Data/vlm_levels/level_3/images/00000_w.png,ADVANCED,touching,Is the red square touching the green square?,no,no,CORRECT
2025-12-22 18:53:07,3,/home/kkarthikeyan/deep-learning/DeepLearningProject/Synthetic-Data/vlm_levels/level_3/images/00000_w.png,ADVANCED,overlapping,Is the green square partially covering the red square?,no,yes,INCORRECT
2025-12-22 18:53:08,3,/home/kkarthikeyan/deep-learning/DeepLearningProject/Synthetic-Data/vlm_levels/level_3/images/00000_w.png,ADVANCED,inside,Is the lime triangle enclosed by the red square?,no,yes,INCORRECT
2025-12-22 18:53:08,3,/home/kkarthikeyan/deep-learning/DeepLearningProject/Synthetic-Data/vlm_levels/level_3/images/00010_w.png,PRIMARY,below,Is the purple star below the lime star?,yes,yes,CORRECT
2025-12-22 18:53:08,3,/home/kkarthikeyan/deep-learning/DeepLearningProject/Synthetic-Data/vlm_levels/level_3/images/00010_w.png,PRIMARY,above,Is the lime star above the purple star?,yes,yes,CORRECT
2025-12-22 18:53:08,3,/home/kkarthikeyan/deep-learning/DeepLearningProject/Synthetic-Data/vlm_levels/level_3/images/00010_w.png,PRIMARY,right_of,Is the lime star right of the purple star?,yes,yes,CORRECT
2025-12-22 18:53:09,3,/home/kkarthikeyan/deep-learning/DeepLearningProject/Synthetic-Data/vlm_levels/level_3/images/00010_w.png,PRIMARY,left_of,Is the purple star to the left of the lime star?,yes,yes,CORRECT
2025-12-22 18:53:09,3,/home/kkarthikeyan/deep-learning/DeepLearningProject/Synthetic-Data/vlm_levels/level_3/images/00010_w.png,PRIMARY,above,Is the orange square above the purple star?,yes,yes,CORRECT
2025-12-22 18:53:09,3,/home/kkarthikeyan/deep-learning/DeepLearningProject/Synthetic-Data/vlm_levels/level_3/images/00010_w.png,PRIMARY,below,Is the orange square below the lime star?,no,yes,INCORRECT
2025-12-22 18:53:09,3,/home/kkarthikeyan/deep-learning/DeepLearningProject/Synthetic-Data/vlm_levels/level_3/images/00010_w.png,PRIMARY,right_of,Is the orange square to the right of the lime star?,no,yes,INCORRECT
2025-12-22 18:53:10,3,/home/kkarthikeyan/deep-learning/DeepLearningProject/Synthetic-Data/vlm_levels/level_3/images/00010_w.png,PRIMARY,above,Is the purple star above the orange square?,no,yes,INCORRECT
2025-12-22 18:53:10,3,/home/kkarthikeyan/deep-learning/DeepLearningProject/Synthetic-Data/vlm_levels/level_3/images/00010_w.png,ADVANCED,inside,Is the purple star fully inside the lime star?,no,no,CORRECT
2025-12-22 18:53:10,3,/home/kkarthikeyan/deep-learning/DeepLearningProject/Synthetic-Data/vlm_levels/level_3/images/00010_w.png,ADVANCED,touching,Is the orange square touching the purple star?,no,yes,INCORRECT
2025-12-22 18:53:10,3,/home/kkarthikeyan/deep-learning/DeepLearningProject/Synthetic-Data/vlm_levels/level_3/images/00009_w.png,PRIMARY,left_of,Is the pink triangle to the left of the blue square?,yes,yes,CORRECT
2025-12-22 18:53:11,3,/home/kkarthikeyan/deep-learning/DeepLearningProject/Synthetic-Data/vlm_levels/level_3/images/00009_w.png,PRIMARY,right_of,Is the blue square to the right of the pink triangle?,yes,yes,CORRECT
2025-12-22 18:53:11,3,/home/kkarthikeyan/deep-learning/DeepLearningProject/Synthetic-Data/vlm_levels/level_3/images/00009_w.png,PRIMARY,left_of,Is the blue square left of the purple circle?,yes,yes,CORRECT
2025-12-22 18:53:11,3,/home/kkarthikeyan/deep-learning/DeepLearningProject/Synthetic-Data/vlm_levels/level_3/images/00009_w.png,PRIMARY,right_of,Is the purple circle right of the blue square?,yes,yes,CORRECT
2025-12-22 18:53:11,3,/home/kkarthikeyan/deep-learning/DeepLearningProject/Synthetic-Data/vlm_levels/level_3/images/00009_w.png,PRIMARY,left_of,Is the pink triangle to the left of the purple circle?,yes,yes,CORRECT
2025-12-22 18:53:12,3,/home/kkarthikeyan/deep-learning/DeepLearningProject/Synthetic-Data/vlm_levels/level_3/images/00009_w.png,ADVANCED,touching,Is the pink triangle touching the purple circle?,no,no,CORRECT
2025-12-22 18:53:12,3,/home/kkarthikeyan/deep-learning/DeepLearningProject/Synthetic-Data/vlm_levels/level_3/images/00009_w.png,PRIMARY,below,Is the blue square below the pink triangle?,no,yes,INCORRECT
2025-12-22 18:53:12,3,/home/kkarthikeyan/deep-learning/DeepLearningProject/Synthetic-Data/vlm_levels/level_3/images/00009_w.png,PRIMARY,above,Is the purple circle above the blue square?,no,yes,INCORRECT
2025-12-22 18:53:12,3,/home/kkarthikeyan/deep-learning/DeepLearningProject/Synthetic-Data/vlm_levels/level_3/images/00009_w.png,PRIMARY,right_of,Is the pink triangle right of the purple circle?,no,yes,INCORRECT
2025-12-22 18:53:13,3,/home/kkarthikeyan/deep-learning/DeepLearningProject/Synthetic-Data/vlm_levels/level_3/images/00009_w.png,ADVANCED,inside,Is the purple circle contained within the pink triangle?,no,yes,INCORRECT
2025-12-22 18:53:13,3,/home/kkarthikeyan/deep-learning/DeepLearningProject/Synthetic-Data/vlm_levels/level_3/images/00005_w.png,PRIMARY,right_of,Is the red star to the right of the pink triangle?,yes,yes,CORRECT
2025-12-22 18:53:13,3,/home/kkarthikeyan/deep-learning/DeepLearningProject/Synthetic-Data/vlm_levels/level_3/images/00005_w.png,PRIMARY,left_of,Is the pink triangle to the left of the red star?,yes,yes,CORRECT
2025-12-22 18:53:13,3,/home/kkarthikeyan/deep-learning/DeepLearningProject/Synthetic-Data/vlm_levels/level_3/images/00005_w.png,PRIMARY,below,Is the pink triangle below the green circle?,yes,yes,CORRECT
2025-12-22 18:53:14,3,/home/kkarthikeyan/deep-learning/DeepLearningProject/Synthetic-Data/vlm_levels/level_3/images/00005_w.png,PRIMARY,above,Is the green circle above the pink triangle?,yes,yes,CORRECT
2025-12-22 18:53:14,3,/home/kkarthikeyan/deep-learning/DeepLearningProject/Synthetic-Data/vlm_levels/level_3/images/00005_w.png,PRIMARY,right_of,Is the green circle right of the red star?,yes,yes,CORRECT
2025-12-22 18:53:14,3,/home/kkarthikeyan/deep-learning/DeepLearningProject/Synthetic-Data/vlm_levels/level_3/images/00005_w.png,PRIMARY,below,Is the green circle below the pink triangle?,no,yes,INCORRECT
2025-12-22 18:53:14,3,/home/kkarthikeyan/deep-learning/DeepLearningProject/Synthetic-Data/vlm_levels/level_3/images/00005_w.png,PRIMARY,below,Is the green circle below the red star?,no,yes,INCORRECT
2025-12-22 18:53:15,3,/home/kkarthikeyan/deep-learning/DeepLearningProject/Synthetic-Data/vlm_levels/level_3/images/00005_w.png,ADVANCED,overlapping,Is the pink triangle overlapping with the red star?,no,yes,INCORRECT
2025-12-22 18:53:15,3,/home/kkarthikeyan/deep-learning/DeepLearningProject/Synthetic-Data/vlm_levels/level_3/images/00005_w.png,ADVANCED,inside,Is the pink triangle enclosed by the red star?,no,yes,INCORRECT
2025-12-22 18:53:15,3,/home/kkarthikeyan/deep-learning/DeepLearningProject/Synthetic-Data/vlm_levels/level_3/images/00005_w.png,PRIMARY,left_of,Is the green circle to the left of the pink triangle?,no,no,CORRECT
2025-12-22 18:53:15,3,/home/kkarthikeyan/deep-learning/DeepLearningProject/Synthetic-Data/vlm_levels/level_3/images/00007_b.png,PRIMARY,left_of,Is the pink triangle left of the green square?,yes,yes,CORRECT
2025-12-22 18:53:16,3,/home/kkarthikeyan/deep-learning/DeepLearningProject/Synthetic-Data/vlm_levels/level_3/images/00007_b.png,PRIMARY,right_of,Is the green square right of the pink triangle?,yes,yes,CORRECT
2025-12-22 18:53:16,3,/home/kkarthikeyan/deep-learning/DeepLearningProject/Synthetic-Data/vlm_levels/level_3/images/00007_b.png,PRIMARY,left_of,Is the pink triangle to the left of the green square?,yes,yes,CORRECT
2025-12-22 18:53:16,3,/home/kkarthikeyan/deep-learning/DeepLearningProject/Synthetic-Data/vlm_levels/level_3/images/00007_b.png,PRIMARY,above,Is the pink triangle above the green square?,yes,yes,CORRECT
2025-12-22 18:53:16,3,/home/kkarthikeyan/deep-learning/DeepLearningProject/Synthetic-Data/vlm_levels/level_3/images/00007_b.png,PRIMARY,left_of,Is the purple square left of the pink triangle?,no,yes,INCORRECT
2025-12-22 18:53:17,3,/home/kkarthikeyan/deep-learning/DeepLearningProject/Synthetic-Data/vlm_levels/level_3/images/00007_b.png,PRIMARY,above,Is the green square above the purple square?,no,yes,INCORRECT
2025-12-22 18:53:17,3,/home/kkarthikeyan/deep-learning/DeepLearningProject/Synthetic-Data/vlm_levels/level_3/images/00007_b.png,PRIMARY,above,Is the pink triangle above the purple square?,no,yes,INCORRECT
2025-12-22 18:53:17,3,/home/kkarthikeyan/deep-learning/DeepLearningProject/Synthetic-Data/vlm_levels/level_3/images/00007_b.png,PRIMARY,below,Is the purple square below the pink triangle?,no,yes,INCORRECT
2025-12-22 18:53:17,3,/home/kkarthikeyan/deep-learning/DeepLearningProject/Synthetic-Data/vlm_levels/level_3/images/00007_b.png,ADVANCED,touching,Is the pink triangle touching the purple square?,no,yes,INCORRECT
2025-12-22 18:53:18,3,/home/kkarthikeyan/deep-learning/DeepLearningProject/Synthetic-Data/vlm_levels/level_3/images/00012_b.png,PRIMARY,below,Is the cyan circle below the purple square?,yes,yes,CORRECT
2025-12-22 18:53:18,3,/home/kkarthikeyan/deep-learning/DeepLearningProject/Synthetic-Data/vlm_levels/level_3/images/00012_b.png,PRIMARY,above,Is the purple square above the cyan circle?,yes,yes,CORRECT
2025-12-22 18:53:18,3,/home/kkarthikeyan/deep-learning/DeepLearningProject/Synthetic-Data/vlm_levels/level_3/images/00012_b.png,PRIMARY,above,Is the pink circle above the cyan circle?,yes,yes,CORRECT
2025-12-22 18:53:19,3,/home/kkarthikeyan/deep-learning/DeepLearningProject/Synthetic-Data/vlm_levels/level_3/images/00012_b.png,PRIMARY,below,Is the cyan circle below the pink circle?,yes,yes,CORRECT
2025-12-22 18:53:19,3,/home/kkarthikeyan/deep-learning/DeepLearningProject/Synthetic-Data/vlm_levels/level_3/images/00012_b.png,PRIMARY,below,Is the purple square below the pink circle?,yes,yes,CORRECT
2025-12-22 18:53:19,3,/home/kkarthikeyan/deep-learning/DeepLearningProject/Synthetic-Data/vlm_levels/level_3/images/00012_b.png,ADVANCED,inside,Is the purple square enclosed by the cyan circle?,no,yes,INCORRECT
2025-12-22 18:53:19,3,/home/kkarthikeyan/deep-learning/DeepLearningProject/Synthetic-Data/vlm_levels/level_3/images/00012_b.png,ADVANCED,touching,Is the cyan circle touching the pink circle?,no,no,CORRECT
2025-12-22 18:53:20,3,/home/kkarthikeyan/deep-learning/DeepLearningProject/Synthetic-Data/vlm_levels/level_3/images/00012_b.png,ADVANCED,overlapping,Is the pink circle partially covering the cyan circle?,no,yes,INCORRECT
2025-12-22 18:53:20,3,/home/kkarthikeyan/deep-learning/DeepLearningProject/Synthetic-Data/vlm_levels/level_3/images/00012_b.png,PRIMARY,left_of,Is the cyan circle to the left of the pink circle?,no,no,CORRECT
2025-12-22 18:53:20,3,/home/kkarthikeyan/deep-learning/DeepLearningProject/Synthetic-Data/vlm_levels/level_3/images/00012_b.png,PRIMARY,left_of,Is the purple square to the left of the pink circle?,no,no,CORRECT
2025-12-22 18:53:20,3,/home/kkarthikeyan/deep-learning/DeepLearningProject/Synthetic-Data/vlm_levels/level_3/images/00000_b.png,PRIMARY,left_of,Is the red square left of the green square?,yes,yes,CORRECT
2025-12-22 18:53:21,3,/home/kkarthikeyan/deep-learning/DeepLearningProject/Synthetic-Data/vlm_levels/level_3/images/00000_b.png,PRIMARY,right_of,Is the green square to the right of the red square?,yes,yes,CORRECT
2025-12-22 18:53:21,3,/home/kkarthikeyan/deep-learning/DeepLearningProject/Synthetic-Data/vlm_levels/level_3/images/00000_b.png,PRIMARY,below,Is the red square below the lime triangle?,yes,yes,CORRECT
2025-12-22 18:53:21,3,/home/kkarthikeyan/deep-learning/DeepLearningProject/Synthetic-Data/vlm_levels/level_3/images/00000_b.png,PRIMARY,above,Is the lime triangle above the red square?,yes,yes,CORRECT
2025-12-22 18:53:21,3,/home/kkarthikeyan/deep-learning/DeepLearningProject/Synthetic-Data/vlm_levels/level_3/images/00000_b.png,PRIMARY,left_of,Is the lime triangle to the left of the green square?,yes,yes,CORRECT
2025-12-22 18:53:22,3,/home/kkarthikeyan/deep-learning/DeepLearningProject/Synthetic-Data/vlm_levels/level_3/images/00000_b.png,PRIMARY,left_of,Is the green square to the left of the red square?,no,yes,INCORRECT
2025-12-22 18:53:22,3,/home/kkarthikeyan/deep-learning/DeepLearningProject/Synthetic-Data/vlm_levels/level_3/images/00000_b.png,ADVANCED,inside,Is the green square fully inside the lime triangle?,no,no,CORRECT
2025-12-22 18:53:22,3,/home/kkarthikeyan/deep-learning/DeepLearningProject/Synthetic-Data/vlm_levels/level_3/images/00000_b.png,ADVANCED,inside,Is the green square fully inside the red square?,no,no,CORRECT
2025-12-22 18:53:22,3,/home/kkarthikeyan/deep-learning/DeepLearningProject/Synthetic-Data/vlm_levels/level_3/images/00000_b.png,ADVANCED,overlapping,Is the red square overlapping with the lime triangle?,no,yes,INCORRECT
2025-12-22 18:53:23,3,/home/kkarthikeyan/deep-learning/DeepLearningProject/Synthetic-Data/vlm_levels/level_3/images/00000_b.png,PRIMARY,above,Is the red square above the lime triangle?,no,yes,INCORRECT
2025-12-22 18:53:23,3,/home/kkarthikeyan/deep-learning/DeepLearningProject/Synthetic-Data/vlm_levels/level_3/images/00001_b.png,PRIMARY,left_of,Is the cyan circle left of the purple star?,yes,yes,CORRECT
2025-12-22 18:53:23,3,/home/kkarthikeyan/deep-learning/DeepLearningProject/Synthetic-Data/vlm_levels/level_3/images/00001_b.png,PRIMARY,right_of,Is the purple star to the right of the cyan circle?,yes,yes,CORRECT
2025-12-22 18:53:23,3,/home/kkarthikeyan/deep-learning/DeepLearningProject/Synthetic-Data/vlm_levels/level_3/images/00001_b.png,PRIMARY,above,Is the purple star above the green triangle?,yes,yes,CORRECT
2025-12-22 18:53:24,3,/home/kkarthikeyan/deep-learning/DeepLearningProject/Synthetic-Data/vlm_levels/level_3/images/00001_b.png,PRIMARY,below,Is the green triangle below the purple star?,yes,yes,CORRECT
2025-12-22 18:53:24,3,/home/kkarthikeyan/deep-learning/DeepLearningProject/Synthetic-Data/vlm_levels/level_3/images/00001_b.png,PRIMARY,below,Is the green triangle below the cyan circle?,yes,yes,CORRECT
2025-12-22 18:53:24,3,/home/kkarthikeyan/deep-learning/DeepLearningProject/Synthetic-Data/vlm_levels/level_3/images/00001_b.png,ADVANCED,inside,Is the purple star fully inside the green triangle?,no,no,CORRECT
2025-12-22 18:53:24,3,/home/kkarthikeyan/deep-learning/DeepLearningProject/Synthetic-Data/vlm_levels/level_3/images/00001_b.png,ADVANCED,inside,Is the green triangle enclosed by the cyan circle?,no,yes,INCORRECT
2025-12-22 18:53:25,3,/home/kkarthikeyan/deep-learning/DeepLearningProject/Synthetic-Data/vlm_levels/level_3/images/00001_b.png,ADVANCED,touching,Is the cyan circle touching the purple star?,no,yes,INCORRECT
2025-12-22 18:53:25,3,/home/kkarthikeyan/deep-learning/DeepLearningProject/Synthetic-Data/vlm_levels/level_3/images/00001_b.png,PRIMARY,right_of,Is the green triangle right of the purple star?,no,yes,INCORRECT
2025-12-22 18:53:25,3,/home/kkarthikeyan/deep-learning/DeepLearningProject/Synthetic-Data/vlm_levels/level_3/images/00001_b.png,ADVANCED,touching,Is the purple star touching the green triangle?,no,yes,INCORRECT
2025-12-22 18:53:25,3,/home/kkarthikeyan/deep-learning/DeepLearningProject/Synthetic-Data/vlm_levels/level_3/images/00019_b.png,PRIMARY,above,Is the pink star above the lime triangle?,yes,yes,CORRECT
2025-12-22 18:53:26,3,/home/kkarthikeyan/deep-learning/DeepLearningProject/Synthetic-Data/vlm_levels/level_3/images/00019_b.png,PRIMARY,below,Is the lime triangle below the pink star?,yes,yes,CORRECT
2025-12-22 18:53:26,3,/home/kkarthikeyan/deep-learning/DeepLearningProject/Synthetic-Data/vlm_levels/level_3/images/00019_b.png,PRIMARY,left_of,Is the lime triangle to the left of the pink star?,yes,yes,CORRECT
2025-12-22 18:53:26,3,/home/kkarthikeyan/deep-learning/DeepLearningProject/Synthetic-Data/vlm_levels/level_3/images/00019_b.png,PRIMARY,right_of,Is the pink star right of the lime triangle?,yes,yes,CORRECT
2025-12-22 18:53:26,3,/home/kkarthikeyan/deep-learning/DeepLearningProject/Synthetic-Data/vlm_levels/level_3/images/00019_b.png,PRIMARY,above,Is the pink star above the yellow star?,yes,yes,CORRECT
2025-12-22 18:53:27,3,/home/kkarthikeyan/deep-learning/DeepLearningProject/Synthetic-Data/vlm_levels/level_3/images/00019_b.png,ADVANCED,touching,Is the yellow star touching the pink star?,no,yes,INCORRECT
2025-12-22 18:53:27,3,/home/kkarthikeyan/deep-learning/DeepLearningProject/Synthetic-Data/vlm_levels/level_3/images/00019_b.png,ADVANCED,touching,Is the yellow star touching the lime triangle?,no,yes,INCORRECT
2025-12-22 18:53:27,3,/home/kkarthikeyan/deep-learning/DeepLearningProject/Synthetic-Data/vlm_levels/level_3/images/00019_b.png,ADVANCED,overlapping,Is the pink star overlapping with the lime triangle?,no,yes,INCORRECT
2025-12-22 18:53:27,3,/home/kkarthikeyan/deep-learning/DeepLearningProject/Synthetic-Data/vlm_levels/level_3/images/00019_b.png,PRIMARY,above,Is the yellow star above the pink star?,no,yes,INCORRECT
2025-12-22 18:53:28,3,/home/kkarthikeyan/deep-learning/DeepLearningProject/Synthetic-Data/vlm_levels/level_3/images/00019_b.png,ADVANCED,touching,Is the pink star touching the lime triangle?,no,yes,INCORRECT
2025-12-22 18:53:28,3,/home/kkarthikeyan/deep-learning/DeepLearningProject/Synthetic-Data/vlm_levels/level_3/images/00013_b.png,PRIMARY,right_of,Is the purple triangle to the right of the blue circle?,yes,yes,CORRECT
2025-12-22 18:53:28,3,/home/kkarthikeyan/deep-learning/DeepLearningProject/Synthetic-Data/vlm_levels/level_3/images/00013_b.png,PRIMARY,left_of,Is the blue circle to the left of the purple triangle?,yes,yes,CORRECT
2025-12-22 18:53:28,3,/home/kkarthikeyan/deep-learning/DeepLearningProject/Synthetic-Data/vlm_levels/level_3/images/00013_b.png,PRIMARY,above,Is the purple triangle above the cyan star?,yes,yes,CORRECT
2025-12-22 18:53:29,3,/home/kkarthikeyan/deep-learning/DeepLearningProject/Synthetic-Data/vlm_levels/level_3/images/00013_b.png,PRIMARY,below,Is the cyan star below the purple triangle?,yes,yes,CORRECT
2025-12-22 18:53:29,3,/home/kkarthikeyan/deep-learning/DeepLearningProject/Synthetic-Data/vlm_levels/level_3/images/00013_b.png,PRIMARY,below,Is the purple triangle below the blue circle?,yes,yes,CORRECT
2025-12-22 18:53:29,3,/home/kkarthikeyan/deep-learning/DeepLearningProject/Synthetic-Data/vlm_levels/level_3/images/00013_b.png,ADVANCED,overlapping,Is the blue circle overlapping with the purple triangle?,no,yes,INCORRECT
2025-12-22 18:53:30,3,/home/kkarthikeyan/deep-learning/DeepLearningProject/Synthetic-Data/vlm_levels/level_3/images/00013_b.png,ADVANCED,touching,Is the cyan star touching the blue circle?,no,yes,INCORRECT
2025-12-22 18:53:30,3,/home/kkarthikeyan/deep-learning/DeepLearningProject/Synthetic-Data/vlm_levels/level_3/images/00013_b.png,PRIMARY,above,Is the purple triangle above the blue circle?,no,yes,INCORRECT
2025-12-22 18:53:30,3,/home/kkarthikeyan/deep-learning/DeepLearningProject/Synthetic-Data/vlm_levels/level_3/images/00013_b.png,PRIMARY,above,Is the cyan star above the purple triangle?,no,yes,INCORRECT
2025-12-22 18:53:30,3,/home/kkarthikeyan/deep-learning/DeepLearningProject/Synthetic-Data/vlm_levels/level_3/images/00004_b.png,PRIMARY,above,Is the purple circle above the orange circle?,yes,yes,CORRECT
2025-12-22 18:53:31,3,/home/kkarthikeyan/deep-learning/DeepLearningProject/Synthetic-Data/vlm_levels/level_3/images/00004_b.png,PRIMARY,below,Is the orange circle below the purple circle?,yes,yes,CORRECT
2025-12-22 18:53:31,3,/home/kkarthikeyan/deep-learning/DeepLearningProject/Synthetic-Data/vlm_levels/level_3/images/00004_b.png,PRIMARY,left_of,Is the orange circle to the left of the green star?,yes,yes,CORRECT
2025-12-22 18:53:31,3,/home/kkarthikeyan/deep-learning/DeepLearningProject/Synthetic-Data/vlm_levels/level_3/images/00004_b.png,PRIMARY,right_of,Is the green star right of the orange circle?,yes,yes,CORRECT
2025-12-22 18:53:31,3,/home/kkarthikeyan/deep-learning/DeepLearningProject/Synthetic-Data/vlm_levels/level_3/images/00004_b.png,PRIMARY,below,Is the orange circle below the green star?,yes,yes,CORRECT
2025-12-22 18:53:32,3,/home/kkarthikeyan/deep-learning/DeepLearningProject/Synthetic-Data/vlm_levels/level_3/images/00004_b.png,ADVANCED,overlapping,Is the orange circle partially covering the purple circle?,no,yes,INCORRECT
2025-12-22 18:53:32,3,/home/kkarthikeyan/deep-learning/DeepLearningProject/Synthetic-Data/vlm_levels/level_3/images/00004_b.png,ADVANCED,inside,Is the orange circle fully inside the green star?,no,no,CORRECT
2025-12-22 18:53:32,3,/home/kkarthikeyan/deep-learning/DeepLearningProject/Synthetic-Data/vlm_levels/level_3/images/00004_b.png,ADVANCED,inside,Is the purple circle contained within the orange circle?,no,yes,INCORRECT
2025-12-22 18:53:32,3,/home/kkarthikeyan/deep-learning/DeepLearningProject/Synthetic-Data/vlm_levels/level_3/images/00004_b.png,ADVANCED,overlapping,Is the green star overlapping with the purple circle?,no,yes,INCORRECT
2025-12-22 18:53:33,3,/home/kkarthikeyan/deep-learning/DeepLearningProject/Synthetic-Data/vlm_levels/level_3/images/00004_b.png,PRIMARY,above,Is the orange circle above the green star?,no,yes,INCORRECT
2025-12-22 18:53:33,3,/home/kkarthikeyan/deep-learning/DeepLearningProject/Synthetic-Data/vlm_levels/level_3/images/00016_b.png,PRIMARY,right_of,Is the cyan circle right of the blue star?,yes,yes,CORRECT
2025-12-22 18:53:33,3,/home/kkarthikeyan/deep-learning/DeepLearningProject/Synthetic-Data/vlm_levels/level_3/images/00016_b.png,PRIMARY,left_of,Is the blue star left of the cyan circle?,yes,yes,CORRECT
2025-12-22 18:53:33,3,/home/kkarthikeyan/deep-learning/DeepLearningProject/Synthetic-Data/vlm_levels/level_3/images/00016_b.png,PRIMARY,above,Is the purple square above the blue star?,yes,yes,CORRECT
2025-12-22 18:53:34,3,/home/kkarthikeyan/deep-learning/DeepLearningProject/Synthetic-Data/vlm_levels/level_3/images/00016_b.png,PRIMARY,below,Is the blue star below the purple square?,yes,yes,CORRECT
2025-12-22 18:53:34,3,/home/kkarthikeyan/deep-learning/DeepLearningProject/Synthetic-Data/vlm_levels/level_3/images/00016_b.png,PRIMARY,right_of,Is the blue star right of the purple square?,yes,yes,CORRECT
2025-12-22 18:53:34,3,/home/kkarthikeyan/deep-learning/DeepLearningProject/Synthetic-Data/vlm_levels/level_3/images/00016_b.png,ADVANCED,inside,Is the purple square contained within the blue star?,no,yes,INCORRECT
2025-12-22 18:53:34,3,/home/kkarthikeyan/deep-learning/DeepLearningProject/Synthetic-Data/vlm_levels/level_3/images/00016_b.png,ADVANCED,inside,Is the purple square enclosed by the blue star?,no,yes,INCORRECT
2025-12-22 18:53:35,3,/home/kkarthikeyan/deep-learning/DeepLearningProject/Synthetic-Data/vlm_levels/level_3/images/00016_b.png,ADVANCED,inside,Is the cyan circle contained within the blue star?,no,yes,INCORRECT
2025-12-22 18:53:35,3,/home/kkarthikeyan/deep-learning/DeepLearningProject/Synthetic-Data/vlm_levels/level_3/images/00016_b.png,ADVANCED,touching,Is the cyan circle touching the purple square?,no,yes,INCORRECT
2025-12-22 18:53:35,3,/home/kkarthikeyan/deep-learning/DeepLearningProject/Synthetic-Data/vlm_levels/level_3/images/00016_b.png,ADVANCED,overlapping,Is the cyan circle overlapping with the blue star?,no,yes,INCORRECT
2025-12-22 18:53:35,3,/home/kkarthikeyan/deep-learning/DeepLearningProject/Synthetic-Data/vlm_levels/level_3/images/00015_b.png,PRIMARY,left_of,Is the purple circle to the left of the green square?,yes,yes,CORRECT
2025-12-22 18:53:36,3,/home/kkarthikeyan/deep-learning/DeepLearningProject/Synthetic-Data/vlm_levels/level_3/images/00015_b.png,PRIMARY,right_of,Is the green square right of the purple circle?,yes,yes,CORRECT
2025-12-22 18:53:36,3,/home/kkarthikeyan/deep-learning/DeepLearningProject/Synthetic-Data/vlm_levels/level_3/images/00015_b.png,PRIMARY,right_of,Is the green square to the right of the purple circle?,yes,yes,CORRECT
2025-12-22 18:53:36,3,/home/kkarthikeyan/deep-learning/DeepLearningProject/Synthetic-Data/vlm_levels/level_3/images/00015_b.png,PRIMARY,right_of,Is the green square right of the yellow star?,yes,yes,CORRECT
2025-12-22 18:53:36,3,/home/kkarthikeyan/deep-learning/DeepLearningProject/Synthetic-Data/vlm_levels/level_3/images/00015_b.png,PRIMARY,right_of,Is the yellow star to the right of the green square?,no,yes,INCORRECT
2025-12-22 18:53:37,3,/home/kkarthikeyan/deep-learning/DeepLearningProject/Synthetic-Data/vlm_levels/level_3/images/00015_b.png,PRIMARY,below,Is the yellow star below the purple circle?,no,yes,INCORRECT
2025-12-22 18:53:37,3,/home/kkarthikeyan/deep-learning/DeepLearningProject/Synthetic-Data/vlm_levels/level_3/images/00015_b.png,ADVANCED,touching,Is the purple circle touching the green square?,no,no,CORRECT
2025-12-22 18:53:37,3,/home/kkarthikeyan/deep-learning/DeepLearningProject/Synthetic-Data/vlm_levels/level_3/images/00015_b.png,ADVANCED,inside,Is the yellow star contained within the purple circle?,no,yes,INCORRECT
2025-12-22 18:53:37,3,/home/kkarthikeyan/deep-learning/DeepLearningProject/Synthetic-Data/vlm_levels/level_3/images/00002_w.png,PRIMARY,above,Is the blue star above the lime star?,yes,yes,CORRECT
2025-12-22 18:53:38,3,/home/kkarthikeyan/deep-learning/DeepLearningProject/Synthetic-Data/vlm_levels/level_3/images/00002_w.png,PRIMARY,below,Is the lime star below the blue star?,yes,yes,CORRECT
2025-12-22 18:53:38,3,/home/kkarthikeyan/deep-learning/DeepLearningProject/Synthetic-Data/vlm_levels/level_3/images/00002_w.png,PRIMARY,right_of,Is the blue star to the right of the pink star?,yes,yes,CORRECT
2025-12-22 18:53:38,3,/home/kkarthikeyan/deep-learning/DeepLearningProject/Synthetic-Data/vlm_levels/level_3/images/00002_w.png,PRIMARY,left_of,Is the pink star to the left of the blue star?,yes,yes,CORRECT
2025-12-22 18:53:38,3,/home/kkarthikeyan/deep-learning/DeepLearningProject/Synthetic-Data/vlm_levels/level_3/images/00002_w.png,PRIMARY,left_of,Is the pink star left of the blue star?,yes,yes,CORRECT
2025-12-22 18:53:39,3,/home/kkarthikeyan/deep-learning/DeepLearningProject/Synthetic-Data/vlm_levels/level_3/images/00002_w.png,PRIMARY,left_of,Is the lime star to the left of the pink star?,no,yes,INCORRECT
2025-12-22 18:53:39,3,/home/kkarthikeyan/deep-learning/DeepLearningProject/Synthetic-Data/vlm_levels/level_3/images/00002_w.png,ADVANCED,touching,Is the blue star touching the pink star?,no,yes,INCORRECT
2025-12-22 18:53:39,3,/home/kkarthikeyan/deep-learning/DeepLearningProject/Synthetic-Data/vlm_levels/level_3/images/00002_w.png,ADVANCED,overlapping,Is the pink star overlapping with the lime star?,no,yes,INCORRECT
2025-12-22 18:53:39,3,/home/kkarthikeyan/deep-learning/DeepLearningProject/Synthetic-Data/vlm_levels/level_3/images/00002_w.png,PRIMARY,right_of,Is the blue star right of the lime star?,no,yes,INCORRECT
2025-12-22 18:53:40,3,/home/kkarthikeyan/deep-learning/DeepLearningProject/Synthetic-Data/vlm_levels/level_3/images/00002_w.png,PRIMARY,below,Is the lime star below the pink star?,no,yes,INCORRECT
2025-12-22 18:53:40,3,/home/kkarthikeyan/deep-learning/DeepLearningProject/Synthetic-Data/vlm_levels/level_3/images/00006_b.png,PRIMARY,above,Is the yellow circle above the orange circle?,yes,yes,CORRECT
2025-12-22 18:53:40,3,/home/kkarthikeyan/deep-learning/DeepLearningProject/Synthetic-Data/vlm_levels/level_3/images/00006_b.png,PRIMARY,below,Is the orange circle below the yellow circle?,yes,yes,CORRECT
2025-12-22 18:53:40,3,/home/kkarthikeyan/deep-learning/DeepLearningProject/Synthetic-Data/vlm_levels/level_3/images/00006_b.png,PRIMARY,right_of,Is the red square right of the orange circle?,yes,yes,CORRECT
2025-12-22 18:53:41,3,/home/kkarthikeyan/deep-learning/DeepLearningProject/Synthetic-Data/vlm_levels/level_3/images/00006_b.png,PRIMARY,left_of,Is the red square left of the orange circle?,no,yes,INCORRECT
2025-12-22 18:53:41,3,/home/kkarthikeyan/deep-learning/DeepLearningProject/Synthetic-Data/vlm_levels/level_3/images/00006_b.png,ADVANCED,overlapping,Is the yellow circle overlapping with the orange circle?,no,yes,INCORRECT
2025-12-22 18:53:41,3,/home/kkarthikeyan/deep-learning/DeepLearningProject/Synthetic-Data/vlm_levels/level_3/images/00006_b.png,PRIMARY,above,Is the orange circle above the red square?,no,yes,INCORRECT
2025-12-22 18:53:42,3,/home/kkarthikeyan/deep-learning/DeepLearningProject/Synthetic-Data/vlm_levels/level_3/images/00006_b.png,ADVANCED,touching,Is the red square touching the orange circle?,no,yes,INCORRECT
2025-12-22 18:53:42,3,/home/kkarthikeyan/deep-learning/DeepLearningProject/Synthetic-Data/vlm_levels/level_3/images/00006_b.png,PRIMARY,below,Is the yellow circle below the orange circle?,no,yes,INCORRECT
2025-12-22 18:53:42,3,/home/kkarthikeyan/deep-learning/DeepLearningProject/Synthetic-Data/vlm_levels/level_3/images/00005_b.png,PRIMARY,below,Is the pink triangle below the green circle?,yes,yes,CORRECT
2025-12-22 18:53:42,3,/home/kkarthikeyan/deep-learning/DeepLearningProject/Synthetic-Data/vlm_levels/level_3/images/00005_b.png,PRIMARY,above,Is the green circle above the pink triangle?,yes,yes,CORRECT
2025-12-22 18:53:43,3,/home/kkarthikeyan/deep-learning/DeepLearningProject/Synthetic-Data/vlm_levels/level_3/images/00005_b.png,PRIMARY,right_of,Is the green circle to the right of the red star?,yes,yes,CORRECT
2025-12-22 18:53:43,3,/home/kkarthikeyan/deep-learning/DeepLearningProject/Synthetic-Data/vlm_levels/level_3/images/00005_b.png,PRIMARY,left_of,Is the red star to the left of the green circle?,yes,yes,CORRECT
2025-12-22 18:53:43,3,/home/kkarthikeyan/deep-learning/DeepLearningProject/Synthetic-Data/vlm_levels/level_3/images/00005_b.png,PRIMARY,left_of,Is the pink triangle to the left of the red star?,yes,yes,CORRECT
2025-12-22 18:53:43,3,/home/kkarthikeyan/deep-learning/DeepLearningProject/Synthetic-Data/vlm_levels/level_3/images/00005_b.png,ADVANCED,overlapping,Is the green circle partially covering the pink triangle?,no,yes,INCORRECT
2025-12-22 18:53:44,3,/home/kkarthikeyan/deep-learning/DeepLearningProject/Synthetic-Data/vlm_levels/level_3/images/00005_b.png,ADVANCED,overlapping,Is the green circle overlapping with the red star?,no,yes,INCORRECT
2025-12-22 18:53:44,3,/home/kkarthikeyan/deep-learning/DeepLearningProject/Synthetic-Data/vlm_levels/level_3/images/00005_b.png,PRIMARY,above,Is the red star above the green circle?,no,yes,INCORRECT
2025-12-22 18:53:44,3,/home/kkarthikeyan/deep-learning/DeepLearningProject/Synthetic-Data/vlm_levels/level_3/images/00005_b.png,ADVANCED,overlapping,Is the red star partially covering the green circle?,no,yes,INCORRECT
2025-12-22 18:53:44,3,/home/kkarthikeyan/deep-learning/DeepLearningProject/Synthetic-Data/vlm_levels/level_3/images/00005_b.png,ADVANCED,inside,Is the green circle contained within the pink triangle?,no,yes,INCORRECT
2025-12-22 18:53:45,3,/home/kkarthikeyan/deep-learning/DeepLearningProject/Synthetic-Data/vlm_levels/level_3/images/00002_b.png,PRIMARY,above,Is the lime star above the pink star?,yes,yes,CORRECT
2025-12-22 18:53:45,3,/home/kkarthikeyan/deep-learning/DeepLearningProject/Synthetic-Data/vlm_levels/level_3/images/00002_b.png,PRIMARY,below,Is the pink star below the lime star?,yes,yes,CORRECT
2025-12-22 18:53:45,3,/home/kkarthikeyan/deep-learning/DeepLearningProject/Synthetic-Data/vlm_levels/level_3/images/00002_b.png,PRIMARY,below,Is the lime star below the blue star?,yes,yes,CORRECT
2025-12-22 18:53:45,3,/home/kkarthikeyan/deep-learning/DeepLearningProject/Synthetic-Data/vlm_levels/level_3/images/00002_b.png,PRIMARY,above,Is the blue star above the lime star?,yes,yes,CORRECT
2025-12-22 18:53:46,3,/home/kkarthikeyan/deep-learning/DeepLearningProject/Synthetic-Data/vlm_levels/level_3/images/00002_b.png,PRIMARY,above,Is the blue star above the pink star?,yes,yes,CORRECT
2025-12-22 18:53:46,3,/home/kkarthikeyan/deep-learning/DeepLearningProject/Synthetic-Data/vlm_levels/level_3/images/00002_b.png,PRIMARY,left_of,Is the lime star left of the blue star?,no,yes,INCORRECT
2025-12-22 18:53:46,3,/home/kkarthikeyan/deep-learning/DeepLearningProject/Synthetic-Data/vlm_levels/level_3/images/00002_b.png,ADVANCED,inside,Is the lime star contained within the pink star?,no,yes,INCORRECT
2025-12-22 18:53:46,3,/home/kkarthikeyan/deep-learning/DeepLearningProject/Synthetic-Data/vlm_levels/level_3/images/00002_b.png,PRIMARY,below,Is the blue star below the pink star?,no,yes,INCORRECT
2025-12-22 18:53:47,3,/home/kkarthikeyan/deep-learning/DeepLearningProject/Synthetic-Data/vlm_levels/level_3/images/00002_b.png,ADVANCED,touching,Is the blue star touching the pink star?,no,yes,INCORRECT
2025-12-22 18:53:47,3,/home/kkarthikeyan/deep-learning/DeepLearningProject/Synthetic-Data/vlm_levels/level_3/images/00002_b.png,PRIMARY,right_of,Is the pink star right of the lime star?,no,yes,INCORRECT
2025-12-22 18:53:47,3,/home/kkarthikeyan/deep-learning/DeepLearningProject/Synthetic-Data/vlm_levels/level_3/images/00018_w.png,PRIMARY,above,Is the pink circle above the cyan square?,yes,yes,CORRECT
2025-12-22 18:53:47,3,/home/kkarthikeyan/deep-learning/DeepLearningProject/Synthetic-Data/vlm_levels/level_3/images/00018_w.png,PRIMARY,below,Is the cyan square below the pink circle?,yes,yes,CORRECT
2025-12-22 18:53:48,3,/home/kkarthikeyan/deep-learning/DeepLearningProject/Synthetic-Data/vlm_levels/level_3/images/00018_w.png,PRIMARY,above,Is the cyan square above the orange square?,yes,yes,CORRECT
2025-12-22 18:53:48,3,/home/kkarthikeyan/deep-learning/DeepLearningProject/Synthetic-Data/vlm_levels/level_3/images/00018_w.png,PRIMARY,below,Is the orange square below the cyan square?,yes,yes,CORRECT
2025-12-22 18:53:48,3,/home/kkarthikeyan/deep-learning/DeepLearningProject/Synthetic-Data/vlm_levels/level_3/images/00018_w.png,PRIMARY,right_of,Is the pink circle to the right of the orange square?,yes,yes,CORRECT
2025-12-22 18:53:48,3,/home/kkarthikeyan/deep-learning/DeepLearningProject/Synthetic-Data/vlm_levels/level_3/images/00018_w.png,ADVANCED,inside,Is the cyan square contained within the orange square?,no,yes,INCORRECT
2025-12-22 18:53:49,3,/home/kkarthikeyan/deep-learning/DeepLearningProject/Synthetic-Data/vlm_levels/level_3/images/00018_w.png,ADVANCED,touching,Is the pink circle touching the cyan square?,no,yes,INCORRECT
2025-12-22 18:53:49,3,/home/kkarthikeyan/deep-learning/DeepLearningProject/Synthetic-Data/vlm_levels/level_3/images/00018_w.png,ADVANCED,overlapping,Is the orange square partially covering the pink circle?,no,yes,INCORRECT
2025-12-22 18:53:49,3,/home/kkarthikeyan/deep-learning/DeepLearningProject/Synthetic-Data/vlm_levels/level_3/images/00018_w.png,PRIMARY,right_of,Is the cyan square to the right of the pink circle?,no,yes,INCORRECT
2025-12-22 18:53:49,3,/home/kkarthikeyan/deep-learning/DeepLearningProject/Synthetic-Data/vlm_levels/level_3/images/00018_w.png,ADVANCED,overlapping,Is the cyan square partially covering the pink circle?,no,yes,INCORRECT
2025-12-22 18:53:50,3,/home/kkarthikeyan/deep-learning/DeepLearningProject/Synthetic-Data/vlm_levels/level_3/images/00017_w.png,PRIMARY,below,Is the yellow triangle below the red square?,yes,yes,CORRECT
2025-12-22 18:53:50,3,/home/kkarthikeyan/deep-learning/DeepLearningProject/Synthetic-Data/vlm_levels/level_3/images/00017_w.png,PRIMARY,above,Is the red square above the yellow triangle?,yes,yes,CORRECT
2025-12-22 18:53:50,3,/home/kkarthikeyan/deep-learning/DeepLearningProject/Synthetic-Data/vlm_levels/level_3/images/00017_w.png,PRIMARY,below,Is the yellow triangle below the cyan star?,yes,yes,CORRECT
2025-12-22 18:53:50,3,/home/kkarthikeyan/deep-learning/DeepLearningProject/Synthetic-Data/vlm_levels/level_3/images/00017_w.png,PRIMARY,above,Is the cyan star above the yellow triangle?,yes,yes,CORRECT
2025-12-22 18:53:51,3,/home/kkarthikeyan/deep-learning/DeepLearningProject/Synthetic-Data/vlm_levels/level_3/images/00017_w.png,PRIMARY,left_of,Is the yellow triangle to the left of the red square?,yes,yes,CORRECT
2025-12-22 18:53:51,3,/home/kkarthikeyan/deep-learning/DeepLearningProject/Synthetic-Data/vlm_levels/level_3/images/00017_w.png,PRIMARY,right_of,Is the yellow triangle right of the cyan star?,no,yes,INCORRECT
2025-12-22 18:53:51,3,/home/kkarthikeyan/deep-learning/DeepLearningProject/Synthetic-Data/vlm_levels/level_3/images/00017_w.png,ADVANCED,touching,Is the cyan star touching the red square?,no,yes,INCORRECT
2025-12-22 18:53:51,3,/home/kkarthikeyan/deep-learning/DeepLearningProject/Synthetic-Data/vlm_levels/level_3/images/00017_w.png,ADVANCED,touching,Is the red square touching the yellow triangle?,no,no,CORRECT
2025-12-22 18:53:52,3,/home/kkarthikeyan/deep-learning/DeepLearningProject/Synthetic-Data/vlm_levels/level_3/images/00017_w.png,ADVANCED,inside,Is the cyan star fully inside the yellow triangle?,no,no,CORRECT
2025-12-22 18:53:52,3,/home/kkarthikeyan/deep-learning/DeepLearningProject/Synthetic-Data/vlm_levels/level_3/images/00017_w.png,PRIMARY,left_of,Is the red square to the left of the yellow triangle?,no,no,CORRECT
2025-12-22 18:53:52,3,/home/kkarthikeyan/deep-learning/DeepLearningProject/Synthetic-Data/vlm_levels/level_3/images/00017_b.png,PRIMARY,left_of,Is the cyan star to the left of the red square?,yes,yes,CORRECT
2025-12-22 18:53:53,3,/home/kkarthikeyan/deep-learning/DeepLearningProject/Synthetic-Data/vlm_levels/level_3/images/00017_b.png,PRIMARY,right_of,Is the red square right of the cyan star?,yes,yes,CORRECT
2025-12-22 18:53:53,3,/home/kkarthikeyan/deep-learning/DeepLearningProject/Synthetic-Data/vlm_levels/level_3/images/00017_b.png,PRIMARY,right_of,Is the red square to the right of the cyan star?,yes,yes,CORRECT
2025-12-22 18:53:53,3,/home/kkarthikeyan/deep-learning/DeepLearningProject/Synthetic-Data/vlm_levels/level_3/images/00017_b.png,PRIMARY,below,Is the red square below the cyan star?,yes,yes,CORRECT
2025-12-22 18:53:53,3,/home/kkarthikeyan/deep-learning/DeepLearningProject/Synthetic-Data/vlm_levels/level_3/images/00017_b.png,PRIMARY,above,Is the red square above the cyan star?,no,yes,INCORRECT
2025-12-22 18:53:54,3,/home/kkarthikeyan/deep-learning/DeepLearningProject/Synthetic-Data/vlm_levels/level_3/images/00017_b.png,ADVANCED,overlapping,Is the cyan star overlapping with the red square?,no,yes,INCORRECT
2025-12-22 18:53:54,3,/home/kkarthikeyan/deep-learning/DeepLearningProject/Synthetic-Data/vlm_levels/level_3/images/00017_b.png,ADVANCED,touching,Is the red square touching the cyan star?,no,yes,INCORRECT
2025-12-22 18:53:54,3,/home/kkarthikeyan/deep-learning/DeepLearningProject/Synthetic-Data/vlm_levels/level_3/images/00017_b.png,ADVANCED,touching,Is the red square touching the yellow triangle?,no,no,CORRECT
2025-12-22 18:53:54,3,/home/kkarthikeyan/deep-learning/DeepLearningProject/Synthetic-Data/vlm_levels/level_3/images/00017_b.png,ADVANCED,overlapping,Is the cyan star overlapping with the yellow triangle?,no,yes,INCORRECT
2025-12-22 18:53:55,3,/home/kkarthikeyan/deep-learning/DeepLearningProject/Synthetic-Data/vlm_levels/level_3/images/00003_w.png,PRIMARY,left_of,Is the purple star to the left of the blue star?,yes,yes,CORRECT
2025-12-22 18:53:55,3,/home/kkarthikeyan/deep-learning/DeepLearningProject/Synthetic-Data/vlm_levels/level_3/images/00003_w.png,PRIMARY,right_of,Is the blue star to the right of the purple star?,yes,yes,CORRECT
2025-12-22 18:53:55,3,/home/kkarthikeyan/deep-learning/DeepLearningProject/Synthetic-Data/vlm_levels/level_3/images/00003_w.png,PRIMARY,left_of,Is the green circle left of the purple star?,yes,yes,CORRECT
2025-12-22 18:53:55,3,/home/kkarthikeyan/deep-learning/DeepLearningProject/Synthetic-Data/vlm_levels/level_3/images/00003_w.png,PRIMARY,right_of,Is the purple star right of the green circle?,yes,yes,CORRECT
2025-12-22 18:53:56,3,/home/kkarthikeyan/deep-learning/DeepLearningProject/Synthetic-Data/vlm_levels/level_3/images/00003_w.png,PRIMARY,below,Is the purple star below the blue star?,yes,yes,CORRECT
2025-12-22 18:53:56,3,/home/kkarthikeyan/deep-learning/DeepLearningProject/Synthetic-Data/vlm_levels/level_3/images/00003_w.png,ADVANCED,touching,Is the blue star touching the green circle?,no,yes,INCORRECT
2025-12-22 18:53:56,3,/home/kkarthikeyan/deep-learning/DeepLearningProject/Synthetic-Data/vlm_levels/level_3/images/00003_w.png,ADVANCED,inside,Is the green circle contained within the purple star?,no,yes,INCORRECT
2025-12-22 18:53:56,3,/home/kkarthikeyan/deep-learning/DeepLearningProject/Synthetic-Data/vlm_levels/level_3/images/00003_w.png,PRIMARY,left_of,Is the blue star left of the purple star?,no,yes,INCORRECT
2025-12-22 18:53:57,3,/home/kkarthikeyan/deep-learning/DeepLearningProject/Synthetic-Data/vlm_levels/level_3/images/00003_w.png,ADVANCED,overlapping,Is the green circle overlapping with the purple star?,no,yes,INCORRECT
2025-12-22 18:53:57,3,/home/kkarthikeyan/deep-learning/DeepLearningProject/Synthetic-Data/vlm_levels/level_3/images/00003_w.png,PRIMARY,below,Is the blue star below the purple star?,no,yes,INCORRECT
2025-12-22 18:53:57,3,/home/kkarthikeyan/deep-learning/DeepLearningProject/Synthetic-Data/vlm_levels/level_3/images/00012_w.png,PRIMARY,left_of,Is the pink circle to the left of the cyan circle?,yes,yes,CORRECT
2025-12-22 18:53:57,3,/home/kkarthikeyan/deep-learning/DeepLearningProject/Synthetic-Data/vlm_levels/level_3/images/00012_w.png,PRIMARY,right_of,Is the cyan circle right of the pink circle?,yes,yes,CORRECT
2025-12-22 18:53:58,3,/home/kkarthikeyan/deep-learning/DeepLearningProject/Synthetic-Data/vlm_levels/level_3/images/00012_w.png,PRIMARY,below,Is the purple square below the pink circle?,yes,yes,CORRECT
2025-12-22 18:53:58,3,/home/kkarthikeyan/deep-learning/DeepLearningProject/Synthetic-Data/vlm_levels/level_3/images/00012_w.png,PRIMARY,above,Is the pink circle above the purple square?,yes,yes,CORRECT
2025-12-22 18:53:58,3,/home/kkarthikeyan/deep-learning/DeepLearningProject/Synthetic-Data/vlm_levels/level_3/images/00012_w.png,PRIMARY,right_of,Is the purple square right of the pink circle?,yes,yes,CORRECT
2025-12-22 18:53:58,3,/home/kkarthikeyan/deep-learning/DeepLearningProject/Synthetic-Data/vlm_levels/level_3/images/00012_w.png,ADVANCED,touching,Is the cyan circle touching the pink circle?,no,no,CORRECT
2025-12-22 18:53:59,3,/home/kkarthikeyan/deep-learning/DeepLearningProject/Synthetic-Data/vlm_levels/level_3/images/00012_w.png,ADVANCED,touching,Is the pink circle touching the cyan circle?,no,no,CORRECT
2025-12-22 18:53:59,3,/home/kkarthikeyan/deep-learning/DeepLearningProject/Synthetic-Data/vlm_levels/level_3/images/00012_w.png,ADVANCED,inside,Is the cyan circle enclosed by the pink circle?,no,yes,INCORRECT
2025-12-22 18:53:59,3,/home/kkarthikeyan/deep-learning/DeepLearningProject/Synthetic-Data/vlm_levels/level_3/images/00012_w.png,PRIMARY,above,Is the purple square above the pink circle?,no,yes,INCORRECT
2025-12-22 18:53:59,3,/home/kkarthikeyan/deep-learning/DeepLearningProject/Synthetic-Data/vlm_levels/level_3/images/00012_w.png,ADVANCED,inside,Is the pink circle contained within the purple square?,no,yes,INCORRECT
2025-12-22 18:54:00,4,/home/kkarthikeyan/deep-learning/DeepLearningProject/Synthetic-Data/vlm_levels/level_4/images/00007_w.png,PRIMARY,right_of,Is the green triangle right of the lime triangle?,yes,yes,CORRECT
2025-12-22 18:54:00,4,/home/kkarthikeyan/deep-learning/DeepLearningProject/Synthetic-Data/vlm_levels/level_4/images/00007_w.png,PRIMARY,left_of,Is the lime triangle to the left of the green triangle?,yes,yes,CORRECT
2025-12-22 18:54:00,4,/home/kkarthikeyan/deep-learning/DeepLearningProject/Synthetic-Data/vlm_levels/level_4/images/00007_w.png,PRIMARY,right_of,Is the yellow triangle to the right of the orange triangle?,yes,yes,CORRECT
2025-12-22 18:54:00,4,/home/kkarthikeyan/deep-learning/DeepLearningProject/Synthetic-Data/vlm_levels/level_4/images/00007_w.png,PRIMARY,left_of,Is the orange triangle to the left of the yellow triangle?,yes,yes,CORRECT
2025-12-22 18:54:01,4,/home/kkarthikeyan/deep-learning/DeepLearningProject/Synthetic-Data/vlm_levels/level_4/images/00007_w.png,PRIMARY,above,Is the yellow triangle above the orange triangle?,yes,yes,CORRECT
2025-12-22 18:54:01,4,/home/kkarthikeyan/deep-learning/DeepLearningProject/Synthetic-Data/vlm_levels/level_4/images/00007_w.png,ADVANCED,inside,Is the yellow triangle fully inside the lime triangle?,no,no,CORRECT
2025-12-22 18:54:01,4,/home/kkarthikeyan/deep-learning/DeepLearningProject/Synthetic-Data/vlm_levels/level_4/images/00007_w.png,ADVANCED,inside,Is the orange triangle enclosed by the yellow triangle?,no,yes,INCORRECT
2025-12-22 18:54:01,4,/home/kkarthikeyan/deep-learning/DeepLearningProject/Synthetic-Data/vlm_levels/level_4/images/00007_w.png,ADVANCED,touching,Is the lime triangle touching the orange triangle?,no,yes,INCORRECT
2025-12-22 18:54:02,4,/home/kkarthikeyan/deep-learning/DeepLearningProject/Synthetic-Data/vlm_levels/level_4/images/00007_w.png,ADVANCED,inside,Is the orange triangle fully inside the lime triangle?,no,no,CORRECT
2025-12-22 18:54:02,4,/home/kkarthikeyan/deep-learning/DeepLearningProject/Synthetic-Data/vlm_levels/level_4/images/00007_w.png,PRIMARY,right_of,Is the yellow triangle right of the lime triangle?,no,yes,INCORRECT
2025-12-22 18:54:02,4,/home/kkarthikeyan/deep-learning/DeepLearningProject/Synthetic-Data/vlm_levels/level_4/images/00016_w.png,PRIMARY,right_of,Is the orange star to the right of the pink circle?,yes,yes,CORRECT
2025-12-22 18:54:02,4,/home/kkarthikeyan/deep-learning/DeepLearningProject/Synthetic-Data/vlm_levels/level_4/images/00016_w.png,PRIMARY,left_of,Is the pink circle to the left of the orange star?,yes,yes,CORRECT
2025-12-22 18:54:03,4,/home/kkarthikeyan/deep-learning/DeepLearningProject/Synthetic-Data/vlm_levels/level_4/images/00016_w.png,PRIMARY,below,Is the purple triangle below the orange star?,yes,yes,CORRECT
2025-12-22 18:54:03,4,/home/kkarthikeyan/deep-learning/DeepLearningProject/Synthetic-Data/vlm_levels/level_4/images/00016_w.png,PRIMARY,above,Is the orange star above the purple triangle?,yes,yes,CORRECT
2025-12-22 18:54:03,4,/home/kkarthikeyan/deep-learning/DeepLearningProject/Synthetic-Data/vlm_levels/level_4/images/00016_w.png,PRIMARY,below,Is the pink circle below the yellow circle?,yes,yes,CORRECT
2025-12-22 18:54:03,4,/home/kkarthikeyan/deep-learning/DeepLearningProject/Synthetic-Data/vlm_levels/level_4/images/00016_w.png,ADVANCED,touching,Is the pink circle touching the yellow circle?,no,yes,INCORRECT
2025-12-22 18:54:04,4,/home/kkarthikeyan/deep-learning/DeepLearningProject/Synthetic-Data/vlm_levels/level_4/images/00016_w.png,PRIMARY,right_of,Is the yellow circle right of the orange star?,no,yes,INCORRECT
2025-12-22 18:54:04,4,/home/kkarthikeyan/deep-learning/DeepLearningProject/Synthetic-Data/vlm_levels/level_4/images/00016_w.png,ADVANCED,inside,Is the purple triangle enclosed by the orange star?,no,yes,INCORRECT
2025-12-22 18:54:04,4,/home/kkarthikeyan/deep-learning/DeepLearningProject/Synthetic-Data/vlm_levels/level_4/images/00016_w.png,PRIMARY,left_of,Is the orange star to the left of the yellow circle?,no,yes,INCORRECT
2025-12-22 18:54:05,4,/home/kkarthikeyan/deep-learning/DeepLearningProject/Synthetic-Data/vlm_levels/level_4/images/00010_b.png,ADVANCED,touching,Is the yellow star touching the lime star?,yes,yes,CORRECT
2025-12-22 18:54:05,4,/home/kkarthikeyan/deep-learning/DeepLearningProject/Synthetic-Data/vlm_levels/level_4/images/00010_b.png,ADVANCED,touching,Is the lime star touching the yellow star?,yes,yes,CORRECT
2025-12-22 18:54:05,4,/home/kkarthikeyan/deep-learning/DeepLearningProject/Synthetic-Data/vlm_levels/level_4/images/00010_b.png,PRIMARY,below,Is the orange circle below the yellow star?,yes,yes,CORRECT
2025-12-22 18:54:05,4,/home/kkarthikeyan/deep-learning/DeepLearningProject/Synthetic-Data/vlm_levels/level_4/images/00010_b.png,PRIMARY,above,Is the yellow star above the orange circle?,yes,yes,CORRECT
2025-12-22 18:54:06,4,/home/kkarthikeyan/deep-learning/DeepLearningProject/Synthetic-Data/vlm_levels/level_4/images/00010_b.png,PRIMARY,below,Is the purple triangle below the yellow star?,yes,yes,CORRECT
2025-12-22 18:54:06,4,/home/kkarthikeyan/deep-learning/DeepLearningProject/Synthetic-Data/vlm_levels/level_4/images/00010_b.png,PRIMARY,right_of,Is the yellow star right of the orange circle?,no,yes,INCORRECT
2025-12-22 18:54:06,4,/home/kkarthikeyan/deep-learning/DeepLearningProject/Synthetic-Data/vlm_levels/level_4/images/00010_b.png,PRIMARY,left_of,Is the lime star left of the purple triangle?,no,yes,INCORRECT
2025-12-22 18:54:06,4,/home/kkarthikeyan/deep-learning/DeepLearningProject/Synthetic-Data/vlm_levels/level_4/images/00010_b.png,ADVANCED,inside,Is the yellow star enclosed by the lime star?,no,yes,INCORRECT
2025-12-22 18:54:07,4,/home/kkarthikeyan/deep-learning/DeepLearningProject/Synthetic-Data/vlm_levels/level_4/images/00010_b.png,PRIMARY,above,Is the orange circle above the purple triangle?,no,yes,INCORRECT
2025-12-22 18:54:07,4,/home/kkarthikeyan/deep-learning/DeepLearningProject/Synthetic-Data/vlm_levels/level_4/images/00010_b.png,ADVANCED,overlapping,Is the orange circle overlapping with the lime star?,no,yes,INCORRECT
2025-12-22 18:54:07,4,/home/kkarthikeyan/deep-learning/DeepLearningProject/Synthetic-Data/vlm_levels/level_4/images/00018_b.png,PRIMARY,above,Is the blue circle above the purple triangle?,yes,yes,CORRECT
2025-12-22 18:54:07,4,/home/kkarthikeyan/deep-learning/DeepLearningProject/Synthetic-Data/vlm_levels/level_4/images/00018_b.png,PRIMARY,below,Is the purple triangle below the blue circle?,yes,yes,CORRECT
2025-12-22 18:54:08,4,/home/kkarthikeyan/deep-learning/DeepLearningProject/Synthetic-Data/vlm_levels/level_4/images/00018_b.png,PRIMARY,below,Is the purple triangle below the orange star?,yes,yes,CORRECT
2025-12-22 18:54:08,4,/home/kkarthikeyan/deep-learning/DeepLearningProject/Synthetic-Data/vlm_levels/level_4/images/00018_b.png,PRIMARY,above,Is the orange star above the purple triangle?,yes,yes,CORRECT
2025-12-22 18:54:08,4,/home/kkarthikeyan/deep-learning/DeepLearningProject/Synthetic-Data/vlm_levels/level_4/images/00018_b.png,ADVANCED,inside,Is the orange star contained within the blue circle?,no,yes,INCORRECT
2025-12-22 18:54:08,4,/home/kkarthikeyan/deep-learning/DeepLearningProject/Synthetic-Data/vlm_levels/level_4/images/00018_b.png,PRIMARY,above,Is the orange star above the blue circle?,no,yes,INCORRECT
2025-12-22 18:54:09,4,/home/kkarthikeyan/deep-learning/DeepLearningProject/Synthetic-Data/vlm_levels/level_4/images/00018_b.png,ADVANCED,overlapping,Is the blue circle partially covering the lime triangle?,no,yes,INCORRECT
2025-12-22 18:54:09,4,/home/kkarthikeyan/deep-learning/DeepLearningProject/Synthetic-Data/vlm_levels/level_4/images/00018_b.png,PRIMARY,above,Is the lime triangle above the blue circle?,no,yes,INCORRECT
2025-12-22 18:54:09,4,/home/kkarthikeyan/deep-learning/DeepLearningProject/Synthetic-Data/vlm_levels/level_4/images/00004_w.png,PRIMARY,left_of,Is the purple triangle left of the yellow star?,yes,yes,CORRECT
2025-12-22 18:54:09,4,/home/kkarthikeyan/deep-learning/DeepLearningProject/Synthetic-Data/vlm_levels/level_4/images/00004_w.png,PRIMARY,right_of,Is the yellow star to the right of the purple triangle?,yes,yes,CORRECT
2025-12-22 18:54:10,4,/home/kkarthikeyan/deep-learning/DeepLearningProject/Synthetic-Data/vlm_levels/level_4/images/00004_w.png,PRIMARY,above,Is the purple triangle above the pink triangle?,yes,yes,CORRECT
2025-12-22 18:54:10,4,/home/kkarthikeyan/deep-learning/DeepLearningProject/Synthetic-Data/vlm_levels/level_4/images/00004_w.png,PRIMARY,below,Is the pink triangle below the purple triangle?,yes,yes,CORRECT
2025-12-22 18:54:10,4,/home/kkarthikeyan/deep-learning/DeepLearningProject/Synthetic-Data/vlm_levels/level_4/images/00004_w.png,PRIMARY,above,Is the purple triangle above the orange triangle?,yes,yes,CORRECT
2025-12-22 18:54:10,4,/home/kkarthikeyan/deep-learning/DeepLearningProject/Synthetic-Data/vlm_levels/level_4/images/00004_w.png,ADVANCED,inside,Is the yellow star contained within the purple triangle?,no,yes,INCORRECT
2025-12-22 18:54:11,4,/home/kkarthikeyan/deep-learning/DeepLearningProject/Synthetic-Data/vlm_levels/level_4/images/00004_w.png,ADVANCED,overlapping,Is the purple triangle partially covering the yellow star?,no,yes,INCORRECT
2025-12-22 18:54:11,4,/home/kkarthikeyan/deep-learning/DeepLearningProject/Synthetic-Data/vlm_levels/level_4/images/00004_w.png,ADVANCED,touching,Is the pink triangle touching the orange triangle?,no,yes,INCORRECT
2025-12-22 18:54:11,4,/home/kkarthikeyan/deep-learning/DeepLearningProject/Synthetic-Data/vlm_levels/level_4/images/00004_w.png,ADVANCED,overlapping,Is the orange triangle partially covering the yellow star?,no,yes,INCORRECT
2025-12-22 18:54:11,4,/home/kkarthikeyan/deep-learning/DeepLearningProject/Synthetic-Data/vlm_levels/level_4/images/00004_w.png,PRIMARY,above,Is the yellow star above the orange triangle?,no,yes,INCORRECT
2025-12-22 18:54:12,4,/home/kkarthikeyan/deep-learning/DeepLearningProject/Synthetic-Data/vlm_levels/level_4/images/00008_w.png,PRIMARY,below,Is the pink square below the blue triangle?,yes,yes,CORRECT
2025-12-22 18:54:12,4,/home/kkarthikeyan/deep-learning/DeepLearningProject/Synthetic-Data/vlm_levels/level_4/images/00008_w.png,PRIMARY,above,Is the blue triangle above the pink square?,yes,yes,CORRECT
2025-12-22 18:54:12,4,/home/kkarthikeyan/deep-learning/DeepLearningProject/Synthetic-Data/vlm_levels/level_4/images/00008_w.png,PRIMARY,below,Is the pink square below the cyan star?,yes,yes,CORRECT
2025-12-22 18:54:12,4,/home/kkarthikeyan/deep-learning/DeepLearningProject/Synthetic-Data/vlm_levels/level_4/images/00008_w.png,PRIMARY,above,Is the cyan star above the pink square?,yes,yes,CORRECT
2025-12-22 18:54:13,4,/home/kkarthikeyan/deep-learning/DeepLearningProject/Synthetic-Data/vlm_levels/level_4/images/00008_w.png,PRIMARY,right_of,Is the pink square right of the purple triangle?,yes,yes,CORRECT
2025-12-22 18:54:13,4,/home/kkarthikeyan/deep-learning/DeepLearningProject/Synthetic-Data/vlm_levels/level_4/images/00008_w.png,PRIMARY,above,Is the pink square above the cyan star?,no,yes,INCORRECT
2025-12-22 18:54:13,4,/home/kkarthikeyan/deep-learning/DeepLearningProject/Synthetic-Data/vlm_levels/level_4/images/00008_w.png,ADVANCED,inside,Is the purple triangle enclosed by the cyan star?,no,yes,INCORRECT
2025-12-22 18:54:13,4,/home/kkarthikeyan/deep-learning/DeepLearningProject/Synthetic-Data/vlm_levels/level_4/images/00008_w.png,ADVANCED,overlapping,Is the pink square partially covering the purple triangle?,no,yes,INCORRECT
2025-12-22 18:54:14,4,/home/kkarthikeyan/deep-learning/DeepLearningProject/Synthetic-Data/vlm_levels/level_4/images/00008_w.png,PRIMARY,above,Is the blue triangle above the cyan star?,no,yes,INCORRECT
2025-12-22 18:54:14,4,/home/kkarthikeyan/deep-learning/DeepLearningProject/Synthetic-Data/vlm_levels/level_4/images/00008_w.png,ADVANCED,overlapping,Is the blue triangle partially covering the pink square?,no,yes,INCORRECT
2025-12-22 18:54:14,4,/home/kkarthikeyan/deep-learning/DeepLearningProject/Synthetic-Data/vlm_levels/level_4/images/00015_w.png,PRIMARY,below,Is the red star below the orange square?,yes,yes,CORRECT
2025-12-22 18:54:14,4,/home/kkarthikeyan/deep-learning/DeepLearningProject/Synthetic-Data/vlm_levels/level_4/images/00015_w.png,PRIMARY,above,Is the orange square above the red star?,yes,yes,CORRECT
2025-12-22 18:54:15,4,/home/kkarthikeyan/deep-learning/DeepLearningProject/Synthetic-Data/vlm_levels/level_4/images/00015_w.png,PRIMARY,below,Is the green triangle below the cyan star?,yes,yes,CORRECT
2025-12-22 18:54:15,4,/home/kkarthikeyan/deep-learning/DeepLearningProject/Synthetic-Data/vlm_levels/level_4/images/00015_w.png,PRIMARY,above,Is the cyan star above the green triangle?,yes,yes,CORRECT
2025-12-22 18:54:15,4,/home/kkarthikeyan/deep-learning/DeepLearningProject/Synthetic-Data/vlm_levels/level_4/images/00015_w.png,PRIMARY,above,Is the orange square above the cyan star?,yes,yes,CORRECT
2025-12-22 18:54:15,4,/home/kkarthikeyan/deep-learning/DeepLearningProject/Synthetic-Data/vlm_levels/level_4/images/00015_w.png,PRIMARY,below,Is the red star below the cyan star?,no,yes,INCORRECT
2025-12-22 18:54:16,4,/home/kkarthikeyan/deep-learning/DeepLearningProject/Synthetic-Data/vlm_levels/level_4/images/00015_w.png,ADVANCED,overlapping,Is the orange square overlapping with the red star?,no,yes,INCORRECT
2025-12-22 18:54:16,4,/home/kkarthikeyan/deep-learning/DeepLearningProject/Synthetic-Data/vlm_levels/level_4/images/00015_w.png,ADVANCED,overlapping,Is the cyan star overlapping with the orange square?,no,yes,INCORRECT
2025-12-22 18:54:16,4,/home/kkarthikeyan/deep-learning/DeepLearningProject/Synthetic-Data/vlm_levels/level_4/images/00015_w.png,ADVANCED,overlapping,Is the red star overlapping with the orange square?,no,yes,INCORRECT
2025-12-22 18:54:17,4,/home/kkarthikeyan/deep-learning/DeepLearningProject/Synthetic-Data/vlm_levels/level_4/images/00015_w.png,ADVANCED,inside,Is the green triangle enclosed by the orange square?,no,yes,INCORRECT
2025-12-22 18:54:17,4,/home/kkarthikeyan/deep-learning/DeepLearningProject/Synthetic-Data/vlm_levels/level_4/images/00013_w.png,PRIMARY,above,Is the red star above the cyan square?,yes,yes,CORRECT
2025-12-22 18:54:17,4,/home/kkarthikeyan/deep-learning/DeepLearningProject/Synthetic-Data/vlm_levels/level_4/images/00013_w.png,PRIMARY,below,Is the cyan square below the red star?,yes,yes,CORRECT
2025-12-22 18:54:17,4,/home/kkarthikeyan/deep-learning/DeepLearningProject/Synthetic-Data/vlm_levels/level_4/images/00013_w.png,PRIMARY,above,Is the green square above the lime star?,yes,yes,CORRECT
2025-12-22 18:54:18,4,/home/kkarthikeyan/deep-learning/DeepLearningProject/Synthetic-Data/vlm_levels/level_4/images/00013_w.png,PRIMARY,below,Is the lime star below the green square?,yes,yes,CORRECT
2025-12-22 18:54:18,4,/home/kkarthikeyan/deep-learning/DeepLearningProject/Synthetic-Data/vlm_levels/level_4/images/00013_w.png,PRIMARY,left_of,Is the red star to the left of the lime star?,yes,yes,CORRECT
2025-12-22 18:54:18,4,/home/kkarthikeyan/deep-learning/DeepLearningProject/Synthetic-Data/vlm_levels/level_4/images/00013_w.png,PRIMARY,right_of,Is the red star right of the green square?,no,yes,INCORRECT
2025-12-22 18:54:18,4,/home/kkarthikeyan/deep-learning/DeepLearningProject/Synthetic-Data/vlm_levels/level_4/images/00013_w.png,ADVANCED,inside,Is the red star fully inside the green square?,no,no,CORRECT
2025-12-22 18:54:19,4,/home/kkarthikeyan/deep-learning/DeepLearningProject/Synthetic-Data/vlm_levels/level_4/images/00013_w.png,ADVANCED,touching,Is the lime star touching the green square?,no,yes,INCORRECT
2025-12-22 18:54:19,4,/home/kkarthikeyan/deep-learning/DeepLearningProject/Synthetic-Data/vlm_levels/level_4/images/00013_w.png,PRIMARY,above,Is the cyan square above the red star?,no,yes,INCORRECT
2025-12-22 18:54:19,4,/home/kkarthikeyan/deep-learning/DeepLearningProject/Synthetic-Data/vlm_levels/level_4/images/00013_w.png,ADVANCED,inside,Is the cyan square enclosed by the lime star?,no,yes,INCORRECT
2025-12-22 18:54:19,4,/home/kkarthikeyan/deep-learning/DeepLearningProject/Synthetic-Data/vlm_levels/level_4/images/00008_b.png,PRIMARY,below,Is the purple triangle below the blue triangle?,yes,yes,CORRECT
2025-12-22 18:54:20,4,/home/kkarthikeyan/deep-learning/DeepLearningProject/Synthetic-Data/vlm_levels/level_4/images/00008_b.png,PRIMARY,above,Is the blue triangle above the purple triangle?,yes,yes,CORRECT
2025-12-22 18:54:20,4,/home/kkarthikeyan/deep-learning/DeepLearningProject/Synthetic-Data/vlm_levels/level_4/images/00008_b.png,PRIMARY,left_of,Is the blue triangle left of the pink square?,yes,yes,CORRECT
2025-12-22 18:54:20,4,/home/kkarthikeyan/deep-learning/DeepLearningProject/Synthetic-Data/vlm_levels/level_4/images/00008_b.png,PRIMARY,right_of,Is the pink square to the right of the blue triangle?,yes,yes,CORRECT
2025-12-22 18:54:20,4,/home/kkarthikeyan/deep-learning/DeepLearningProject/Synthetic-Data/vlm_levels/level_4/images/00008_b.png,PRIMARY,right_of,Is the cyan star to the right of the purple triangle?,yes,yes,CORRECT
2025-12-22 18:54:21,4,/home/kkarthikeyan/deep-learning/DeepLearningProject/Synthetic-Data/vlm_levels/level_4/images/00008_b.png,PRIMARY,left_of,Is the pink square left of the blue triangle?,no,yes,INCORRECT
2025-12-22 18:54:21,4,/home/kkarthikeyan/deep-learning/DeepLearningProject/Synthetic-Data/vlm_levels/level_4/images/00008_b.png,PRIMARY,left_of,Is the pink square left of the purple triangle?,no,yes,INCORRECT
2025-12-22 18:54:21,4,/home/kkarthikeyan/deep-learning/DeepLearningProject/Synthetic-Data/vlm_levels/level_4/images/00008_b.png,ADVANCED,inside,Is the blue triangle contained within the cyan star?,no,yes,INCORRECT
2025-12-22 18:54:21,4,/home/kkarthikeyan/deep-learning/DeepLearningProject/Synthetic-Data/vlm_levels/level_4/images/00008_b.png,PRIMARY,below,Is the cyan star below the pink square?,no,yes,INCORRECT
2025-12-22 18:54:22,4,/home/kkarthikeyan/deep-learning/DeepLearningProject/Synthetic-Data/vlm_levels/level_4/images/00008_b.png,ADVANCED,inside,Is the purple triangle fully inside the blue triangle?,no,no,CORRECT
2025-12-22 18:54:22,4,/home/kkarthikeyan/deep-learning/DeepLearningProject/Synthetic-Data/vlm_levels/level_4/images/00014_w.png,PRIMARY,below,Is the yellow circle below the green circle?,yes,yes,CORRECT
2025-12-22 18:54:22,4,/home/kkarthikeyan/deep-learning/DeepLearningProject/Synthetic-Data/vlm_levels/level_4/images/00014_w.png,PRIMARY,above,Is the green circle above the yellow circle?,yes,yes,CORRECT
2025-12-22 18:54:22,4,/home/kkarthikeyan/deep-learning/DeepLearningProject/Synthetic-Data/vlm_levels/level_4/images/00014_w.png,PRIMARY,above,Is the purple square above the yellow circle?,yes,yes,CORRECT
2025-12-22 18:54:23,4,/home/kkarthikeyan/deep-learning/DeepLearningProject/Synthetic-Data/vlm_levels/level_4/images/00014_w.png,PRIMARY,below,Is the yellow circle below the purple square?,yes,yes,CORRECT
2025-12-22 18:54:23,4,/home/kkarthikeyan/deep-learning/DeepLearningProject/Synthetic-Data/vlm_levels/level_4/images/00014_w.png,PRIMARY,left_of,Is the yellow circle left of the purple square?,yes,yes,CORRECT
2025-12-22 18:54:23,4,/home/kkarthikeyan/deep-learning/DeepLearningProject/Synthetic-Data/vlm_levels/level_4/images/00014_w.png,ADVANCED,touching,Is the yellow circle touching the cyan star?,no,yes,INCORRECT
2025-12-22 18:54:23,4,/home/kkarthikeyan/deep-learning/DeepLearningProject/Synthetic-Data/vlm_levels/level_4/images/00014_w.png,ADVANCED,overlapping,Is the yellow circle overlapping with the cyan star?,no,yes,INCORRECT
2025-12-22 18:54:24,4,/home/kkarthikeyan/deep-learning/DeepLearningProject/Synthetic-Data/vlm_levels/level_4/images/00014_w.png,PRIMARY,left_of,Is the green circle to the left of the yellow circle?,no,yes,INCORRECT
2025-12-22 18:54:24,4,/home/kkarthikeyan/deep-learning/DeepLearningProject/Synthetic-Data/vlm_levels/level_4/images/00014_w.png,PRIMARY,below,Is the yellow circle below the cyan star?,no,yes,INCORRECT
2025-12-22 18:54:24,4,/home/kkarthikeyan/deep-learning/DeepLearningProject/Synthetic-Data/vlm_levels/level_4/images/00014_w.png,PRIMARY,left_of,Is the purple square to the left of the cyan star?,no,yes,INCORRECT
2025-12-22 18:54:24,4,/home/kkarthikeyan/deep-learning/DeepLearningProject/Synthetic-Data/vlm_levels/level_4/images/00006_w.png,PRIMARY,right_of,Is the lime star right of the orange circle?,yes,yes,CORRECT
2025-12-22 18:54:25,4,/home/kkarthikeyan/deep-learning/DeepLearningProject/Synthetic-Data/vlm_levels/level_4/images/00006_w.png,PRIMARY,left_of,Is the orange circle to the left of the lime star?,yes,yes,CORRECT
2025-12-22 18:54:25,4,/home/kkarthikeyan/deep-learning/DeepLearningProject/Synthetic-Data/vlm_levels/level_4/images/00006_w.png,PRIMARY,above,Is the pink square above the orange circle?,yes,yes,CORRECT
2025-12-22 18:54:25,4,/home/kkarthikeyan/deep-learning/DeepLearningProject/Synthetic-Data/vlm_levels/level_4/images/00006_w.png,PRIMARY,below,Is the orange circle below the pink square?,yes,yes,CORRECT
2025-12-22 18:54:25,4,/home/kkarthikeyan/deep-learning/DeepLearningProject/Synthetic-Data/vlm_levels/level_4/images/00006_w.png,PRIMARY,right_of,Is the lime star right of the pink square?,yes,yes,CORRECT
2025-12-22 18:54:26,4,/home/kkarthikeyan/deep-learning/DeepLearningProject/Synthetic-Data/vlm_levels/level_4/images/00006_w.png,PRIMARY,right_of,Is the orange circle to the right of the yellow star?,no,yes,INCORRECT
2025-12-22 18:54:26,4,/home/kkarthikeyan/deep-learning/DeepLearningProject/Synthetic-Data/vlm_levels/level_4/images/00006_w.png,ADVANCED,overlapping,Is the orange circle partially covering the pink square?,no,yes,INCORRECT
2025-12-22 18:54:26,4,/home/kkarthikeyan/deep-learning/DeepLearningProject/Synthetic-Data/vlm_levels/level_4/images/00006_w.png,ADVANCED,inside,Is the lime star fully inside the orange circle?,no,no,CORRECT
2025-12-22 18:54:26,4,/home/kkarthikeyan/deep-learning/DeepLearningProject/Synthetic-Data/vlm_levels/level_4/images/00006_w.png,ADVANCED,touching,Is the pink square touching the lime star?,no,yes,INCORRECT
2025-12-22 18:54:27,4,/home/kkarthikeyan/deep-learning/DeepLearningProject/Synthetic-Data/vlm_levels/level_4/images/00006_w.png,PRIMARY,left_of,Is the yellow star left of the pink square?,no,yes,INCORRECT
2025-12-22 18:54:27,4,/home/kkarthikeyan/deep-learning/DeepLearningProject/Synthetic-Data/vlm_levels/level_4/images/00011_b.png,PRIMARY,right_of,Is the green square right of the orange circle?,yes,yes,CORRECT
2025-12-22 18:54:27,4,/home/kkarthikeyan/deep-learning/DeepLearningProject/Synthetic-Data/vlm_levels/level_4/images/00011_b.png,PRIMARY,left_of,Is the orange circle to the left of the green square?,yes,yes,CORRECT
2025-12-22 18:54:28,4,/home/kkarthikeyan/deep-learning/DeepLearningProject/Synthetic-Data/vlm_levels/level_4/images/00011_b.png,PRIMARY,below,Is the blue star below the orange circle?,yes,yes,CORRECT
2025-12-22 18:54:28,4,/home/kkarthikeyan/deep-learning/DeepLearningProject/Synthetic-Data/vlm_levels/level_4/images/00011_b.png,PRIMARY,above,Is the orange circle above the blue star?,yes,yes,CORRECT
2025-12-22 18:54:28,4,/home/kkarthikeyan/deep-learning/DeepLearningProject/Synthetic-Data/vlm_levels/level_4/images/00011_b.png,PRIMARY,right_of,Is the blue star right of the red square?,yes,yes,CORRECT
2025-12-22 18:54:28,4,/home/kkarthikeyan/deep-learning/DeepLearningProject/Synthetic-Data/vlm_levels/level_4/images/00011_b.png,PRIMARY,below,Is the red square below the green square?,no,yes,INCORRECT
2025-12-22 18:54:29,4,/home/kkarthikeyan/deep-learning/DeepLearningProject/Synthetic-Data/vlm_levels/level_4/images/00011_b.png,ADVANCED,touching,Is the red square touching the orange circle?,no,yes,INCORRECT
2025-12-22 18:54:29,4,/home/kkarthikeyan/deep-learning/DeepLearningProject/Synthetic-Data/vlm_levels/level_4/images/00011_b.png,PRIMARY,right_of,Is the red square right of the green square?,no,yes,INCORRECT
2025-12-22 18:54:29,4,/home/kkarthikeyan/deep-learning/DeepLearningProject/Synthetic-Data/vlm_levels/level_4/images/00011_b.png,PRIMARY,right_of,Is the orange circle right of the green square?,no,yes,INCORRECT
2025-12-22 18:54:29,4,/home/kkarthikeyan/deep-learning/DeepLearningProject/Synthetic-Data/vlm_levels/level_4/images/00011_b.png,ADVANCED,touching,Is the orange circle touching the blue star?,no,no,CORRECT
2025-12-22 18:54:30,4,/home/kkarthikeyan/deep-learning/DeepLearningProject/Synthetic-Data/vlm_levels/level_4/images/00003_b.png,PRIMARY,above,Is the blue star above the orange square?,yes,yes,CORRECT
2025-12-22 18:54:30,4,/home/kkarthikeyan/deep-learning/DeepLearningProject/Synthetic-Data/vlm_levels/level_4/images/00003_b.png,PRIMARY,below,Is the orange square below the blue star?,yes,yes,CORRECT
2025-12-22 18:54:30,4,/home/kkarthikeyan/deep-learning/DeepLearningProject/Synthetic-Data/vlm_levels/level_4/images/00003_b.png,PRIMARY,left_of,Is the purple star left of the blue star?,yes,yes,CORRECT
2025-12-22 18:54:30,4,/home/kkarthikeyan/deep-learning/DeepLearningProject/Synthetic-Data/vlm_levels/level_4/images/00003_b.png,PRIMARY,right_of,Is the blue star right of the purple star?,yes,yes,CORRECT
2025-12-22 18:54:31,4,/home/kkarthikeyan/deep-learning/DeepLearningProject/Synthetic-Data/vlm_levels/level_4/images/00003_b.png,PRIMARY,above,Is the blue star above the purple star?,yes,yes,CORRECT
2025-12-22 18:54:31,4,/home/kkarthikeyan/deep-learning/DeepLearningProject/Synthetic-Data/vlm_levels/level_4/images/00003_b.png,ADVANCED,touching,Is the purple star touching the yellow triangle?,no,yes,INCORRECT
2025-12-22 18:54:31,4,/home/kkarthikeyan/deep-learning/DeepLearningProject/Synthetic-Data/vlm_levels/level_4/images/00003_b.png,ADVANCED,inside,Is the yellow triangle enclosed by the blue star?,no,yes,INCORRECT
2025-12-22 18:54:31,4,/home/kkarthikeyan/deep-learning/DeepLearningProject/Synthetic-Data/vlm_levels/level_4/images/00003_b.png,ADVANCED,overlapping,Is the yellow triangle partially covering the blue star?,no,yes,INCORRECT
2025-12-22 18:54:32,4,/home/kkarthikeyan/deep-learning/DeepLearningProject/Synthetic-Data/vlm_levels/level_4/images/00003_b.png,ADVANCED,touching,Is the purple star touching the blue star?,no,yes,INCORRECT
2025-12-22 18:54:32,4,/home/kkarthikeyan/deep-learning/DeepLearningProject/Synthetic-Data/vlm_levels/level_4/images/00003_b.png,ADVANCED,inside,Is the yellow triangle contained within the purple star?,no,yes,INCORRECT
2025-12-22 18:54:32,4,/home/kkarthikeyan/deep-learning/DeepLearningProject/Synthetic-Data/vlm_levels/level_4/images/00014_b.png,PRIMARY,above,Is the green circle above the cyan star?,yes,yes,CORRECT
2025-12-22 18:54:32,4,/home/kkarthikeyan/deep-learning/DeepLearningProject/Synthetic-Data/vlm_levels/level_4/images/00014_b.png,PRIMARY,below,Is the cyan star below the green circle?,yes,yes,CORRECT
2025-12-22 18:54:33,4,/home/kkarthikeyan/deep-learning/DeepLearningProject/Synthetic-Data/vlm_levels/level_4/images/00014_b.png,PRIMARY,below,Is the yellow circle below the purple square?,yes,yes,CORRECT
2025-12-22 18:54:33,4,/home/kkarthikeyan/deep-learning/DeepLearningProject/Synthetic-Data/vlm_levels/level_4/images/00014_b.png,PRIMARY,above,Is the purple square above the yellow circle?,yes,yes,CORRECT
2025-12-22 18:54:33,4,/home/kkarthikeyan/deep-learning/DeepLearningProject/Synthetic-Data/vlm_levels/level_4/images/00014_b.png,PRIMARY,right_of,Is the cyan star to the right of the green circle?,yes,yes,CORRECT
2025-12-22 18:54:33,4,/home/kkarthikeyan/deep-learning/DeepLearningProject/Synthetic-Data/vlm_levels/level_4/images/00014_b.png,ADVANCED,inside,Is the green circle fully inside the cyan star?,no,yes,INCORRECT
2025-12-22 18:54:34,4,/home/kkarthikeyan/deep-learning/DeepLearningProject/Synthetic-Data/vlm_levels/level_4/images/00014_b.png,PRIMARY,left_of,Is the purple square left of the cyan star?,no,yes,INCORRECT
2025-12-22 18:54:34,4,/home/kkarthikeyan/deep-learning/DeepLearningProject/Synthetic-Data/vlm_levels/level_4/images/00014_b.png,ADVANCED,inside,Is the purple square enclosed by the yellow circle?,no,yes,INCORRECT
2025-12-22 18:54:34,4,/home/kkarthikeyan/deep-learning/DeepLearningProject/Synthetic-Data/vlm_levels/level_4/images/00014_b.png,ADVANCED,inside,Is the yellow circle contained within the cyan star?,no,yes,INCORRECT
2025-12-22 18:54:34,4,/home/kkarthikeyan/deep-learning/DeepLearningProject/Synthetic-Data/vlm_levels/level_4/images/00014_b.png,PRIMARY,right_of,Is the yellow circle to the right of the green circle?,no,yes,INCORRECT
2025-12-22 18:54:35,4,/home/kkarthikeyan/deep-learning/DeepLearningProject/Synthetic-Data/vlm_levels/level_4/images/00019_w.png,PRIMARY,below,Is the blue star below the yellow circle?,yes,yes,CORRECT
2025-12-22 18:54:35,4,/home/kkarthikeyan/deep-learning/DeepLearningProject/Synthetic-Data/vlm_levels/level_4/images/00019_w.png,PRIMARY,above,Is the yellow circle above the blue star?,yes,yes,CORRECT
2025-12-22 18:54:35,4,/home/kkarthikeyan/deep-learning/DeepLearningProject/Synthetic-Data/vlm_levels/level_4/images/00019_w.png,PRIMARY,right_of,Is the purple square right of the yellow circle?,yes,yes,CORRECT
2025-12-22 18:54:35,4,/home/kkarthikeyan/deep-learning/DeepLearningProject/Synthetic-Data/vlm_levels/level_4/images/00019_w.png,PRIMARY,left_of,Is the yellow circle to the left of the purple square?,yes,yes,CORRECT
2025-12-22 18:54:36,4,/home/kkarthikeyan/deep-learning/DeepLearningProject/Synthetic-Data/vlm_levels/level_4/images/00019_w.png,PRIMARY,right_of,Is the purple square to the right of the orange square?,yes,yes,CORRECT
2025-12-22 18:54:36,4,/home/kkarthikeyan/deep-learning/DeepLearningProject/Synthetic-Data/vlm_levels/level_4/images/00019_w.png,ADVANCED,overlapping,Is the blue star overlapping with the yellow circle?,no,yes,INCORRECT
2025-12-22 18:54:36,4,/home/kkarthikeyan/deep-learning/DeepLearningProject/Synthetic-Data/vlm_levels/level_4/images/00019_w.png,PRIMARY,above,Is the orange square above the yellow circle?,no,yes,INCORRECT
2025-12-22 18:54:36,4,/home/kkarthikeyan/deep-learning/DeepLearningProject/Synthetic-Data/vlm_levels/level_4/images/00019_w.png,PRIMARY,above,Is the blue star above the purple square?,no,yes,INCORRECT
2025-12-22 18:54:37,4,/home/kkarthikeyan/deep-learning/DeepLearningProject/Synthetic-Data/vlm_levels/level_4/images/00019_w.png,PRIMARY,below,Is the orange square below the purple square?,no,yes,INCORRECT
2025-12-22 18:54:37,4,/home/kkarthikeyan/deep-learning/DeepLearningProject/Synthetic-Data/vlm_levels/level_4/images/00019_w.png,ADVANCED,inside,Is the blue star enclosed by the orange square?,no,yes,INCORRECT
2025-12-22 18:54:37,4,/home/kkarthikeyan/deep-learning/DeepLearningProject/Synthetic-Data/vlm_levels/level_4/images/00001_w.png,PRIMARY,left_of,Is the yellow star to the left of the lime circle?,yes,yes,CORRECT
2025-12-22 18:54:37,4,/home/kkarthikeyan/deep-learning/DeepLearningProject/Synthetic-Data/vlm_levels/level_4/images/00001_w.png,PRIMARY,right_of,Is the lime circle to the right of the yellow star?,yes,yes,CORRECT
2025-12-22 18:54:38,4,/home/kkarthikeyan/deep-learning/DeepLearningProject/Synthetic-Data/vlm_levels/level_4/images/00001_w.png,PRIMARY,above,Is the green triangle above the yellow star?,yes,yes,CORRECT
2025-12-22 18:54:38,4,/home/kkarthikeyan/deep-learning/DeepLearningProject/Synthetic-Data/vlm_levels/level_4/images/00001_w.png,PRIMARY,below,Is the yellow star below the green triangle?,yes,yes,CORRECT
2025-12-22 18:54:38,4,/home/kkarthikeyan/deep-learning/DeepLearningProject/Synthetic-Data/vlm_levels/level_4/images/00001_w.png,PRIMARY,left_of,Is the purple circle to the left of the yellow star?,yes,yes,CORRECT
2025-12-22 18:54:38,4,/home/kkarthikeyan/deep-learning/DeepLearningProject/Synthetic-Data/vlm_levels/level_4/images/00001_w.png,PRIMARY,left_of,Is the lime circle left of the yellow star?,no,yes,INCORRECT
2025-12-22 18:54:39,4,/home/kkarthikeyan/deep-learning/DeepLearningProject/Synthetic-Data/vlm_levels/level_4/images/00001_w.png,ADVANCED,overlapping,Is the yellow star partially covering the purple circle?,no,yes,INCORRECT
2025-12-22 18:54:39,4,/home/kkarthikeyan/deep-learning/DeepLearningProject/Synthetic-Data/vlm_levels/level_4/images/00001_w.png,ADVANCED,touching,Is the purple circle touching the yellow star?,no,yes,INCORRECT
2025-12-22 18:54:39,4,/home/kkarthikeyan/deep-learning/DeepLearningProject/Synthetic-Data/vlm_levels/level_4/images/00001_w.png,ADVANCED,overlapping,Is the yellow star overlapping with the lime circle?,no,yes,INCORRECT
2025-12-22 18:54:40,4,/home/kkarthikeyan/deep-learning/DeepLearningProject/Synthetic-Data/vlm_levels/level_4/images/00001_w.png,PRIMARY,right_of,Is the purple circle to the right of the green triangle?,no,no,CORRECT
2025-12-22 18:54:40,4,/home/kkarthikeyan/deep-learning/DeepLearningProject/Synthetic-Data/vlm_levels/level_4/images/00011_w.png,PRIMARY,left_of,Is the orange circle to the left of the red square?,yes,yes,CORRECT
2025-12-22 18:54:40,4,/home/kkarthikeyan/deep-learning/DeepLearningProject/Synthetic-Data/vlm_levels/level_4/images/00011_w.png,PRIMARY,right_of,Is the red square right of the orange circle?,yes,yes,CORRECT
2025-12-22 18:54:40,4,/home/kkarthikeyan/deep-learning/DeepLearningProject/Synthetic-Data/vlm_levels/level_4/images/00011_w.png,PRIMARY,left_of,Is the orange circle to the left of the blue star?,yes,yes,CORRECT
2025-12-22 18:54:41,4,/home/kkarthikeyan/deep-learning/DeepLearningProject/Synthetic-Data/vlm_levels/level_4/images/00011_w.png,PRIMARY,right_of,Is the blue star right of the orange circle?,yes,yes,CORRECT
2025-12-22 18:54:41,4,/home/kkarthikeyan/deep-learning/DeepLearningProject/Synthetic-Data/vlm_levels/level_4/images/00011_w.png,PRIMARY,below,Is the green square below the red square?,yes,yes,CORRECT
2025-12-22 18:54:41,4,/home/kkarthikeyan/deep-learning/DeepLearningProject/Synthetic-Data/vlm_levels/level_4/images/00011_w.png,ADVANCED,inside,Is the blue star contained within the green square?,no,yes,INCORRECT
2025-12-22 18:54:41,4,/home/kkarthikeyan/deep-learning/DeepLearningProject/Synthetic-Data/vlm_levels/level_4/images/00011_w.png,PRIMARY,above,Is the blue star above the orange circle?,no,yes,INCORRECT
2025-12-22 18:54:42,4,/home/kkarthikeyan/deep-learning/DeepLearningProject/Synthetic-Data/vlm_levels/level_4/images/00011_w.png,ADVANCED,touching,Is the green square touching the red square?,no,yes,INCORRECT
2025-12-22 18:54:42,4,/home/kkarthikeyan/deep-learning/DeepLearningProject/Synthetic-Data/vlm_levels/level_4/images/00011_w.png,PRIMARY,left_of,Is the blue star to the left of the red square?,no,yes,INCORRECT
2025-12-22 18:54:42,4,/home/kkarthikeyan/deep-learning/DeepLearningProject/Synthetic-Data/vlm_levels/level_4/images/00011_w.png,PRIMARY,right_of,Is the orange circle to the right of the blue star?,no,yes,INCORRECT
2025-12-22 18:54:42,4,/home/kkarthikeyan/deep-learning/DeepLearningProject/Synthetic-Data/vlm_levels/level_4/images/00009_b.png,PRIMARY,above,Is the red circle above the cyan star?,yes,yes,CORRECT
2025-12-22 18:54:43,4,/home/kkarthikeyan/deep-learning/DeepLearningProject/Synthetic-Data/vlm_levels/level_4/images/00009_b.png,PRIMARY,below,Is the cyan star below the red circle?,yes,yes,CORRECT
2025-12-22 18:54:43,4,/home/kkarthikeyan/deep-learning/DeepLearningProject/Synthetic-Data/vlm_levels/level_4/images/00009_b.png,PRIMARY,left_of,Is the lime triangle to the left of the yellow circle?,yes,yes,CORRECT
2025-12-22 18:54:43,4,/home/kkarthikeyan/deep-learning/DeepLearningProject/Synthetic-Data/vlm_levels/level_4/images/00009_b.png,PRIMARY,right_of,Is the yellow circle right of the lime triangle?,yes,yes,CORRECT
2025-12-22 18:54:43,4,/home/kkarthikeyan/deep-learning/DeepLearningProject/Synthetic-Data/vlm_levels/level_4/images/00009_b.png,PRIMARY,above,Is the red circle above the lime triangle?,yes,yes,CORRECT
2025-12-22 18:54:44,4,/home/kkarthikeyan/deep-learning/DeepLearningProject/Synthetic-Data/vlm_levels/level_4/images/00009_b.png,ADVANCED,overlapping,Is the yellow circle overlapping with the lime triangle?,no,yes,INCORRECT
2025-12-22 18:54:44,4,/home/kkarthikeyan/deep-learning/DeepLearningProject/Synthetic-Data/vlm_levels/level_4/images/00009_b.png,PRIMARY,right_of,Is the lime triangle to the right of the cyan star?,no,no,CORRECT
2025-12-22 18:54:44,4,/home/kkarthikeyan/deep-learning/DeepLearningProject/Synthetic-Data/vlm_levels/level_4/images/00009_b.png,ADVANCED,touching,Is the cyan star touching the red circle?,no,yes,INCORRECT
2025-12-22 18:54:44,4,/home/kkarthikeyan/deep-learning/DeepLearningProject/Synthetic-Data/vlm_levels/level_4/images/00009_b.png,ADVANCED,touching,Is the lime triangle touching the red circle?,no,yes,INCORRECT
2025-12-22 18:54:45,4,/home/kkarthikeyan/deep-learning/DeepLearningProject/Synthetic-Data/vlm_levels/level_4/images/00009_b.png,ADVANCED,overlapping,Is the yellow circle partially covering the red circle?,no,yes,INCORRECT
2025-12-22 18:54:45,4,/home/kkarthikeyan/deep-learning/DeepLearningProject/Synthetic-Data/vlm_levels/level_4/images/00000_w.png,PRIMARY,below,Is the cyan square below the lime triangle?,yes,yes,CORRECT
2025-12-22 18:54:45,4,/home/kkarthikeyan/deep-learning/DeepLearningProject/Synthetic-Data/vlm_levels/level_4/images/00000_w.png,PRIMARY,above,Is the lime triangle above the cyan square?,yes,yes,CORRECT
2025-12-22 18:54:45,4,/home/kkarthikeyan/deep-learning/DeepLearningProject/Synthetic-Data/vlm_levels/level_4/images/00000_w.png,PRIMARY,right_of,Is the lime triangle right of the yellow circle?,yes,yes,CORRECT
2025-12-22 18:54:46,4,/home/kkarthikeyan/deep-learning/DeepLearningProject/Synthetic-Data/vlm_levels/level_4/images/00000_w.png,PRIMARY,left_of,Is the yellow circle to the left of the lime triangle?,yes,yes,CORRECT
2025-12-22 18:54:46,4,/home/kkarthikeyan/deep-learning/DeepLearningProject/Synthetic-Data/vlm_levels/level_4/images/00000_w.png,PRIMARY,right_of,Is the cyan square right of the lime triangle?,yes,yes,CORRECT
2025-12-22 18:54:46,4,/home/kkarthikeyan/deep-learning/DeepLearningProject/Synthetic-Data/vlm_levels/level_4/images/00000_w.png,ADVANCED,overlapping,Is the pink square overlapping with the lime triangle?,no,yes,INCORRECT
2025-12-22 18:54:46,4,/home/kkarthikeyan/deep-learning/DeepLearningProject/Synthetic-Data/vlm_levels/level_4/images/00000_w.png,ADVANCED,inside,Is the pink square enclosed by the yellow circle?,no,yes,INCORRECT
2025-12-22 18:54:47,4,/home/kkarthikeyan/deep-learning/DeepLearningProject/Synthetic-Data/vlm_levels/level_4/images/00000_w.png,ADVANCED,touching,Is the cyan square touching the yellow circle?,no,yes,INCORRECT
2025-12-22 18:54:47,4,/home/kkarthikeyan/deep-learning/DeepLearningProject/Synthetic-Data/vlm_levels/level_4/images/00000_w.png,PRIMARY,below,Is the lime triangle below the pink square?,no,yes,INCORRECT
2025-12-22 18:54:47,4,/home/kkarthikeyan/deep-learning/DeepLearningProject/Synthetic-Data/vlm_levels/level_4/images/00000_w.png,PRIMARY,right_of,Is the yellow circle to the right of the lime triangle?,no,yes,INCORRECT
2025-12-22 18:54:47,4,/home/kkarthikeyan/deep-learning/DeepLearningProject/Synthetic-Data/vlm_levels/level_4/images/00010_w.png,PRIMARY,left_of,Is the purple triangle to the left of the yellow star?,yes,yes,CORRECT
2025-12-22 18:54:48,4,/home/kkarthikeyan/deep-learning/DeepLearningProject/Synthetic-Data/vlm_levels/level_4/images/00010_w.png,PRIMARY,right_of,Is the yellow star to the right of the purple triangle?,yes,yes,CORRECT
2025-12-22 18:54:48,4,/home/kkarthikeyan/deep-learning/DeepLearningProject/Synthetic-Data/vlm_levels/level_4/images/00010_w.png,PRIMARY,left_of,Is the lime star to the left of the orange circle?,yes,yes,CORRECT
2025-12-22 18:54:48,4,/home/kkarthikeyan/deep-learning/DeepLearningProject/Synthetic-Data/vlm_levels/level_4/images/00010_w.png,PRIMARY,right_of,Is the orange circle to the right of the lime star?,yes,yes,CORRECT
2025-12-22 18:54:48,4,/home/kkarthikeyan/deep-learning/DeepLearningProject/Synthetic-Data/vlm_levels/level_4/images/00010_w.png,PRIMARY,right_of,Is the lime star to the right of the purple triangle?,yes,yes,CORRECT
2025-12-22 18:54:49,4,/home/kkarthikeyan/deep-learning/DeepLearningProject/Synthetic-Data/vlm_levels/level_4/images/00010_w.png,PRIMARY,below,Is the yellow star below the purple triangle?,no,yes,INCORRECT
2025-12-22 18:54:49,4,/home/kkarthikeyan/deep-learning/DeepLearningProject/Synthetic-Data/vlm_levels/level_4/images/00010_w.png,ADVANCED,touching,Is the yellow star touching the purple triangle?,no,yes,INCORRECT
2025-12-22 18:54:49,4,/home/kkarthikeyan/deep-learning/DeepLearningProject/Synthetic-Data/vlm_levels/level_4/images/00010_w.png,PRIMARY,below,Is the lime star below the purple triangle?,no,yes,INCORRECT
2025-12-22 18:54:49,4,/home/kkarthikeyan/deep-learning/DeepLearningProject/Synthetic-Data/vlm_levels/level_4/images/00010_w.png,ADVANCED,overlapping,Is the orange circle overlapping with the purple triangle?,no,yes,INCORRECT
2025-12-22 18:54:50,4,/home/kkarthikeyan/deep-learning/DeepLearningProject/Synthetic-Data/vlm_levels/level_4/images/00010_w.png,PRIMARY,above,Is the yellow star above the lime star?,no,yes,INCORRECT
2025-12-22 18:54:50,4,/home/kkarthikeyan/deep-learning/DeepLearningProject/Synthetic-Data/vlm_levels/level_4/images/00009_w.png,PRIMARY,right_of,Is the cyan star right of the red circle?,yes,yes,CORRECT
2025-12-22 18:54:50,4,/home/kkarthikeyan/deep-learning/DeepLearningProject/Synthetic-Data/vlm_levels/level_4/images/00009_w.png,PRIMARY,left_of,Is the red circle to the left of the cyan star?,yes,yes,CORRECT
2025-12-22 18:54:51,4,/home/kkarthikeyan/deep-learning/DeepLearningProject/Synthetic-Data/vlm_levels/level_4/images/00009_w.png,PRIMARY,below,Is the cyan star below the lime triangle?,yes,yes,CORRECT
2025-12-22 18:54:51,4,/home/kkarthikeyan/deep-learning/DeepLearningProject/Synthetic-Data/vlm_levels/level_4/images/00009_w.png,PRIMARY,above,Is the lime triangle above the cyan star?,yes,yes,CORRECT
2025-12-22 18:54:51,4,/home/kkarthikeyan/deep-learning/DeepLearningProject/Synthetic-Data/vlm_levels/level_4/images/00009_w.png,PRIMARY,left_of,Is the lime triangle to the left of the cyan star?,yes,yes,CORRECT
2025-12-22 18:54:51,4,/home/kkarthikeyan/deep-learning/DeepLearningProject/Synthetic-Data/vlm_levels/level_4/images/00009_w.png,PRIMARY,below,Is the yellow circle below the red circle?,no,yes,INCORRECT
2025-12-22 18:54:52,4,/home/kkarthikeyan/deep-learning/DeepLearningProject/Synthetic-Data/vlm_levels/level_4/images/00009_w.png,ADVANCED,touching,Is the lime triangle touching the yellow circle?,no,yes,INCORRECT
2025-12-22 18:54:52,4,/home/kkarthikeyan/deep-learning/DeepLearningProject/Synthetic-Data/vlm_levels/level_4/images/00009_w.png,PRIMARY,left_of,Is the cyan star left of the lime triangle?,no,yes,INCORRECT
2025-12-22 18:54:52,4,/home/kkarthikeyan/deep-learning/DeepLearningProject/Synthetic-Data/vlm_levels/level_4/images/00009_w.png,ADVANCED,inside,Is the yellow circle fully inside the red circle?,no,no,CORRECT
2025-12-22 18:54:52,4,/home/kkarthikeyan/deep-learning/DeepLearningProject/Synthetic-Data/vlm_levels/level_4/images/00009_w.png,PRIMARY,below,Is the red circle below the lime triangle?,no,yes,INCORRECT
2025-12-22 18:54:53,4,/home/kkarthikeyan/deep-learning/DeepLearningProject/Synthetic-Data/vlm_levels/level_4/images/00005_w.png,PRIMARY,right_of,Is the purple circle right of the green triangle?,yes,yes,CORRECT
2025-12-22 18:54:53,4,/home/kkarthikeyan/deep-learning/DeepLearningProject/Synthetic-Data/vlm_levels/level_4/images/00005_w.png,PRIMARY,left_of,Is the green triangle to the left of the purple circle?,yes,yes,CORRECT
2025-12-22 18:54:53,4,/home/kkarthikeyan/deep-learning/DeepLearningProject/Synthetic-Data/vlm_levels/level_4/images/00005_w.png,PRIMARY,left_of,Is the yellow circle left of the green triangle?,yes,yes,CORRECT
2025-12-22 18:54:53,4,/home/kkarthikeyan/deep-learning/DeepLearningProject/Synthetic-Data/vlm_levels/level_4/images/00005_w.png,PRIMARY,right_of,Is the green triangle to the right of the yellow circle?,yes,yes,CORRECT
2025-12-22 18:54:54,4,/home/kkarthikeyan/deep-learning/DeepLearningProject/Synthetic-Data/vlm_levels/level_4/images/00005_w.png,PRIMARY,left_of,Is the orange circle left of the purple circle?,yes,yes,CORRECT
2025-12-22 18:54:54,4,/home/kkarthikeyan/deep-learning/DeepLearningProject/Synthetic-Data/vlm_levels/level_4/images/00005_w.png,ADVANCED,touching,Is the orange circle touching the green triangle?,no,yes,INCORRECT
2025-12-22 18:54:54,4,/home/kkarthikeyan/deep-learning/DeepLearningProject/Synthetic-Data/vlm_levels/level_4/images/00005_w.png,ADVANCED,inside,Is the green triangle contained within the orange circle?,no,yes,INCORRECT
2025-12-22 18:54:54,4,/home/kkarthikeyan/deep-learning/DeepLearningProject/Synthetic-Data/vlm_levels/level_4/images/00005_w.png,ADVANCED,touching,Is the purple circle touching the green triangle?,no,yes,INCORRECT
2025-12-22 18:54:55,4,/home/kkarthikeyan/deep-learning/DeepLearningProject/Synthetic-Data/vlm_levels/level_4/images/00005_w.png,ADVANCED,overlapping,Is the yellow circle partially covering the green triangle?,no,yes,INCORRECT
2025-12-22 18:54:55,4,/home/kkarthikeyan/deep-learning/DeepLearningProject/Synthetic-Data/vlm_levels/level_4/images/00005_w.png,ADVANCED,inside,Is the purple circle fully inside the yellow circle?,no,no,CORRECT
2025-12-22 18:54:55,4,/home/kkarthikeyan/deep-learning/DeepLearningProject/Synthetic-Data/vlm_levels/level_4/images/00007_b.png,PRIMARY,right_of,Is the green triangle right of the orange triangle?,yes,yes,CORRECT
2025-12-22 18:54:55,4,/home/kkarthikeyan/deep-learning/DeepLearningProject/Synthetic-Data/vlm_levels/level_4/images/00007_b.png,PRIMARY,left_of,Is the orange triangle to the left of the green triangle?,yes,yes,CORRECT
2025-12-22 18:54:56,4,/home/kkarthikeyan/deep-learning/DeepLearningProject/Synthetic-Data/vlm_levels/level_4/images/00007_b.png,PRIMARY,above,Is the yellow triangle above the lime triangle?,yes,yes,CORRECT
2025-12-22 18:54:56,4,/home/kkarthikeyan/deep-learning/DeepLearningProject/Synthetic-Data/vlm_levels/level_4/images/00007_b.png,PRIMARY,below,Is the lime triangle below the yellow triangle?,yes,yes,CORRECT
2025-12-22 18:54:56,4,/home/kkarthikeyan/deep-learning/DeepLearningProject/Synthetic-Data/vlm_levels/level_4/images/00007_b.png,PRIMARY,left_of,Is the orange triangle left of the yellow triangle?,yes,yes,CORRECT
2025-12-22 18:54:56,4,/home/kkarthikeyan/deep-learning/DeepLearningProject/Synthetic-Data/vlm_levels/level_4/images/00007_b.png,ADVANCED,overlapping,Is the green triangle partially covering the orange triangle?,no,yes,INCORRECT
2025-12-22 18:54:57,4,/home/kkarthikeyan/deep-learning/DeepLearningProject/Synthetic-Data/vlm_levels/level_4/images/00007_b.png,PRIMARY,below,Is the yellow triangle below the orange triangle?,no,yes,INCORRECT
2025-12-22 18:54:57,4,/home/kkarthikeyan/deep-learning/DeepLearningProject/Synthetic-Data/vlm_levels/level_4/images/00007_b.png,ADVANCED,inside,Is the lime triangle enclosed by the orange triangle?,no,yes,INCORRECT
2025-12-22 18:54:57,4,/home/kkarthikeyan/deep-learning/DeepLearningProject/Synthetic-Data/vlm_levels/level_4/images/00012_b.png,PRIMARY,right_of,Is the blue star right of the orange triangle?,yes,yes,CORRECT
2025-12-22 18:54:57,4,/home/kkarthikeyan/deep-learning/DeepLearningProject/Synthetic-Data/vlm_levels/level_4/images/00012_b.png,PRIMARY,left_of,Is the orange triangle to the left of the blue star?,yes,yes,CORRECT
2025-12-22 18:54:58,4,/home/kkarthikeyan/deep-learning/DeepLearningProject/Synthetic-Data/vlm_levels/level_4/images/00012_b.png,PRIMARY,below,Is the lime triangle below the red square?,yes,yes,CORRECT
2025-12-22 18:54:58,4,/home/kkarthikeyan/deep-learning/DeepLearningProject/Synthetic-Data/vlm_levels/level_4/images/00012_b.png,PRIMARY,above,Is the red square above the lime triangle?,yes,yes,CORRECT
2025-12-22 18:54:58,4,/home/kkarthikeyan/deep-learning/DeepLearningProject/Synthetic-Data/vlm_levels/level_4/images/00012_b.png,PRIMARY,right_of,Is the blue star to the right of the red square?,yes,yes,CORRECT
2025-12-22 18:54:58,4,/home/kkarthikeyan/deep-learning/DeepLearningProject/Synthetic-Data/vlm_levels/level_4/images/00012_b.png,PRIMARY,right_of,Is the lime triangle right of the orange triangle?,no,yes,INCORRECT
2025-12-22 18:54:59,4,/home/kkarthikeyan/deep-learning/DeepLearningProject/Synthetic-Data/vlm_levels/level_4/images/00012_b.png,ADVANCED,touching,Is the blue star touching the orange triangle?,no,yes,INCORRECT
2025-12-22 18:54:59,4,/home/kkarthikeyan/deep-learning/DeepLearningProject/Synthetic-Data/vlm_levels/level_4/images/00012_b.png,ADVANCED,inside,Is the lime triangle enclosed by the blue star?,no,yes,INCORRECT
2025-12-22 18:54:59,4,/home/kkarthikeyan/deep-learning/DeepLearningProject/Synthetic-Data/vlm_levels/level_4/images/00012_b.png,ADVANCED,overlapping,Is the lime triangle partially covering the orange triangle?,no,yes,INCORRECT
2025-12-22 18:54:59,4,/home/kkarthikeyan/deep-learning/DeepLearningProject/Synthetic-Data/vlm_levels/level_4/images/00012_b.png,ADVANCED,inside,Is the orange triangle contained within the blue star?,no,yes,INCORRECT
2025-12-22 18:55:00,4,/home/kkarthikeyan/deep-learning/DeepLearningProject/Synthetic-Data/vlm_levels/level_4/images/00000_b.png,PRIMARY,right_of,Is the cyan square to the right of the lime triangle?,yes,yes,CORRECT
2025-12-22 18:55:00,4,/home/kkarthikeyan/deep-learning/DeepLearningProject/Synthetic-Data/vlm_levels/level_4/images/00000_b.png,PRIMARY,left_of,Is the lime triangle to the left of the cyan square?,yes,yes,CORRECT
2025-12-22 18:55:00,4,/home/kkarthikeyan/deep-learning/DeepLearningProject/Synthetic-Data/vlm_levels/level_4/images/00000_b.png,PRIMARY,right_of,Is the cyan square to the right of the pink square?,yes,yes,CORRECT
2025-12-22 18:55:00,4,/home/kkarthikeyan/deep-learning/DeepLearningProject/Synthetic-Data/vlm_levels/level_4/images/00000_b.png,PRIMARY,left_of,Is the pink square left of the cyan square?,yes,yes,CORRECT
2025-12-22 18:55:01,4,/home/kkarthikeyan/deep-learning/DeepLearningProject/Synthetic-Data/vlm_levels/level_4/images/00000_b.png,PRIMARY,above,Is the yellow circle above the lime triangle?,yes,yes,CORRECT
2025-12-22 18:55:01,4,/home/kkarthikeyan/deep-learning/DeepLearningProject/Synthetic-Data/vlm_levels/level_4/images/00000_b.png,ADVANCED,overlapping,Is the lime triangle overlapping with the pink square?,no,yes,INCORRECT
2025-12-22 18:55:01,4,/home/kkarthikeyan/deep-learning/DeepLearningProject/Synthetic-Data/vlm_levels/level_4/images/00000_b.png,PRIMARY,below,Is the lime triangle below the pink square?,no,yes,INCORRECT
2025-12-22 18:55:01,4,/home/kkarthikeyan/deep-learning/DeepLearningProject/Synthetic-Data/vlm_levels/level_4/images/00000_b.png,ADVANCED,overlapping,Is the cyan square overlapping with the yellow circle?,no,yes,INCORRECT
2025-12-22 18:55:02,4,/home/kkarthikeyan/deep-learning/DeepLearningProject/Synthetic-Data/vlm_levels/level_4/images/00000_b.png,ADVANCED,touching,Is the cyan square touching the lime triangle?,no,yes,INCORRECT
2025-12-22 18:55:02,4,/home/kkarthikeyan/deep-learning/DeepLearningProject/Synthetic-Data/vlm_levels/level_4/images/00001_b.png,PRIMARY,left_of,Is the yellow star left of the lime circle?,yes,yes,CORRECT
2025-12-22 18:55:02,4,/home/kkarthikeyan/deep-learning/DeepLearningProject/Synthetic-Data/vlm_levels/level_4/images/00001_b.png,PRIMARY,right_of,Is the lime circle to the right of the yellow star?,yes,yes,CORRECT
2025-12-22 18:55:03,4,/home/kkarthikeyan/deep-learning/DeepLearningProject/Synthetic-Data/vlm_levels/level_4/images/00001_b.png,PRIMARY,below,Is the lime circle below the purple circle?,yes,yes,CORRECT
2025-12-22 18:55:03,4,/home/kkarthikeyan/deep-learning/DeepLearningProject/Synthetic-Data/vlm_levels/level_4/images/00001_b.png,PRIMARY,above,Is the purple circle above the lime circle?,yes,yes,CORRECT
2025-12-22 18:55:03,4,/home/kkarthikeyan/deep-learning/DeepLearningProject/Synthetic-Data/vlm_levels/level_4/images/00001_b.png,PRIMARY,right_of,Is the green triangle to the right of the yellow star?,yes,yes,CORRECT
2025-12-22 18:55:03,4,/home/kkarthikeyan/deep-learning/DeepLearningProject/Synthetic-Data/vlm_levels/level_4/images/00001_b.png,ADVANCED,inside,Is the purple circle contained within the yellow star?,no,yes,INCORRECT
2025-12-22 18:55:04,4,/home/kkarthikeyan/deep-learning/DeepLearningProject/Synthetic-Data/vlm_levels/level_4/images/00001_b.png,PRIMARY,left_of,Is the green triangle left of the lime circle?,no,yes,INCORRECT
2025-12-22 18:55:04,4,/home/kkarthikeyan/deep-learning/DeepLearningProject/Synthetic-Data/vlm_levels/level_4/images/00001_b.png,ADVANCED,touching,Is the yellow star touching the lime circle?,no,yes,INCORRECT
2025-12-22 18:55:04,4,/home/kkarthikeyan/deep-learning/DeepLearningProject/Synthetic-Data/vlm_levels/level_4/images/00001_b.png,ADVANCED,touching,Is the purple circle touching the yellow star?,no,yes,INCORRECT
2025-12-22 18:55:04,4,/home/kkarthikeyan/deep-learning/DeepLearningProject/Synthetic-Data/vlm_levels/level_4/images/00001_b.png,PRIMARY,left_of,Is the green triangle to the left of the purple circle?,no,no,CORRECT
2025-12-22 18:55:05,4,/home/kkarthikeyan/deep-learning/DeepLearningProject/Synthetic-Data/vlm_levels/level_4/images/00019_b.png,PRIMARY,left_of,Is the orange square left of the blue star?,yes,yes,CORRECT
2025-12-22 18:55:05,4,/home/kkarthikeyan/deep-learning/DeepLearningProject/Synthetic-Data/vlm_levels/level_4/images/00019_b.png,PRIMARY,right_of,Is the blue star to the right of the orange square?,yes,yes,CORRECT
2025-12-22 18:55:05,4,/home/kkarthikeyan/deep-learning/DeepLearningProject/Synthetic-Data/vlm_levels/level_4/images/00019_b.png,PRIMARY,left_of,Is the orange square left of the purple square?,yes,yes,CORRECT
2025-12-22 18:55:05,4,/home/kkarthikeyan/deep-learning/DeepLearningProject/Synthetic-Data/vlm_levels/level_4/images/00019_b.png,PRIMARY,right_of,Is the purple square right of the orange square?,yes,yes,CORRECT
2025-12-22 18:55:06,4,/home/kkarthikeyan/deep-learning/DeepLearningProject/Synthetic-Data/vlm_levels/level_4/images/00019_b.png,PRIMARY,below,Is the blue star below the orange square?,yes,yes,CORRECT
2025-12-22 18:55:06,4,/home/kkarthikeyan/deep-learning/DeepLearningProject/Synthetic-Data/vlm_levels/level_4/images/00019_b.png,ADVANCED,overlapping,Is the orange square overlapping with the purple square?,no,yes,INCORRECT
2025-12-22 18:55:06,4,/home/kkarthikeyan/deep-learning/DeepLearningProject/Synthetic-Data/vlm_levels/level_4/images/00019_b.png,ADVANCED,overlapping,Is the yellow circle overlapping with the purple square?,no,yes,INCORRECT
2025-12-22 18:55:06,4,/home/kkarthikeyan/deep-learning/DeepLearningProject/Synthetic-Data/vlm_levels/level_4/images/00019_b.png,ADVANCED,overlapping,Is the blue star overlapping with the yellow circle?,no,yes,INCORRECT
2025-12-22 18:55:07,4,/home/kkarthikeyan/deep-learning/DeepLearningProject/Synthetic-Data/vlm_levels/level_4/images/00019_b.png,ADVANCED,touching,Is the purple square touching the orange square?,no,yes,INCORRECT
2025-12-22 18:55:07,4,/home/kkarthikeyan/deep-learning/DeepLearningProject/Synthetic-Data/vlm_levels/level_4/images/00019_b.png,PRIMARY,left_of,Is the blue star left of the yellow circle?,no,yes,INCORRECT
2025-12-22 18:55:07,4,/home/kkarthikeyan/deep-learning/DeepLearningProject/Synthetic-Data/vlm_levels/level_4/images/00013_b.png,PRIMARY,above,Is the lime star above the cyan square?,yes,yes,CORRECT
2025-12-22 18:55:07,4,/home/kkarthikeyan/deep-learning/DeepLearningProject/Synthetic-Data/vlm_levels/level_4/images/00013_b.png,PRIMARY,below,Is the cyan square below the lime star?,yes,yes,CORRECT
2025-12-22 18:55:08,4,/home/kkarthikeyan/deep-learning/DeepLearningProject/Synthetic-Data/vlm_levels/level_4/images/00013_b.png,PRIMARY,above,Is the red star above the cyan square?,yes,yes,CORRECT
2025-12-22 18:55:08,4,/home/kkarthikeyan/deep-learning/DeepLearningProject/Synthetic-Data/vlm_levels/level_4/images/00013_b.png,PRIMARY,below,Is the cyan square below the red star?,yes,yes,CORRECT
2025-12-22 18:55:08,4,/home/kkarthikeyan/deep-learning/DeepLearningProject/Synthetic-Data/vlm_levels/level_4/images/00013_b.png,PRIMARY,above,Is the green square above the red star?,yes,yes,CORRECT
2025-12-22 18:55:08,4,/home/kkarthikeyan/deep-learning/DeepLearningProject/Synthetic-Data/vlm_levels/level_4/images/00013_b.png,ADVANCED,inside,Is the green square enclosed by the lime star?,no,yes,INCORRECT
2025-12-22 18:55:09,4,/home/kkarthikeyan/deep-learning/DeepLearningProject/Synthetic-Data/vlm_levels/level_4/images/00013_b.png,ADVANCED,touching,Is the red star touching the cyan square?,no,yes,INCORRECT
2025-12-22 18:55:09,4,/home/kkarthikeyan/deep-learning/DeepLearningProject/Synthetic-Data/vlm_levels/level_4/images/00013_b.png,ADVANCED,touching,Is the green square touching the red star?,no,no,CORRECT
2025-12-22 18:55:09,4,/home/kkarthikeyan/deep-learning/DeepLearningProject/Synthetic-Data/vlm_levels/level_4/images/00013_b.png,PRIMARY,left_of,Is the lime star to the left of the cyan square?,no,yes,INCORRECT
2025-12-22 18:55:09,4,/home/kkarthikeyan/deep-learning/DeepLearningProject/Synthetic-Data/vlm_levels/level_4/images/00013_b.png,ADVANCED,touching,Is the green square touching the cyan square?,no,no,CORRECT
2025-12-22 18:55:10,4,/home/kkarthikeyan/deep-learning/DeepLearningProject/Synthetic-Data/vlm_levels/level_4/images/00004_b.png,PRIMARY,below,Is the pink triangle below the purple triangle?,yes,yes,CORRECT
2025-12-22 18:55:10,4,/home/kkarthikeyan/deep-learning/DeepLearningProject/Synthetic-Data/vlm_levels/level_4/images/00004_b.png,PRIMARY,above,Is the purple triangle above the pink triangle?,yes,yes,CORRECT
2025-12-22 18:55:10,4,/home/kkarthikeyan/deep-learning/DeepLearningProject/Synthetic-Data/vlm_levels/level_4/images/00004_b.png,PRIMARY,above,Is the purple triangle above the yellow star?,yes,yes,CORRECT
2025-12-22 18:55:10,4,/home/kkarthikeyan/deep-learning/DeepLearningProject/Synthetic-Data/vlm_levels/level_4/images/00004_b.png,PRIMARY,below,Is the yellow star below the purple triangle?,yes,yes,CORRECT
2025-12-22 18:55:11,4,/home/kkarthikeyan/deep-learning/DeepLearningProject/Synthetic-Data/vlm_levels/level_4/images/00004_b.png,PRIMARY,left_of,Is the pink triangle to the left of the purple triangle?,yes,yes,CORRECT
2025-12-22 18:55:11,4,/home/kkarthikeyan/deep-learning/DeepLearningProject/Synthetic-Data/vlm_levels/level_4/images/00004_b.png,ADVANCED,touching,Is the pink triangle touching the orange triangle?,no,yes,INCORRECT
2025-12-22 18:55:11,4,/home/kkarthikeyan/deep-learning/DeepLearningProject/Synthetic-Data/vlm_levels/level_4/images/00004_b.png,ADVANCED,touching,Is the purple triangle touching the orange triangle?,no,yes,INCORRECT
2025-12-22 18:55:11,4,/home/kkarthikeyan/deep-learning/DeepLearningProject/Synthetic-Data/vlm_levels/level_4/images/00004_b.png,PRIMARY,right_of,Is the orange triangle to the right of the purple triangle?,no,yes,INCORRECT
2025-12-22 18:55:12,4,/home/kkarthikeyan/deep-learning/DeepLearningProject/Synthetic-Data/vlm_levels/level_4/images/00004_b.png,ADVANCED,inside,Is the orange triangle contained within the pink triangle?,no,yes,INCORRECT
2025-12-22 18:55:12,4,/home/kkarthikeyan/deep-learning/DeepLearningProject/Synthetic-Data/vlm_levels/level_4/images/00016_b.png,PRIMARY,below,Is the pink circle below the yellow circle?,yes,yes,CORRECT
2025-12-22 18:55:12,4,/home/kkarthikeyan/deep-learning/DeepLearningProject/Synthetic-Data/vlm_levels/level_4/images/00016_b.png,PRIMARY,above,Is the yellow circle above the pink circle?,yes,yes,CORRECT
2025-12-22 18:55:12,4,/home/kkarthikeyan/deep-learning/DeepLearningProject/Synthetic-Data/vlm_levels/level_4/images/00016_b.png,PRIMARY,right_of,Is the purple triangle right of the pink circle?,yes,yes,CORRECT
2025-12-22 18:55:13,4,/home/kkarthikeyan/deep-learning/DeepLearningProject/Synthetic-Data/vlm_levels/level_4/images/00016_b.png,PRIMARY,left_of,Is the pink circle left of the purple triangle?,yes,yes,CORRECT
2025-12-22 18:55:13,4,/home/kkarthikeyan/deep-learning/DeepLearningProject/Synthetic-Data/vlm_levels/level_4/images/00016_b.png,PRIMARY,above,Is the orange star above the purple triangle?,yes,yes,CORRECT
2025-12-22 18:55:13,4,/home/kkarthikeyan/deep-learning/DeepLearningProject/Synthetic-Data/vlm_levels/level_4/images/00016_b.png,ADVANCED,touching,Is the pink circle touching the yellow circle?,no,yes,INCORRECT
2025-12-22 18:55:14,4,/home/kkarthikeyan/deep-learning/DeepLearningProject/Synthetic-Data/vlm_levels/level_4/images/00016_b.png,ADVANCED,touching,Is the yellow circle touching the pink circle?,no,yes,INCORRECT
2025-12-22 18:55:14,4,/home/kkarthikeyan/deep-learning/DeepLearningProject/Synthetic-Data/vlm_levels/level_4/images/00016_b.png,PRIMARY,above,Is the orange star above the yellow circle?,no,yes,INCORRECT
2025-12-22 18:55:14,4,/home/kkarthikeyan/deep-learning/DeepLearningProject/Synthetic-Data/vlm_levels/level_4/images/00016_b.png,PRIMARY,above,Is the pink circle above the orange star?,no,yes,INCORRECT
2025-12-22 18:55:14,4,/home/kkarthikeyan/deep-learning/DeepLearningProject/Synthetic-Data/vlm_levels/level_4/images/00016_b.png,ADVANCED,touching,Is the purple triangle touching the yellow circle?,no,yes,INCORRECT
2025-12-22 18:55:15,4,/home/kkarthikeyan/deep-learning/DeepLearningProject/Synthetic-Data/vlm_levels/level_4/images/00015_b.png,PRIMARY,above,Is the orange square above the cyan star?,yes,yes,CORRECT
2025-12-22 18:55:15,4,/home/kkarthikeyan/deep-learning/DeepLearningProject/Synthetic-Data/vlm_levels/level_4/images/00015_b.png,PRIMARY,below,Is the cyan star below the orange square?,yes,yes,CORRECT
2025-12-22 18:55:15,4,/home/kkarthikeyan/deep-learning/DeepLearningProject/Synthetic-Data/vlm_levels/level_4/images/00015_b.png,PRIMARY,left_of,Is the green triangle to the left of the red star?,yes,yes,CORRECT
2025-12-22 18:55:15,4,/home/kkarthikeyan/deep-learning/DeepLearningProject/Synthetic-Data/vlm_levels/level_4/images/00015_b.png,PRIMARY,right_of,Is the red star right of the green triangle?,yes,yes,CORRECT
2025-12-22 18:55:16,4,/home/kkarthikeyan/deep-learning/DeepLearningProject/Synthetic-Data/vlm_levels/level_4/images/00015_b.png,PRIMARY,left_of,Is the orange square left of the red star?,yes,yes,CORRECT
2025-12-22 18:55:16,4,/home/kkarthikeyan/deep-learning/DeepLearningProject/Synthetic-Data/vlm_levels/level_4/images/00015_b.png,ADVANCED,inside,Is the cyan star contained within the orange square?,no,yes,INCORRECT
2025-12-22 18:55:16,4,/home/kkarthikeyan/deep-learning/DeepLearningProject/Synthetic-Data/vlm_levels/level_4/images/00015_b.png,ADVANCED,overlapping,Is the red star partially covering the green triangle?,no,yes,INCORRECT
2025-12-22 18:55:16,4,/home/kkarthikeyan/deep-learning/DeepLearningProject/Synthetic-Data/vlm_levels/level_4/images/00015_b.png,ADVANCED,touching,Is the cyan star touching the red star?,no,yes,INCORRECT
2025-12-22 18:55:17,4,/home/kkarthikeyan/deep-learning/DeepLearningProject/Synthetic-Data/vlm_levels/level_4/images/00015_b.png,PRIMARY,below,Is the red star below the cyan star?,no,yes,INCORRECT
2025-12-22 18:55:17,4,/home/kkarthikeyan/deep-learning/DeepLearningProject/Synthetic-Data/vlm_levels/level_4/images/00015_b.png,ADVANCED,overlapping,Is the orange square overlapping with the green triangle?,no,yes,INCORRECT
2025-12-22 18:55:17,4,/home/kkarthikeyan/deep-learning/DeepLearningProject/Synthetic-Data/vlm_levels/level_4/images/00002_w.png,PRIMARY,below,Is the yellow triangle below the cyan star?,yes,yes,CORRECT
2025-12-22 18:55:17,4,/home/kkarthikeyan/deep-learning/DeepLearningProject/Synthetic-Data/vlm_levels/level_4/images/00002_w.png,PRIMARY,above,Is the cyan star above the yellow triangle?,yes,yes,CORRECT
2025-12-22 18:55:18,4,/home/kkarthikeyan/deep-learning/DeepLearningProject/Synthetic-Data/vlm_levels/level_4/images/00002_w.png,PRIMARY,above,Is the orange star above the yellow triangle?,yes,yes,CORRECT
2025-12-22 18:55:18,4,/home/kkarthikeyan/deep-learning/DeepLearningProject/Synthetic-Data/vlm_levels/level_4/images/00002_w.png,PRIMARY,below,Is the yellow triangle below the orange star?,yes,yes,CORRECT
2025-12-22 18:55:18,4,/home/kkarthikeyan/deep-learning/DeepLearningProject/Synthetic-Data/vlm_levels/level_4/images/00002_w.png,PRIMARY,below,Is the yellow triangle below the purple star?,yes,yes,CORRECT
2025-12-22 18:55:18,4,/home/kkarthikeyan/deep-learning/DeepLearningProject/Synthetic-Data/vlm_levels/level_4/images/00002_w.png,ADVANCED,overlapping,Is the cyan star overlapping with the purple star?,no,yes,INCORRECT
2025-12-22 18:55:19,4,/home/kkarthikeyan/deep-learning/DeepLearningProject/Synthetic-Data/vlm_levels/level_4/images/00002_w.png,PRIMARY,below,Is the orange star below the cyan star?,no,yes,INCORRECT
2025-12-22 18:55:19,4,/home/kkarthikeyan/deep-learning/DeepLearningProject/Synthetic-Data/vlm_levels/level_4/images/00002_w.png,ADVANCED,inside,Is the yellow triangle contained within the orange star?,no,yes,INCORRECT
2025-12-22 18:55:19,4,/home/kkarthikeyan/deep-learning/DeepLearningProject/Synthetic-Data/vlm_levels/level_4/images/00002_w.png,ADVANCED,inside,Is the cyan star contained within the purple star?,no,yes,INCORRECT
2025-12-22 18:55:19,4,/home/kkarthikeyan/deep-learning/DeepLearningProject/Synthetic-Data/vlm_levels/level_4/images/00002_w.png,PRIMARY,above,Is the cyan star above the purple star?,no,yes,INCORRECT
2025-12-22 18:55:20,4,/home/kkarthikeyan/deep-learning/DeepLearningProject/Synthetic-Data/vlm_levels/level_4/images/00006_b.png,PRIMARY,right_of,Is the yellow star to the right of the orange circle?,yes,yes,CORRECT
2025-12-22 18:55:20,4,/home/kkarthikeyan/deep-learning/DeepLearningProject/Synthetic-Data/vlm_levels/level_4/images/00006_b.png,PRIMARY,left_of,Is the orange circle left of the yellow star?,yes,yes,CORRECT
2025-12-22 18:55:20,4,/home/kkarthikeyan/deep-learning/DeepLearningProject/Synthetic-Data/vlm_levels/level_4/images/00006_b.png,PRIMARY,right_of,Is the yellow star right of the orange circle?,yes,yes,CORRECT
2025-12-22 18:55:20,4,/home/kkarthikeyan/deep-learning/DeepLearningProject/Synthetic-Data/vlm_levels/level_4/images/00006_b.png,PRIMARY,above,Is the pink square above the orange circle?,yes,yes,CORRECT
2025-12-22 18:55:21,4,/home/kkarthikeyan/deep-learning/DeepLearningProject/Synthetic-Data/vlm_levels/level_4/images/00006_b.png,ADVANCED,inside,Is the lime star fully inside the orange circle?,no,no,CORRECT
2025-12-22 18:55:21,4,/home/kkarthikeyan/deep-learning/DeepLearningProject/Synthetic-Data/vlm_levels/level_4/images/00006_b.png,ADVANCED,inside,Is the lime star contained within the yellow star?,no,yes,INCORRECT
2025-12-22 18:55:21,4,/home/kkarthikeyan/deep-learning/DeepLearningProject/Synthetic-Data/vlm_levels/level_4/images/00006_b.png,PRIMARY,above,Is the pink square above the lime star?,no,yes,INCORRECT
2025-12-22 18:55:21,4,/home/kkarthikeyan/deep-learning/DeepLearningProject/Synthetic-Data/vlm_levels/level_4/images/00006_b.png,ADVANCED,touching,Is the yellow star touching the pink square?,no,yes,INCORRECT
2025-12-22 18:55:22,4,/home/kkarthikeyan/deep-learning/DeepLearningProject/Synthetic-Data/vlm_levels/level_4/images/00006_b.png,PRIMARY,above,Is the lime star above the pink square?,no,yes,INCORRECT
2025-12-22 18:55:22,4,/home/kkarthikeyan/deep-learning/DeepLearningProject/Synthetic-Data/vlm_levels/level_4/images/00005_b.png,PRIMARY,left_of,Is the orange circle left of the green triangle?,yes,yes,CORRECT
2025-12-22 18:55:22,4,/home/kkarthikeyan/deep-learning/DeepLearningProject/Synthetic-Data/vlm_levels/level_4/images/00005_b.png,PRIMARY,right_of,Is the green triangle right of the orange circle?,yes,yes,CORRECT
2025-12-22 18:55:22,4,/home/kkarthikeyan/deep-learning/DeepLearningProject/Synthetic-Data/vlm_levels/level_4/images/00005_b.png,PRIMARY,above,Is the orange circle above the purple circle?,yes,yes,CORRECT
2025-12-22 18:55:23,4,/home/kkarthikeyan/deep-learning/DeepLearningProject/Synthetic-Data/vlm_levels/level_4/images/00005_b.png,PRIMARY,below,Is the purple circle below the orange circle?,yes,yes,CORRECT
2025-12-22 18:55:23,4,/home/kkarthikeyan/deep-learning/DeepLearningProject/Synthetic-Data/vlm_levels/level_4/images/00005_b.png,PRIMARY,above,Is the purple circle above the yellow circle?,yes,yes,CORRECT
2025-12-22 18:55:23,4,/home/kkarthikeyan/deep-learning/DeepLearningProject/Synthetic-Data/vlm_levels/level_4/images/00005_b.png,PRIMARY,right_of,Is the yellow circle right of the green triangle?,no,yes,INCORRECT
2025-12-22 18:55:23,4,/home/kkarthikeyan/deep-learning/DeepLearningProject/Synthetic-Data/vlm_levels/level_4/images/00005_b.png,PRIMARY,left_of,Is the green triangle left of the yellow circle?,no,yes,INCORRECT
2025-12-22 18:55:24,4,/home/kkarthikeyan/deep-learning/DeepLearningProject/Synthetic-Data/vlm_levels/level_4/images/00005_b.png,PRIMARY,right_of,Is the orange circle right of the green triangle?,no,yes,INCORRECT
2025-12-22 18:55:24,4,/home/kkarthikeyan/deep-learning/DeepLearningProject/Synthetic-Data/vlm_levels/level_4/images/00005_b.png,PRIMARY,above,Is the yellow circle above the purple circle?,no,yes,INCORRECT
2025-12-22 18:55:24,4,/home/kkarthikeyan/deep-learning/DeepLearningProject/Synthetic-Data/vlm_levels/level_4/images/00005_b.png,PRIMARY,right_of,Is the orange circle right of the purple circle?,no,yes,INCORRECT
2025-12-22 18:55:24,4,/home/kkarthikeyan/deep-learning/DeepLearningProject/Synthetic-Data/vlm_levels/level_4/images/00002_b.png,PRIMARY,above,Is the orange star above the cyan star?,yes,yes,CORRECT
2025-12-22 18:55:25,4,/home/kkarthikeyan/deep-learning/DeepLearningProject/Synthetic-Data/vlm_levels/level_4/images/00002_b.png,PRIMARY,below,Is the cyan star below the orange star?,yes,yes,CORRECT
2025-12-22 18:55:25,4,/home/kkarthikeyan/deep-learning/DeepLearningProject/Synthetic-Data/vlm_levels/level_4/images/00002_b.png,PRIMARY,left_of,Is the yellow triangle left of the purple star?,yes,yes,CORRECT
2025-12-22 18:55:25,4,/home/kkarthikeyan/deep-learning/DeepLearningProject/Synthetic-Data/vlm_levels/level_4/images/00002_b.png,PRIMARY,right_of,Is the purple star right of the yellow triangle?,yes,yes,CORRECT
2025-12-22 18:55:26,4,/home/kkarthikeyan/deep-learning/DeepLearningProject/Synthetic-Data/vlm_levels/level_4/images/00002_b.png,PRIMARY,above,Is the cyan star above the yellow triangle?,yes,yes,CORRECT
2025-12-22 18:55:26,4,/home/kkarthikeyan/deep-learning/DeepLearningProject/Synthetic-Data/vlm_levels/level_4/images/00002_b.png,ADVANCED,inside,Is the purple star enclosed by the cyan star?,no,yes,INCORRECT
2025-12-22 18:55:26,4,/home/kkarthikeyan/deep-learning/DeepLearningProject/Synthetic-Data/vlm_levels/level_4/images/00002_b.png,PRIMARY,right_of,Is the yellow triangle right of the orange star?,no,yes,INCORRECT
2025-12-22 18:55:26,4,/home/kkarthikeyan/deep-learning/DeepLearningProject/Synthetic-Data/vlm_levels/level_4/images/00002_b.png,ADVANCED,touching,Is the purple star touching the cyan star?,no,yes,INCORRECT
2025-12-22 18:55:27,4,/home/kkarthikeyan/deep-learning/DeepLearningProject/Synthetic-Data/vlm_levels/level_4/images/00002_b.png,ADVANCED,touching,Is the yellow triangle touching the orange star?,no,yes,INCORRECT
2025-12-22 18:55:27,4,/home/kkarthikeyan/deep-learning/DeepLearningProject/Synthetic-Data/vlm_levels/level_4/images/00002_b.png,PRIMARY,left_of,Is the cyan star to the left of the purple star?,no,yes,INCORRECT
2025-12-22 18:55:27,4,/home/kkarthikeyan/deep-learning/DeepLearningProject/Synthetic-Data/vlm_levels/level_4/images/00018_w.png,PRIMARY,above,Is the orange star above the lime triangle?,yes,yes,CORRECT
2025-12-22 18:55:27,4,/home/kkarthikeyan/deep-learning/DeepLearningProject/Synthetic-Data/vlm_levels/level_4/images/00018_w.png,PRIMARY,below,Is the lime triangle below the orange star?,yes,yes,CORRECT
2025-12-22 18:55:28,4,/home/kkarthikeyan/deep-learning/DeepLearningProject/Synthetic-Data/vlm_levels/level_4/images/00018_w.png,PRIMARY,left_of,Is the blue circle left of the purple triangle?,yes,yes,CORRECT
2025-12-22 18:55:28,4,/home/kkarthikeyan/deep-learning/DeepLearningProject/Synthetic-Data/vlm_levels/level_4/images/00018_w.png,PRIMARY,right_of,Is the purple triangle to the right of the blue circle?,yes,yes,CORRECT
2025-12-22 18:55:28,4,/home/kkarthikeyan/deep-learning/DeepLearningProject/Synthetic-Data/vlm_levels/level_4/images/00018_w.png,PRIMARY,left_of,Is the lime triangle to the left of the blue circle?,yes,yes,CORRECT
2025-12-22 18:55:28,4,/home/kkarthikeyan/deep-learning/DeepLearningProject/Synthetic-Data/vlm_levels/level_4/images/00018_w.png,ADVANCED,touching,Is the blue circle touching the lime triangle?,no,yes,INCORRECT
2025-12-22 18:55:29,4,/home/kkarthikeyan/deep-learning/DeepLearningProject/Synthetic-Data/vlm_levels/level_4/images/00018_w.png,PRIMARY,left_of,Is the purple triangle to the left of the lime triangle?,no,yes,INCORRECT
2025-12-22 18:55:29,4,/home/kkarthikeyan/deep-learning/DeepLearningProject/Synthetic-Data/vlm_levels/level_4/images/00018_w.png,ADVANCED,inside,Is the blue circle contained within the orange star?,no,yes,INCORRECT
2025-12-22 18:55:29,4,/home/kkarthikeyan/deep-learning/DeepLearningProject/Synthetic-Data/vlm_levels/level_4/images/00018_w.png,ADVANCED,overlapping,Is the purple triangle overlapping with the orange star?,no,yes,INCORRECT
2025-12-22 18:55:29,4,/home/kkarthikeyan/deep-learning/DeepLearningProject/Synthetic-Data/vlm_levels/level_4/images/00018_w.png,ADVANCED,inside,Is the lime triangle fully inside the orange star?,no,no,CORRECT
2025-12-22 18:55:30,4,/home/kkarthikeyan/deep-learning/DeepLearningProject/Synthetic-Data/vlm_levels/level_4/images/00017_w.png,PRIMARY,above,Is the cyan star above the pink star?,yes,yes,CORRECT
2025-12-22 18:55:30,4,/home/kkarthikeyan/deep-learning/DeepLearningProject/Synthetic-Data/vlm_levels/level_4/images/00017_w.png,PRIMARY,below,Is the pink star below the cyan star?,yes,yes,CORRECT
2025-12-22 18:55:30,4,/home/kkarthikeyan/deep-learning/DeepLearningProject/Synthetic-Data/vlm_levels/level_4/images/00017_w.png,PRIMARY,left_of,Is the cyan star left of the red square?,yes,yes,CORRECT
2025-12-22 18:55:30,4,/home/kkarthikeyan/deep-learning/DeepLearningProject/Synthetic-Data/vlm_levels/level_4/images/00017_w.png,ADVANCED,inside,Is the red square enclosed by the cyan star?,no,yes,INCORRECT
2025-12-22 18:55:31,4,/home/kkarthikeyan/deep-learning/DeepLearningProject/Synthetic-Data/vlm_levels/level_4/images/00017_w.png,ADVANCED,touching,Is the pink star touching the yellow circle?,no,yes,INCORRECT
2025-12-22 18:55:31,4,/home/kkarthikeyan/deep-learning/DeepLearningProject/Synthetic-Data/vlm_levels/level_4/images/00017_w.png,PRIMARY,above,Is the yellow circle above the cyan star?,no,yes,INCORRECT
2025-12-22 18:55:31,4,/home/kkarthikeyan/deep-learning/DeepLearningProject/Synthetic-Data/vlm_levels/level_4/images/00017_w.png,PRIMARY,left_of,Is the yellow circle to the left of the cyan star?,no,yes,INCORRECT
2025-12-22 18:55:31,4,/home/kkarthikeyan/deep-learning/DeepLearningProject/Synthetic-Data/vlm_levels/level_4/images/00017_b.png,PRIMARY,right_of,Is the yellow circle to the right of the red square?,yes,yes,CORRECT
2025-12-22 18:55:32,4,/home/kkarthikeyan/deep-learning/DeepLearningProject/Synthetic-Data/vlm_levels/level_4/images/00017_b.png,PRIMARY,left_of,Is the red square left of the yellow circle?,yes,yes,CORRECT
2025-12-22 18:55:32,4,/home/kkarthikeyan/deep-learning/DeepLearningProject/Synthetic-Data/vlm_levels/level_4/images/00017_b.png,PRIMARY,below,Is the yellow circle below the red square?,yes,yes,CORRECT
2025-12-22 18:55:32,4,/home/kkarthikeyan/deep-learning/DeepLearningProject/Synthetic-Data/vlm_levels/level_4/images/00017_b.png,PRIMARY,above,Is the red square above the yellow circle?,yes,yes,CORRECT
2025-12-22 18:55:32,4,/home/kkarthikeyan/deep-learning/DeepLearningProject/Synthetic-Data/vlm_levels/level_4/images/00017_b.png,PRIMARY,left_of,Is the pink star left of the yellow circle?,yes,yes,CORRECT
2025-12-22 18:55:33,4,/home/kkarthikeyan/deep-learning/DeepLearningProject/Synthetic-Data/vlm_levels/level_4/images/00017_b.png,ADVANCED,inside,Is the red square contained within the cyan star?,no,yes,INCORRECT
2025-12-22 18:55:33,4,/home/kkarthikeyan/deep-learning/DeepLearningProject/Synthetic-Data/vlm_levels/level_4/images/00017_b.png,PRIMARY,left_of,Is the pink star to the left of the red square?,no,yes,INCORRECT
2025-12-22 18:55:33,4,/home/kkarthikeyan/deep-learning/DeepLearningProject/Synthetic-Data/vlm_levels/level_4/images/00017_b.png,ADVANCED,touching,Is the yellow circle touching the red square?,no,no,CORRECT
2025-12-22 18:55:33,4,/home/kkarthikeyan/deep-learning/DeepLearningProject/Synthetic-Data/vlm_levels/level_4/images/00017_b.png,PRIMARY,above,Is the yellow circle above the pink star?,no,yes,INCORRECT
2025-12-22 18:55:34,4,/home/kkarthikeyan/deep-learning/DeepLearningProject/Synthetic-Data/vlm_levels/level_4/images/00017_b.png,ADVANCED,touching,Is the red square touching the cyan star?,no,yes,INCORRECT
2025-12-22 18:55:34,4,/home/kkarthikeyan/deep-learning/DeepLearningProject/Synthetic-Data/vlm_levels/level_4/images/00003_w.png,PRIMARY,above,Is the blue star above the purple star?,yes,yes,CORRECT
2025-12-22 18:55:34,4,/home/kkarthikeyan/deep-learning/DeepLearningProject/Synthetic-Data/vlm_levels/level_4/images/00003_w.png,PRIMARY,below,Is the purple star below the blue star?,yes,yes,CORRECT
2025-12-22 18:55:34,4,/home/kkarthikeyan/deep-learning/DeepLearningProject/Synthetic-Data/vlm_levels/level_4/images/00003_w.png,PRIMARY,above,Is the blue star above the orange square?,yes,yes,CORRECT
2025-12-22 18:55:35,4,/home/kkarthikeyan/deep-learning/DeepLearningProject/Synthetic-Data/vlm_levels/level_4/images/00003_w.png,PRIMARY,below,Is the orange square below the blue star?,yes,yes,CORRECT
2025-12-22 18:55:35,4,/home/kkarthikeyan/deep-learning/DeepLearningProject/Synthetic-Data/vlm_levels/level_4/images/00003_w.png,PRIMARY,below,Is the orange square below the yellow triangle?,yes,yes,CORRECT
2025-12-22 18:55:35,4,/home/kkarthikeyan/deep-learning/DeepLearningProject/Synthetic-Data/vlm_levels/level_4/images/00003_w.png,ADVANCED,inside,Is the blue star contained within the orange square?,no,yes,INCORRECT
2025-12-22 18:55:35,4,/home/kkarthikeyan/deep-learning/DeepLearningProject/Synthetic-Data/vlm_levels/level_4/images/00003_w.png,ADVANCED,touching,Is the yellow triangle touching the purple star?,no,yes,INCORRECT
2025-12-22 18:55:36,4,/home/kkarthikeyan/deep-learning/DeepLearningProject/Synthetic-Data/vlm_levels/level_4/images/00003_w.png,ADVANCED,inside,Is the purple star fully inside the orange square?,no,no,CORRECT
2025-12-22 18:55:36,4,/home/kkarthikeyan/deep-learning/DeepLearningProject/Synthetic-Data/vlm_levels/level_4/images/00003_w.png,PRIMARY,right_of,Is the orange square right of the blue star?,no,yes,INCORRECT
2025-12-22 18:55:36,4,/home/kkarthikeyan/deep-learning/DeepLearningProject/Synthetic-Data/vlm_levels/level_4/images/00003_w.png,PRIMARY,above,Is the orange square above the blue star?,no,yes,INCORRECT
2025-12-22 18:55:36,4,/home/kkarthikeyan/deep-learning/DeepLearningProject/Synthetic-Data/vlm_levels/level_4/images/00012_w.png,PRIMARY,above,Is the red square above the orange triangle?,yes,yes,CORRECT
2025-12-22 18:55:37,4,/home/kkarthikeyan/deep-learning/DeepLearningProject/Synthetic-Data/vlm_levels/level_4/images/00012_w.png,PRIMARY,below,Is the orange triangle below the red square?,yes,yes,CORRECT
2025-12-22 18:55:37,4,/home/kkarthikeyan/deep-learning/DeepLearningProject/Synthetic-Data/vlm_levels/level_4/images/00012_w.png,PRIMARY,above,Is the red square above the lime triangle?,yes,yes,CORRECT
2025-12-22 18:55:37,4,/home/kkarthikeyan/deep-learning/DeepLearningProject/Synthetic-Data/vlm_levels/level_4/images/00012_w.png,PRIMARY,below,Is the lime triangle below the red square?,yes,yes,CORRECT
2025-12-22 18:55:38,4,/home/kkarthikeyan/deep-learning/DeepLearningProject/Synthetic-Data/vlm_levels/level_4/images/00012_w.png,PRIMARY,right_of,Is the red square right of the lime triangle?,yes,yes,CORRECT
2025-12-22 18:55:38,4,/home/kkarthikeyan/deep-learning/DeepLearningProject/Synthetic-Data/vlm_levels/level_4/images/00012_w.png,ADVANCED,touching,Is the lime triangle touching the blue star?,no,yes,INCORRECT
2025-12-22 18:55:38,4,/home/kkarthikeyan/deep-learning/DeepLearningProject/Synthetic-Data/vlm_levels/level_4/images/00012_w.png,ADVANCED,overlapping,Is the lime triangle partially covering the orange triangle?,no,yes,INCORRECT
2025-12-22 18:55:38,4,/home/kkarthikeyan/deep-learning/DeepLearningProject/Synthetic-Data/vlm_levels/level_4/images/00012_w.png,ADVANCED,touching,Is the orange triangle touching the lime triangle?,no,yes,INCORRECT
2025-12-22 18:55:39,4,/home/kkarthikeyan/deep-learning/DeepLearningProject/Synthetic-Data/vlm_levels/level_4/images/00012_w.png,PRIMARY,left_of,Is the red square to the left of the lime triangle?,no,yes,INCORRECT
2025-12-22 18:55:39,4,/home/kkarthikeyan/deep-learning/DeepLearningProject/Synthetic-Data/vlm_levels/level_4/images/00012_w.png,ADVANCED,overlapping,Is the lime triangle overlapping with the orange triangle?,no,yes,INCORRECT
2025-12-22 18:55:39,5,/home/kkarthikeyan/deep-learning/DeepLearningProject/Synthetic-Data/vlm_levels/level_5/images/00007_w.png,PRIMARY,above,Is the red star above the orange circle?,yes,yes,CORRECT
2025-12-22 18:55:39,5,/home/kkarthikeyan/deep-learning/DeepLearningProject/Synthetic-Data/vlm_levels/level_5/images/00007_w.png,PRIMARY,below,Is the orange circle below the red star?,yes,yes,CORRECT
2025-12-22 18:55:40,5,/home/kkarthikeyan/deep-learning/DeepLearningProject/Synthetic-Data/vlm_levels/level_5/images/00007_w.png,PRIMARY,right_of,Is the red star to the right of the pink square?,yes,yes,CORRECT
2025-12-22 18:55:40,5,/home/kkarthikeyan/deep-learning/DeepLearningProject/Synthetic-Data/vlm_levels/level_5/images/00007_w.png,PRIMARY,left_of,Is the pink square left of the red star?,yes,yes,CORRECT
2025-12-22 18:55:40,5,/home/kkarthikeyan/deep-learning/DeepLearningProject/Synthetic-Data/vlm_levels/level_5/images/00007_w.png,PRIMARY,below,Is the yellow circle below the lime square?,yes,yes,CORRECT
2025-12-22 18:55:40,5,/home/kkarthikeyan/deep-learning/DeepLearningProject/Synthetic-Data/vlm_levels/level_5/images/00007_w.png,PRIMARY,right_of,Is the pink square right of the red star?,no,yes,INCORRECT
2025-12-22 18:55:41,5,/home/kkarthikeyan/deep-learning/DeepLearningProject/Synthetic-Data/vlm_levels/level_5/images/00007_w.png,PRIMARY,left_of,Is the red star left of the pink square?,no,yes,INCORRECT
2025-12-22 18:55:41,5,/home/kkarthikeyan/deep-learning/DeepLearningProject/Synthetic-Data/vlm_levels/level_5/images/00007_w.png,PRIMARY,below,Is the pink square below the orange circle?,no,yes,INCORRECT
2025-12-22 18:55:41,5,/home/kkarthikeyan/deep-learning/DeepLearningProject/Synthetic-Data/vlm_levels/level_5/images/00007_w.png,PRIMARY,left_of,Is the yellow circle to the left of the orange circle?,no,yes,INCORRECT
2025-12-22 18:55:41,5,/home/kkarthikeyan/deep-learning/DeepLearningProject/Synthetic-Data/vlm_levels/level_5/images/00007_w.png,PRIMARY,above,Is the yellow circle above the lime square?,no,yes,INCORRECT
2025-12-22 18:55:42,5,/home/kkarthikeyan/deep-learning/DeepLearningProject/Synthetic-Data/vlm_levels/level_5/images/00016_w.png,PRIMARY,above,Is the lime star above the green square?,yes,yes,CORRECT
2025-12-22 18:55:42,5,/home/kkarthikeyan/deep-learning/DeepLearningProject/Synthetic-Data/vlm_levels/level_5/images/00016_w.png,PRIMARY,below,Is the green square below the lime star?,yes,yes,CORRECT
2025-12-22 18:55:42,5,/home/kkarthikeyan/deep-learning/DeepLearningProject/Synthetic-Data/vlm_levels/level_5/images/00016_w.png,PRIMARY,left_of,Is the purple triangle to the left of the blue circle?,yes,yes,CORRECT
2025-12-22 18:55:42,5,/home/kkarthikeyan/deep-learning/DeepLearningProject/Synthetic-Data/vlm_levels/level_5/images/00016_w.png,PRIMARY,right_of,Is the blue circle right of the purple triangle?,yes,yes,CORRECT
2025-12-22 18:55:43,5,/home/kkarthikeyan/deep-learning/DeepLearningProject/Synthetic-Data/vlm_levels/level_5/images/00016_w.png,ADVANCED,touching,Is the blue circle touching the lime star?,yes,yes,CORRECT
2025-12-22 18:55:43,5,/home/kkarthikeyan/deep-learning/DeepLearningProject/Synthetic-Data/vlm_levels/level_5/images/00016_w.png,PRIMARY,left_of,Is the blue circle left of the green square?,no,yes,INCORRECT
2025-12-22 18:55:43,5,/home/kkarthikeyan/deep-learning/DeepLearningProject/Synthetic-Data/vlm_levels/level_5/images/00016_w.png,ADVANCED,inside,Is the purple triangle contained within the blue circle?,no,yes,INCORRECT
2025-12-22 18:55:43,5,/home/kkarthikeyan/deep-learning/DeepLearningProject/Synthetic-Data/vlm_levels/level_5/images/00016_w.png,ADVANCED,touching,Is the lime star touching the purple triangle?,no,yes,INCORRECT
2025-12-22 18:55:44,5,/home/kkarthikeyan/deep-learning/DeepLearningProject/Synthetic-Data/vlm_levels/level_5/images/00016_w.png,ADVANCED,touching,Is the purple triangle touching the orange triangle?,no,yes,INCORRECT
2025-12-22 18:55:44,5,/home/kkarthikeyan/deep-learning/DeepLearningProject/Synthetic-Data/vlm_levels/level_5/images/00016_w.png,ADVANCED,overlapping,Is the blue circle partially covering the orange triangle?,no,yes,INCORRECT
2025-12-22 18:55:44,5,/home/kkarthikeyan/deep-learning/DeepLearningProject/Synthetic-Data/vlm_levels/level_5/images/00010_b.png,ADVANCED,touching,Is the blue circle touching the orange star?,yes,yes,CORRECT
2025-12-22 18:55:44,5,/home/kkarthikeyan/deep-learning/DeepLearningProject/Synthetic-Data/vlm_levels/level_5/images/00010_b.png,ADVANCED,touching,Is the orange star touching the blue circle?,yes,yes,CORRECT
2025-12-22 18:55:45,5,/home/kkarthikeyan/deep-learning/DeepLearningProject/Synthetic-Data/vlm_levels/level_5/images/00010_b.png,PRIMARY,above,Is the pink circle above the cyan star?,yes,yes,CORRECT
2025-12-22 18:55:45,5,/home/kkarthikeyan/deep-learning/DeepLearningProject/Synthetic-Data/vlm_levels/level_5/images/00010_b.png,PRIMARY,below,Is the cyan star below the pink circle?,yes,yes,CORRECT
2025-12-22 18:55:45,5,/home/kkarthikeyan/deep-learning/DeepLearningProject/Synthetic-Data/vlm_levels/level_5/images/00010_b.png,ADVANCED,overlapping,Is the pink circle partially covering the yellow square?,no,yes,INCORRECT
2025-12-22 18:55:45,5,/home/kkarthikeyan/deep-learning/DeepLearningProject/Synthetic-Data/vlm_levels/level_5/images/00010_b.png,ADVANCED,touching,Is the yellow square touching the pink circle?,no,yes,INCORRECT
2025-12-22 18:55:46,5,/home/kkarthikeyan/deep-learning/DeepLearningProject/Synthetic-Data/vlm_levels/level_5/images/00010_b.png,PRIMARY,right_of,Is the pink circle right of the yellow square?,no,yes,INCORRECT
2025-12-22 18:55:46,5,/home/kkarthikeyan/deep-learning/DeepLearningProject/Synthetic-Data/vlm_levels/level_5/images/00010_b.png,ADVANCED,overlapping,Is the orange star partially covering the yellow square?,no,yes,INCORRECT
2025-12-22 18:55:46,5,/home/kkarthikeyan/deep-learning/DeepLearningProject/Synthetic-Data/vlm_levels/level_5/images/00010_b.png,PRIMARY,above,Is the orange star above the pink circle?,no,yes,INCORRECT
2025-12-22 18:55:46,5,/home/kkarthikeyan/deep-learning/DeepLearningProject/Synthetic-Data/vlm_levels/level_5/images/00018_b.png,PRIMARY,right_of,Is the blue star right of the pink circle?,yes,yes,CORRECT
2025-12-22 18:55:47,5,/home/kkarthikeyan/deep-learning/DeepLearningProject/Synthetic-Data/vlm_levels/level_5/images/00018_b.png,PRIMARY,left_of,Is the pink circle left of the blue star?,yes,yes,CORRECT
2025-12-22 18:55:47,5,/home/kkarthikeyan/deep-learning/DeepLearningProject/Synthetic-Data/vlm_levels/level_5/images/00018_b.png,PRIMARY,above,Is the orange star above the blue star?,yes,yes,CORRECT
2025-12-22 18:55:47,5,/home/kkarthikeyan/deep-learning/DeepLearningProject/Synthetic-Data/vlm_levels/level_5/images/00018_b.png,PRIMARY,below,Is the blue star below the orange star?,yes,yes,CORRECT
2025-12-22 18:55:48,5,/home/kkarthikeyan/deep-learning/DeepLearningProject/Synthetic-Data/vlm_levels/level_5/images/00018_b.png,PRIMARY,left_of,Is the cyan square to the left of the lime square?,yes,yes,CORRECT
2025-12-22 18:55:48,5,/home/kkarthikeyan/deep-learning/DeepLearningProject/Synthetic-Data/vlm_levels/level_5/images/00018_b.png,PRIMARY,right_of,Is the pink circle to the right of the lime square?,no,yes,INCORRECT
2025-12-22 18:55:48,5,/home/kkarthikeyan/deep-learning/DeepLearningProject/Synthetic-Data/vlm_levels/level_5/images/00018_b.png,ADVANCED,touching,Is the orange star touching the lime square?,no,yes,INCORRECT
2025-12-22 18:55:48,5,/home/kkarthikeyan/deep-learning/DeepLearningProject/Synthetic-Data/vlm_levels/level_5/images/00018_b.png,ADVANCED,inside,Is the cyan square contained within the lime square?,no,yes,INCORRECT
2025-12-22 18:55:49,5,/home/kkarthikeyan/deep-learning/DeepLearningProject/Synthetic-Data/vlm_levels/level_5/images/00018_b.png,PRIMARY,left_of,Is the blue star to the left of the lime square?,no,yes,INCORRECT
2025-12-22 18:55:49,5,/home/kkarthikeyan/deep-learning/DeepLearningProject/Synthetic-Data/vlm_levels/level_5/images/00018_b.png,PRIMARY,above,Is the blue star above the orange star?,no,yes,INCORRECT
2025-12-22 18:55:49,5,/home/kkarthikeyan/deep-learning/DeepLearningProject/Synthetic-Data/vlm_levels/level_5/images/00004_w.png,PRIMARY,right_of,Is the blue square to the right of the green triangle?,yes,yes,CORRECT
2025-12-22 18:55:49,5,/home/kkarthikeyan/deep-learning/DeepLearningProject/Synthetic-Data/vlm_levels/level_5/images/00004_w.png,PRIMARY,left_of,Is the green triangle to the left of the blue square?,yes,yes,CORRECT
2025-12-22 18:55:50,5,/home/kkarthikeyan/deep-learning/DeepLearningProject/Synthetic-Data/vlm_levels/level_5/images/00004_w.png,PRIMARY,left_of,Is the lime circle left of the yellow star?,yes,yes,CORRECT
2025-12-22 18:55:50,5,/home/kkarthikeyan/deep-learning/DeepLearningProject/Synthetic-Data/vlm_levels/level_5/images/00004_w.png,PRIMARY,right_of,Is the yellow star to the right of the lime circle?,yes,yes,CORRECT
2025-12-22 18:55:50,5,/home/kkarthikeyan/deep-learning/DeepLearningProject/Synthetic-Data/vlm_levels/level_5/images/00004_w.png,PRIMARY,above,Is the yellow star above the green triangle?,yes,yes,CORRECT
2025-12-22 18:55:50,5,/home/kkarthikeyan/deep-learning/DeepLearningProject/Synthetic-Data/vlm_levels/level_5/images/00004_w.png,PRIMARY,right_of,Is the blue square to the right of the yellow star?,no,no,CORRECT
2025-12-22 18:55:51,5,/home/kkarthikeyan/deep-learning/DeepLearningProject/Synthetic-Data/vlm_levels/level_5/images/00004_w.png,ADVANCED,overlapping,Is the green triangle partially covering the lime circle?,no,yes,INCORRECT
2025-12-22 18:55:51,5,/home/kkarthikeyan/deep-learning/DeepLearningProject/Synthetic-Data/vlm_levels/level_5/images/00004_w.png,PRIMARY,below,Is the green triangle below the blue square?,no,yes,INCORRECT
2025-12-22 18:55:51,5,/home/kkarthikeyan/deep-learning/DeepLearningProject/Synthetic-Data/vlm_levels/level_5/images/00004_w.png,ADVANCED,touching,Is the blue square touching the yellow star?,no,yes,INCORRECT
2025-12-22 18:55:51,5,/home/kkarthikeyan/deep-learning/DeepLearningProject/Synthetic-Data/vlm_levels/level_5/images/00004_w.png,PRIMARY,below,Is the lime circle below the green triangle?,no,yes,INCORRECT
2025-12-22 18:55:52,5,/home/kkarthikeyan/deep-learning/DeepLearningProject/Synthetic-Data/vlm_levels/level_5/images/00008_w.png,PRIMARY,right_of,Is the blue star right of the lime star?,yes,yes,CORRECT
2025-12-22 18:55:52,5,/home/kkarthikeyan/deep-learning/DeepLearningProject/Synthetic-Data/vlm_levels/level_5/images/00008_w.png,PRIMARY,left_of,Is the lime star to the left of the blue star?,yes,yes,CORRECT
2025-12-22 18:55:52,5,/home/kkarthikeyan/deep-learning/DeepLearningProject/Synthetic-Data/vlm_levels/level_5/images/00008_w.png,PRIMARY,right_of,Is the blue star right of the green triangle?,yes,yes,CORRECT
2025-12-22 18:55:52,5,/home/kkarthikeyan/deep-learning/DeepLearningProject/Synthetic-Data/vlm_levels/level_5/images/00008_w.png,PRIMARY,left_of,Is the green triangle to the left of the blue star?,yes,yes,CORRECT
2025-12-22 18:55:53,5,/home/kkarthikeyan/deep-learning/DeepLearningProject/Synthetic-Data/vlm_levels/level_5/images/00008_w.png,PRIMARY,left_of,Is the red square to the left of the green triangle?,yes,yes,CORRECT
2025-12-22 18:55:53,5,/home/kkarthikeyan/deep-learning/DeepLearningProject/Synthetic-Data/vlm_levels/level_5/images/00008_w.png,ADVANCED,overlapping,Is the pink star overlapping with the lime star?,no,yes,INCORRECT
2025-12-22 18:55:53,5,/home/kkarthikeyan/deep-learning/DeepLearningProject/Synthetic-Data/vlm_levels/level_5/images/00008_w.png,ADVANCED,inside,Is the green triangle enclosed by the red square?,no,yes,INCORRECT
2025-12-22 18:55:53,5,/home/kkarthikeyan/deep-learning/DeepLearningProject/Synthetic-Data/vlm_levels/level_5/images/00008_w.png,ADVANCED,touching,Is the green triangle touching the red square?,no,no,CORRECT
2025-12-22 18:55:54,5,/home/kkarthikeyan/deep-learning/DeepLearningProject/Synthetic-Data/vlm_levels/level_5/images/00008_w.png,ADVANCED,overlapping,Is the red square partially covering the pink star?,no,yes,INCORRECT
2025-12-22 18:55:54,5,/home/kkarthikeyan/deep-learning/DeepLearningProject/Synthetic-Data/vlm_levels/level_5/images/00008_w.png,PRIMARY,left_of,Is the pink star left of the blue star?,no,yes,INCORRECT
2025-12-22 18:55:54,5,/home/kkarthikeyan/deep-learning/DeepLearningProject/Synthetic-Data/vlm_levels/level_5/images/00015_w.png,PRIMARY,above,Is the green square above the pink star?,yes,yes,CORRECT
2025-12-22 18:55:54,5,/home/kkarthikeyan/deep-learning/DeepLearningProject/Synthetic-Data/vlm_levels/level_5/images/00015_w.png,PRIMARY,below,Is the pink star below the green square?,yes,yes,CORRECT
2025-12-22 18:55:55,5,/home/kkarthikeyan/deep-learning/DeepLearningProject/Synthetic-Data/vlm_levels/level_5/images/00015_w.png,ADVANCED,touching,Is the red triangle touching the pink star?,yes,yes,CORRECT
2025-12-22 18:55:55,5,/home/kkarthikeyan/deep-learning/DeepLearningProject/Synthetic-Data/vlm_levels/level_5/images/00015_w.png,ADVANCED,touching,Is the pink star touching the red triangle?,yes,yes,CORRECT
2025-12-22 18:55:55,5,/home/kkarthikeyan/deep-learning/DeepLearningProject/Synthetic-Data/vlm_levels/level_5/images/00015_w.png,PRIMARY,above,Is the cyan square above the pink star?,yes,yes,CORRECT
2025-12-22 18:55:55,5,/home/kkarthikeyan/deep-learning/DeepLearningProject/Synthetic-Data/vlm_levels/level_5/images/00015_w.png,PRIMARY,right_of,Is the pink star right of the red triangle?,no,yes,INCORRECT
2025-12-22 18:55:56,5,/home/kkarthikeyan/deep-learning/DeepLearningProject/Synthetic-Data/vlm_levels/level_5/images/00015_w.png,PRIMARY,below,Is the yellow triangle below the red triangle?,no,yes,INCORRECT
2025-12-22 18:55:56,5,/home/kkarthikeyan/deep-learning/DeepLearningProject/Synthetic-Data/vlm_levels/level_5/images/00015_w.png,ADVANCED,touching,Is the green square touching the cyan square?,no,no,CORRECT
2025-12-22 18:55:56,5,/home/kkarthikeyan/deep-learning/DeepLearningProject/Synthetic-Data/vlm_levels/level_5/images/00015_w.png,ADVANCED,inside,Is the cyan square contained within the pink star?,no,yes,INCORRECT
2025-12-22 18:55:56,5,/home/kkarthikeyan/deep-learning/DeepLearningProject/Synthetic-Data/vlm_levels/level_5/images/00015_w.png,PRIMARY,above,Is the yellow triangle above the red triangle?,no,yes,INCORRECT
2025-12-22 18:55:57,5,/home/kkarthikeyan/deep-learning/DeepLearningProject/Synthetic-Data/vlm_levels/level_5/images/00013_w.png,PRIMARY,right_of,Is the blue star to the right of the red triangle?,yes,yes,CORRECT
2025-12-22 18:55:57,5,/home/kkarthikeyan/deep-learning/DeepLearningProject/Synthetic-Data/vlm_levels/level_5/images/00013_w.png,PRIMARY,left_of,Is the red triangle to the left of the blue star?,yes,yes,CORRECT
2025-12-22 18:55:57,5,/home/kkarthikeyan/deep-learning/DeepLearningProject/Synthetic-Data/vlm_levels/level_5/images/00013_w.png,PRIMARY,above,Is the red triangle above the blue star?,yes,yes,CORRECT
2025-12-22 18:55:57,5,/home/kkarthikeyan/deep-learning/DeepLearningProject/Synthetic-Data/vlm_levels/level_5/images/00013_w.png,PRIMARY,below,Is the blue star below the red triangle?,yes,yes,CORRECT
2025-12-22 18:55:58,5,/home/kkarthikeyan/deep-learning/DeepLearningProject/Synthetic-Data/vlm_levels/level_5/images/00013_w.png,PRIMARY,below,Is the purple square below the cyan star?,yes,yes,CORRECT
2025-12-22 18:55:58,5,/home/kkarthikeyan/deep-learning/DeepLearningProject/Synthetic-Data/vlm_levels/level_5/images/00013_w.png,PRIMARY,right_of,Is the lime star to the right of the cyan star?,no,yes,INCORRECT
2025-12-22 18:55:58,5,/home/kkarthikeyan/deep-learning/DeepLearningProject/Synthetic-Data/vlm_levels/level_5/images/00013_w.png,PRIMARY,below,Is the cyan star below the blue star?,no,yes,INCORRECT
2025-12-22 18:55:59,5,/home/kkarthikeyan/deep-learning/DeepLearningProject/Synthetic-Data/vlm_levels/level_5/images/00013_w.png,ADVANCED,touching,Is the cyan star touching the purple square?,no,yes,INCORRECT
2025-12-22 18:55:59,5,/home/kkarthikeyan/deep-learning/DeepLearningProject/Synthetic-Data/vlm_levels/level_5/images/00013_w.png,PRIMARY,above,Is the lime star above the red triangle?,no,yes,INCORRECT
2025-12-22 18:55:59,5,/home/kkarthikeyan/deep-learning/DeepLearningProject/Synthetic-Data/vlm_levels/level_5/images/00013_w.png,ADVANCED,touching,Is the cyan star touching the red triangle?,no,yes,INCORRECT
2025-12-22 18:55:59,5,/home/kkarthikeyan/deep-learning/DeepLearningProject/Synthetic-Data/vlm_levels/level_5/images/00008_b.png,PRIMARY,left_of,Is the lime star to the left of the green triangle?,yes,yes,CORRECT
2025-12-22 18:56:00,5,/home/kkarthikeyan/deep-learning/DeepLearningProject/Synthetic-Data/vlm_levels/level_5/images/00008_b.png,PRIMARY,right_of,Is the green triangle right of the lime star?,yes,yes,CORRECT
2025-12-22 18:56:00,5,/home/kkarthikeyan/deep-learning/DeepLearningProject/Synthetic-Data/vlm_levels/level_5/images/00008_b.png,PRIMARY,right_of,Is the pink star to the right of the blue star?,yes,yes,CORRECT
2025-12-22 18:56:00,5,/home/kkarthikeyan/deep-learning/DeepLearningProject/Synthetic-Data/vlm_levels/level_5/images/00008_b.png,PRIMARY,left_of,Is the blue star left of the pink star?,yes,yes,CORRECT
2025-12-22 18:56:00,5,/home/kkarthikeyan/deep-learning/DeepLearningProject/Synthetic-Data/vlm_levels/level_5/images/00008_b.png,PRIMARY,below,Is the blue star below the red square?,yes,yes,CORRECT
2025-12-22 18:56:01,5,/home/kkarthikeyan/deep-learning/DeepLearningProject/Synthetic-Data/vlm_levels/level_5/images/00008_b.png,ADVANCED,inside,Is the red square fully inside the lime star?,no,no,CORRECT
2025-12-22 18:56:01,5,/home/kkarthikeyan/deep-learning/DeepLearningProject/Synthetic-Data/vlm_levels/level_5/images/00008_b.png,ADVANCED,inside,Is the pink star fully inside the green triangle?,no,no,CORRECT
2025-12-22 18:56:01,5,/home/kkarthikeyan/deep-learning/DeepLearningProject/Synthetic-Data/vlm_levels/level_5/images/00008_b.png,PRIMARY,right_of,Is the lime star to the right of the blue star?,no,yes,INCORRECT
2025-12-22 18:56:01,5,/home/kkarthikeyan/deep-learning/DeepLearningProject/Synthetic-Data/vlm_levels/level_5/images/00008_b.png,ADVANCED,overlapping,Is the pink star overlapping with the blue star?,no,yes,INCORRECT
2025-12-22 18:56:02,5,/home/kkarthikeyan/deep-learning/DeepLearningProject/Synthetic-Data/vlm_levels/level_5/images/00008_b.png,ADVANCED,inside,Is the red square fully inside the green triangle?,no,no,CORRECT
2025-12-22 18:56:02,5,/home/kkarthikeyan/deep-learning/DeepLearningProject/Synthetic-Data/vlm_levels/level_5/images/00014_w.png,PRIMARY,right_of,Is the pink circle to the right of the orange triangle?,yes,yes,CORRECT
2025-12-22 18:56:02,5,/home/kkarthikeyan/deep-learning/DeepLearningProject/Synthetic-Data/vlm_levels/level_5/images/00014_w.png,PRIMARY,left_of,Is the orange triangle to the left of the pink circle?,yes,yes,CORRECT
2025-12-22 18:56:02,5,/home/kkarthikeyan/deep-learning/DeepLearningProject/Synthetic-Data/vlm_levels/level_5/images/00014_w.png,PRIMARY,above,Is the pink circle above the lime triangle?,yes,yes,CORRECT
2025-12-22 18:56:03,5,/home/kkarthikeyan/deep-learning/DeepLearningProject/Synthetic-Data/vlm_levels/level_5/images/00014_w.png,PRIMARY,below,Is the lime triangle below the pink circle?,yes,yes,CORRECT
2025-12-22 18:56:03,5,/home/kkarthikeyan/deep-learning/DeepLearningProject/Synthetic-Data/vlm_levels/level_5/images/00014_w.png,PRIMARY,left_of,Is the cyan square to the left of the orange triangle?,yes,yes,CORRECT
2025-12-22 18:56:03,5,/home/kkarthikeyan/deep-learning/DeepLearningProject/Synthetic-Data/vlm_levels/level_5/images/00014_w.png,ADVANCED,inside,Is the cyan square enclosed by the green square?,no,yes,INCORRECT
2025-12-22 18:56:03,5,/home/kkarthikeyan/deep-learning/DeepLearningProject/Synthetic-Data/vlm_levels/level_5/images/00014_w.png,PRIMARY,below,Is the orange triangle below the green square?,no,yes,INCORRECT
2025-12-22 18:56:04,5,/home/kkarthikeyan/deep-learning/DeepLearningProject/Synthetic-Data/vlm_levels/level_5/images/00014_w.png,PRIMARY,right_of,Is the cyan square right of the green square?,no,yes,INCORRECT
2025-12-22 18:56:04,5,/home/kkarthikeyan/deep-learning/DeepLearningProject/Synthetic-Data/vlm_levels/level_5/images/00014_w.png,ADVANCED,touching,Is the lime triangle touching the cyan square?,no,yes,INCORRECT
2025-12-22 18:56:04,5,/home/kkarthikeyan/deep-learning/DeepLearningProject/Synthetic-Data/vlm_levels/level_5/images/00014_w.png,ADVANCED,overlapping,Is the green square overlapping with the pink circle?,no,yes,INCORRECT
2025-12-22 18:56:04,5,/home/kkarthikeyan/deep-learning/DeepLearningProject/Synthetic-Data/vlm_levels/level_5/images/00006_w.png,PRIMARY,right_of,Is the red square right of the blue triangle?,yes,yes,CORRECT
2025-12-22 18:56:05,5,/home/kkarthikeyan/deep-learning/DeepLearningProject/Synthetic-Data/vlm_levels/level_5/images/00006_w.png,PRIMARY,left_of,Is the blue triangle to the left of the red square?,yes,yes,CORRECT
2025-12-22 18:56:05,5,/home/kkarthikeyan/deep-learning/DeepLearningProject/Synthetic-Data/vlm_levels/level_5/images/00006_w.png,PRIMARY,left_of,Is the orange star left of the blue triangle?,yes,yes,CORRECT
2025-12-22 18:56:05,5,/home/kkarthikeyan/deep-learning/DeepLearningProject/Synthetic-Data/vlm_levels/level_5/images/00006_w.png,PRIMARY,right_of,Is the blue triangle right of the orange star?,yes,yes,CORRECT
2025-12-22 18:56:05,5,/home/kkarthikeyan/deep-learning/DeepLearningProject/Synthetic-Data/vlm_levels/level_5/images/00006_w.png,PRIMARY,above,Is the blue triangle above the orange star?,yes,yes,CORRECT
2025-12-22 18:56:06,5,/home/kkarthikeyan/deep-learning/DeepLearningProject/Synthetic-Data/vlm_levels/level_5/images/00006_w.png,ADVANCED,overlapping,Is the orange star overlapping with the yellow square?,no,yes,INCORRECT
2025-12-22 18:56:06,5,/home/kkarthikeyan/deep-learning/DeepLearningProject/Synthetic-Data/vlm_levels/level_5/images/00006_w.png,ADVANCED,touching,Is the blue triangle touching the orange star?,no,yes,INCORRECT
2025-12-22 18:56:06,5,/home/kkarthikeyan/deep-learning/DeepLearningProject/Synthetic-Data/vlm_levels/level_5/images/00006_w.png,PRIMARY,above,Is the blue triangle above the yellow square?,no,yes,INCORRECT
2025-12-22 18:56:06,5,/home/kkarthikeyan/deep-learning/DeepLearningProject/Synthetic-Data/vlm_levels/level_5/images/00006_w.png,PRIMARY,right_of,Is the blue triangle to the right of the lime square?,no,yes,INCORRECT
2025-12-22 18:56:07,5,/home/kkarthikeyan/deep-learning/DeepLearningProject/Synthetic-Data/vlm_levels/level_5/images/00006_w.png,ADVANCED,touching,Is the red square touching the lime square?,no,yes,INCORRECT
2025-12-22 18:56:07,5,/home/kkarthikeyan/deep-learning/DeepLearningProject/Synthetic-Data/vlm_levels/level_5/images/00011_b.png,PRIMARY,left_of,Is the purple triangle left of the red triangle?,yes,yes,CORRECT
2025-12-22 18:56:07,5,/home/kkarthikeyan/deep-learning/DeepLearningProject/Synthetic-Data/vlm_levels/level_5/images/00011_b.png,PRIMARY,right_of,Is the red triangle right of the purple triangle?,yes,yes,CORRECT
2025-12-22 18:56:07,5,/home/kkarthikeyan/deep-learning/DeepLearningProject/Synthetic-Data/vlm_levels/level_5/images/00011_b.png,PRIMARY,below,Is the yellow star below the cyan star?,yes,yes,CORRECT
2025-12-22 18:56:08,5,/home/kkarthikeyan/deep-learning/DeepLearningProject/Synthetic-Data/vlm_levels/level_5/images/00011_b.png,PRIMARY,above,Is the cyan star above the yellow star?,yes,yes,CORRECT
2025-12-22 18:56:08,5,/home/kkarthikeyan/deep-learning/DeepLearningProject/Synthetic-Data/vlm_levels/level_5/images/00011_b.png,PRIMARY,above,Is the green square above the red triangle?,yes,yes,CORRECT
2025-12-22 18:56:08,5,/home/kkarthikeyan/deep-learning/DeepLearningProject/Synthetic-Data/vlm_levels/level_5/images/00011_b.png,PRIMARY,right_of,Is the cyan star to the right of the red triangle?,no,yes,INCORRECT
2025-12-22 18:56:08,5,/home/kkarthikeyan/deep-learning/DeepLearningProject/Synthetic-Data/vlm_levels/level_5/images/00011_b.png,ADVANCED,overlapping,Is the purple triangle partially covering the red triangle?,no,yes,INCORRECT
2025-12-22 18:56:09,5,/home/kkarthikeyan/deep-learning/DeepLearningProject/Synthetic-Data/vlm_levels/level_5/images/00011_b.png,PRIMARY,below,Is the yellow star below the red triangle?,no,yes,INCORRECT
2025-12-22 18:56:09,5,/home/kkarthikeyan/deep-learning/DeepLearningProject/Synthetic-Data/vlm_levels/level_5/images/00011_b.png,ADVANCED,overlapping,Is the yellow star overlapping with the cyan star?,no,yes,INCORRECT
2025-12-22 18:56:09,5,/home/kkarthikeyan/deep-learning/DeepLearningProject/Synthetic-Data/vlm_levels/level_5/images/00011_b.png,ADVANCED,overlapping,Is the red triangle overlapping with the purple triangle?,no,yes,INCORRECT
2025-12-22 18:56:10,5,/home/kkarthikeyan/deep-learning/DeepLearningProject/Synthetic-Data/vlm_levels/level_5/images/00003_b.png,PRIMARY,left_of,Is the red square to the left of the yellow square?,yes,yes,CORRECT
2025-12-22 18:56:10,5,/home/kkarthikeyan/deep-learning/DeepLearningProject/Synthetic-Data/vlm_levels/level_5/images/00003_b.png,PRIMARY,right_of,Is the yellow square right of the red square?,yes,yes,CORRECT
2025-12-22 18:56:10,5,/home/kkarthikeyan/deep-learning/DeepLearningProject/Synthetic-Data/vlm_levels/level_5/images/00003_b.png,PRIMARY,right_of,Is the cyan star right of the red square?,yes,yes,CORRECT
2025-12-22 18:56:10,5,/home/kkarthikeyan/deep-learning/DeepLearningProject/Synthetic-Data/vlm_levels/level_5/images/00003_b.png,PRIMARY,left_of,Is the red square left of the cyan star?,yes,yes,CORRECT
2025-12-22 18:56:11,5,/home/kkarthikeyan/deep-learning/DeepLearningProject/Synthetic-Data/vlm_levels/level_5/images/00003_b.png,ADVANCED,overlapping,Is the pink square overlapping with the yellow square?,yes,yes,CORRECT
2025-12-22 18:56:11,5,/home/kkarthikeyan/deep-learning/DeepLearningProject/Synthetic-Data/vlm_levels/level_5/images/00003_b.png,ADVANCED,overlapping,Is the red square partially covering the blue circle?,no,yes,INCORRECT
2025-12-22 18:56:11,5,/home/kkarthikeyan/deep-learning/DeepLearningProject/Synthetic-Data/vlm_levels/level_5/images/00003_b.png,PRIMARY,below,Is the pink square below the cyan star?,no,yes,INCORRECT
2025-12-22 18:56:11,5,/home/kkarthikeyan/deep-learning/DeepLearningProject/Synthetic-Data/vlm_levels/level_5/images/00003_b.png,ADVANCED,inside,Is the red square fully inside the pink square?,no,no,CORRECT
2025-12-22 18:56:12,5,/home/kkarthikeyan/deep-learning/DeepLearningProject/Synthetic-Data/vlm_levels/level_5/images/00003_b.png,ADVANCED,touching,Is the cyan star touching the red square?,no,yes,INCORRECT
2025-12-22 18:56:12,5,/home/kkarthikeyan/deep-learning/DeepLearningProject/Synthetic-Data/vlm_levels/level_5/images/00003_b.png,ADVANCED,touching,Is the red square touching the yellow square?,no,no,CORRECT
2025-12-22 18:56:12,5,/home/kkarthikeyan/deep-learning/DeepLearningProject/Synthetic-Data/vlm_levels/level_5/images/00014_b.png,PRIMARY,below,Is the lime triangle below the pink circle?,yes,yes,CORRECT
2025-12-22 18:56:12,5,/home/kkarthikeyan/deep-learning/DeepLearningProject/Synthetic-Data/vlm_levels/level_5/images/00014_b.png,PRIMARY,above,Is the pink circle above the lime triangle?,yes,yes,CORRECT
2025-12-22 18:56:13,5,/home/kkarthikeyan/deep-learning/DeepLearningProject/Synthetic-Data/vlm_levels/level_5/images/00014_b.png,PRIMARY,left_of,Is the orange triangle left of the pink circle?,yes,yes,CORRECT
2025-12-22 18:56:13,5,/home/kkarthikeyan/deep-learning/DeepLearningProject/Synthetic-Data/vlm_levels/level_5/images/00014_b.png,PRIMARY,right_of,Is the pink circle right of the orange triangle?,yes,yes,CORRECT
2025-12-22 18:56:13,5,/home/kkarthikeyan/deep-learning/DeepLearningProject/Synthetic-Data/vlm_levels/level_5/images/00014_b.png,PRIMARY,above,Is the pink circle above the cyan square?,yes,yes,CORRECT
2025-12-22 18:56:13,5,/home/kkarthikeyan/deep-learning/DeepLearningProject/Synthetic-Data/vlm_levels/level_5/images/00014_b.png,ADVANCED,touching,Is the green square touching the pink circle?,no,no,CORRECT
2025-12-22 18:56:14,5,/home/kkarthikeyan/deep-learning/DeepLearningProject/Synthetic-Data/vlm_levels/level_5/images/00014_b.png,ADVANCED,touching,Is the cyan square touching the pink circle?,no,yes,INCORRECT
2025-12-22 18:56:14,5,/home/kkarthikeyan/deep-learning/DeepLearningProject/Synthetic-Data/vlm_levels/level_5/images/00014_b.png,PRIMARY,right_of,Is the orange triangle to the right of the pink circle?,no,yes,INCORRECT
2025-12-22 18:56:14,5,/home/kkarthikeyan/deep-learning/DeepLearningProject/Synthetic-Data/vlm_levels/level_5/images/00014_b.png,PRIMARY,below,Is the lime triangle below the green square?,no,yes,INCORRECT
2025-12-22 18:56:14,5,/home/kkarthikeyan/deep-learning/DeepLearningProject/Synthetic-Data/vlm_levels/level_5/images/00014_b.png,PRIMARY,left_of,Is the pink circle left of the orange triangle?,no,yes,INCORRECT
2025-12-22 18:56:15,5,/home/kkarthikeyan/deep-learning/DeepLearningProject/Synthetic-Data/vlm_levels/level_5/images/00019_w.png,PRIMARY,below,Is the cyan star below the purple star?,yes,yes,CORRECT
2025-12-22 18:56:15,5,/home/kkarthikeyan/deep-learning/DeepLearningProject/Synthetic-Data/vlm_levels/level_5/images/00019_w.png,PRIMARY,above,Is the purple star above the cyan star?,yes,yes,CORRECT
2025-12-22 18:56:15,5,/home/kkarthikeyan/deep-learning/DeepLearningProject/Synthetic-Data/vlm_levels/level_5/images/00019_w.png,PRIMARY,right_of,Is the blue square right of the purple star?,yes,yes,CORRECT
2025-12-22 18:56:15,5,/home/kkarthikeyan/deep-learning/DeepLearningProject/Synthetic-Data/vlm_levels/level_5/images/00019_w.png,PRIMARY,left_of,Is the purple star to the left of the blue square?,yes,yes,CORRECT
2025-12-22 18:56:16,5,/home/kkarthikeyan/deep-learning/DeepLearningProject/Synthetic-Data/vlm_levels/level_5/images/00019_w.png,PRIMARY,below,Is the blue square below the lime triangle?,yes,yes,CORRECT
2025-12-22 18:56:16,5,/home/kkarthikeyan/deep-learning/DeepLearningProject/Synthetic-Data/vlm_levels/level_5/images/00019_w.png,PRIMARY,above,Is the green square above the purple star?,no,yes,INCORRECT
2025-12-22 18:56:16,5,/home/kkarthikeyan/deep-learning/DeepLearningProject/Synthetic-Data/vlm_levels/level_5/images/00019_w.png,ADVANCED,overlapping,Is the lime triangle partially covering the green square?,no,yes,INCORRECT
2025-12-22 18:56:16,5,/home/kkarthikeyan/deep-learning/DeepLearningProject/Synthetic-Data/vlm_levels/level_5/images/00019_w.png,PRIMARY,above,Is the green square above the blue square?,no,yes,INCORRECT
2025-12-22 18:56:17,5,/home/kkarthikeyan/deep-learning/DeepLearningProject/Synthetic-Data/vlm_levels/level_5/images/00019_w.png,PRIMARY,right_of,Is the lime triangle to the right of the blue square?,no,yes,INCORRECT
2025-12-22 18:56:17,5,/home/kkarthikeyan/deep-learning/DeepLearningProject/Synthetic-Data/vlm_levels/level_5/images/00019_w.png,PRIMARY,left_of,Is the cyan star to the left of the blue square?,no,yes,INCORRECT
2025-12-22 18:56:17,5,/home/kkarthikeyan/deep-learning/DeepLearningProject/Synthetic-Data/vlm_levels/level_5/images/00001_w.png,ADVANCED,touching,Is the cyan circle touching the green star?,yes,yes,CORRECT
2025-12-22 18:56:17,5,/home/kkarthikeyan/deep-learning/DeepLearningProject/Synthetic-Data/vlm_levels/level_5/images/00001_w.png,ADVANCED,touching,Is the green star touching the cyan circle?,yes,yes,CORRECT
2025-12-22 18:56:18,5,/home/kkarthikeyan/deep-learning/DeepLearningProject/Synthetic-Data/vlm_levels/level_5/images/00001_w.png,ADVANCED,overlapping,Is the red triangle partially covering the cyan circle?,yes,yes,CORRECT
2025-12-22 18:56:18,5,/home/kkarthikeyan/deep-learning/DeepLearningProject/Synthetic-Data/vlm_levels/level_5/images/00001_w.png,ADVANCED,overlapping,Is the cyan circle overlapping with the red triangle?,yes,yes,CORRECT
2025-12-22 18:56:18,5,/home/kkarthikeyan/deep-learning/DeepLearningProject/Synthetic-Data/vlm_levels/level_5/images/00001_w.png,PRIMARY,left_of,Is the green star to the left of the orange square?,yes,yes,CORRECT
2025-12-22 18:56:18,5,/home/kkarthikeyan/deep-learning/DeepLearningProject/Synthetic-Data/vlm_levels/level_5/images/00001_w.png,PRIMARY,left_of,Is the green star to the left of the cyan circle?,no,yes,INCORRECT
2025-12-22 18:56:19,5,/home/kkarthikeyan/deep-learning/DeepLearningProject/Synthetic-Data/vlm_levels/level_5/images/00001_w.png,PRIMARY,above,Is the orange square above the green star?,no,yes,INCORRECT
2025-12-22 18:56:19,5,/home/kkarthikeyan/deep-learning/DeepLearningProject/Synthetic-Data/vlm_levels/level_5/images/00001_w.png,ADVANCED,touching,Is the pink triangle touching the orange square?,no,yes,INCORRECT
2025-12-22 18:56:19,5,/home/kkarthikeyan/deep-learning/DeepLearningProject/Synthetic-Data/vlm_levels/level_5/images/00001_w.png,ADVANCED,inside,Is the pink triangle contained within the red triangle?,no,yes,INCORRECT
2025-12-22 18:56:19,5,/home/kkarthikeyan/deep-learning/DeepLearningProject/Synthetic-Data/vlm_levels/level_5/images/00001_w.png,ADVANCED,inside,Is the pink triangle enclosed by the red triangle?,no,yes,INCORRECT
2025-12-22 18:56:20,5,/home/kkarthikeyan/deep-learning/DeepLearningProject/Synthetic-Data/vlm_levels/level_5/images/00011_w.png,PRIMARY,left_of,Is the purple triangle left of the green square?,yes,yes,CORRECT
2025-12-22 18:56:20,5,/home/kkarthikeyan/deep-learning/DeepLearningProject/Synthetic-Data/vlm_levels/level_5/images/00011_w.png,PRIMARY,right_of,Is the green square to the right of the purple triangle?,yes,yes,CORRECT
2025-12-22 18:56:20,5,/home/kkarthikeyan/deep-learning/DeepLearningProject/Synthetic-Data/vlm_levels/level_5/images/00011_w.png,PRIMARY,left_of,Is the cyan star to the left of the green square?,yes,yes,CORRECT
2025-12-22 18:56:21,5,/home/kkarthikeyan/deep-learning/DeepLearningProject/Synthetic-Data/vlm_levels/level_5/images/00011_w.png,PRIMARY,right_of,Is the green square right of the cyan star?,yes,yes,CORRECT
2025-12-22 18:56:21,5,/home/kkarthikeyan/deep-learning/DeepLearningProject/Synthetic-Data/vlm_levels/level_5/images/00011_w.png,PRIMARY,below,Is the red triangle below the cyan star?,yes,yes,CORRECT
2025-12-22 18:56:21,5,/home/kkarthikeyan/deep-learning/DeepLearningProject/Synthetic-Data/vlm_levels/level_5/images/00011_w.png,ADVANCED,inside,Is the cyan star enclosed by the purple triangle?,no,yes,INCORRECT
2025-12-22 18:56:21,5,/home/kkarthikeyan/deep-learning/DeepLearningProject/Synthetic-Data/vlm_levels/level_5/images/00011_w.png,ADVANCED,touching,Is the cyan star touching the yellow star?,no,yes,INCORRECT
2025-12-22 18:56:22,5,/home/kkarthikeyan/deep-learning/DeepLearningProject/Synthetic-Data/vlm_levels/level_5/images/00011_w.png,PRIMARY,left_of,Is the red triangle to the left of the purple triangle?,no,yes,INCORRECT
2025-12-22 18:56:22,5,/home/kkarthikeyan/deep-learning/DeepLearningProject/Synthetic-Data/vlm_levels/level_5/images/00011_w.png,ADVANCED,overlapping,Is the green square overlapping with the purple triangle?,no,yes,INCORRECT
2025-12-22 18:56:22,5,/home/kkarthikeyan/deep-learning/DeepLearningProject/Synthetic-Data/vlm_levels/level_5/images/00011_w.png,PRIMARY,above,Is the cyan star above the green square?,no,yes,INCORRECT
2025-12-22 18:56:22,5,/home/kkarthikeyan/deep-learning/DeepLearningProject/Synthetic-Data/vlm_levels/level_5/images/00009_b.png,PRIMARY,right_of,Is the red circle right of the blue triangle?,yes,yes,CORRECT
2025-12-22 18:56:23,5,/home/kkarthikeyan/deep-learning/DeepLearningProject/Synthetic-Data/vlm_levels/level_5/images/00009_b.png,PRIMARY,left_of,Is the blue triangle to the left of the red circle?,yes,yes,CORRECT
2025-12-22 18:56:23,5,/home/kkarthikeyan/deep-learning/DeepLearningProject/Synthetic-Data/vlm_levels/level_5/images/00009_b.png,PRIMARY,below,Is the lime circle below the cyan square?,yes,yes,CORRECT
2025-12-22 18:56:23,5,/home/kkarthikeyan/deep-learning/DeepLearningProject/Synthetic-Data/vlm_levels/level_5/images/00009_b.png,PRIMARY,above,Is the cyan square above the lime circle?,yes,yes,CORRECT
2025-12-22 18:56:23,5,/home/kkarthikeyan/deep-learning/DeepLearningProject/Synthetic-Data/vlm_levels/level_5/images/00009_b.png,ADVANCED,touching,Is the pink star touching the blue triangle?,yes,yes,CORRECT
2025-12-22 18:56:24,5,/home/kkarthikeyan/deep-learning/DeepLearningProject/Synthetic-Data/vlm_levels/level_5/images/00009_b.png,ADVANCED,overlapping,Is the cyan square overlapping with the blue triangle?,no,yes,INCORRECT
2025-12-22 18:56:24,5,/home/kkarthikeyan/deep-learning/DeepLearningProject/Synthetic-Data/vlm_levels/level_5/images/00009_b.png,ADVANCED,touching,Is the red circle touching the blue triangle?,no,yes,INCORRECT
2025-12-22 18:56:24,5,/home/kkarthikeyan/deep-learning/DeepLearningProject/Synthetic-Data/vlm_levels/level_5/images/00009_b.png,PRIMARY,below,Is the red circle below the lime circle?,no,yes,INCORRECT
2025-12-22 18:56:24,5,/home/kkarthikeyan/deep-learning/DeepLearningProject/Synthetic-Data/vlm_levels/level_5/images/00009_b.png,PRIMARY,below,Is the pink star below the blue triangle?,no,yes,INCORRECT
2025-12-22 18:56:25,5,/home/kkarthikeyan/deep-learning/DeepLearningProject/Synthetic-Data/vlm_levels/level_5/images/00009_b.png,PRIMARY,above,Is the pink star above the red circle?,no,yes,INCORRECT
2025-12-22 18:56:25,5,/home/kkarthikeyan/deep-learning/DeepLearningProject/Synthetic-Data/vlm_levels/level_5/images/00000_w.png,PRIMARY,above,Is the green triangle above the yellow triangle?,yes,yes,CORRECT
2025-12-22 18:56:25,5,/home/kkarthikeyan/deep-learning/DeepLearningProject/Synthetic-Data/vlm_levels/level_5/images/00000_w.png,PRIMARY,below,Is the yellow triangle below the green triangle?,yes,yes,CORRECT
2025-12-22 18:56:25,5,/home/kkarthikeyan/deep-learning/DeepLearningProject/Synthetic-Data/vlm_levels/level_5/images/00000_w.png,PRIMARY,left_of,Is the cyan triangle left of the yellow triangle?,yes,yes,CORRECT
2025-12-22 18:56:26,5,/home/kkarthikeyan/deep-learning/DeepLearningProject/Synthetic-Data/vlm_levels/level_5/images/00000_w.png,PRIMARY,right_of,Is the yellow triangle right of the cyan triangle?,yes,yes,CORRECT
2025-12-22 18:56:26,5,/home/kkarthikeyan/deep-learning/DeepLearningProject/Synthetic-Data/vlm_levels/level_5/images/00000_w.png,PRIMARY,left_of,Is the pink triangle left of the yellow triangle?,yes,yes,CORRECT
2025-12-22 18:56:26,5,/home/kkarthikeyan/deep-learning/DeepLearningProject/Synthetic-Data/vlm_levels/level_5/images/00000_w.png,PRIMARY,right_of,Is the cyan triangle right of the yellow triangle?,no,yes,INCORRECT
2025-12-22 18:56:26,5,/home/kkarthikeyan/deep-learning/DeepLearningProject/Synthetic-Data/vlm_levels/level_5/images/00000_w.png,PRIMARY,right_of,Is the orange star right of the yellow triangle?,no,yes,INCORRECT
2025-12-22 18:56:27,5,/home/kkarthikeyan/deep-learning/DeepLearningProject/Synthetic-Data/vlm_levels/level_5/images/00000_w.png,PRIMARY,right_of,Is the cyan triangle right of the orange star?,no,yes,INCORRECT
2025-12-22 18:56:27,5,/home/kkarthikeyan/deep-learning/DeepLearningProject/Synthetic-Data/vlm_levels/level_5/images/00000_w.png,ADVANCED,overlapping,Is the orange star overlapping with the cyan triangle?,no,yes,INCORRECT
2025-12-22 18:56:27,5,/home/kkarthikeyan/deep-learning/DeepLearningProject/Synthetic-Data/vlm_levels/level_5/images/00000_w.png,ADVANCED,touching,Is the pink triangle touching the orange star?,no,yes,INCORRECT
2025-12-22 18:56:27,5,/home/kkarthikeyan/deep-learning/DeepLearningProject/Synthetic-Data/vlm_levels/level_5/images/00010_w.png,PRIMARY,above,Is the pink circle above the yellow square?,yes,yes,CORRECT
2025-12-22 18:56:28,5,/home/kkarthikeyan/deep-learning/DeepLearningProject/Synthetic-Data/vlm_levels/level_5/images/00010_w.png,PRIMARY,below,Is the yellow square below the pink circle?,yes,yes,CORRECT
2025-12-22 18:56:28,5,/home/kkarthikeyan/deep-learning/DeepLearningProject/Synthetic-Data/vlm_levels/level_5/images/00010_w.png,ADVANCED,overlapping,Is the blue circle overlapping with the orange star?,yes,yes,CORRECT
2025-12-22 18:56:28,5,/home/kkarthikeyan/deep-learning/DeepLearningProject/Synthetic-Data/vlm_levels/level_5/images/00010_w.png,ADVANCED,overlapping,Is the orange star partially covering the blue circle?,yes,yes,CORRECT
2025-12-22 18:56:28,5,/home/kkarthikeyan/deep-learning/DeepLearningProject/Synthetic-Data/vlm_levels/level_5/images/00010_w.png,PRIMARY,left_of,Is the yellow square left of the blue circle?,yes,yes,CORRECT
2025-12-22 18:56:29,5,/home/kkarthikeyan/deep-learning/DeepLearningProject/Synthetic-Data/vlm_levels/level_5/images/00010_w.png,PRIMARY,left_of,Is the orange star to the left of the yellow square?,no,no,CORRECT
2025-12-22 18:56:29,5,/home/kkarthikeyan/deep-learning/DeepLearningProject/Synthetic-Data/vlm_levels/level_5/images/00010_w.png,ADVANCED,inside,Is the orange star enclosed by the cyan star?,no,yes,INCORRECT
2025-12-22 18:56:29,5,/home/kkarthikeyan/deep-learning/DeepLearningProject/Synthetic-Data/vlm_levels/level_5/images/00010_w.png,ADVANCED,touching,Is the pink circle touching the blue circle?,no,no,CORRECT
2025-12-22 18:56:29,5,/home/kkarthikeyan/deep-learning/DeepLearningProject/Synthetic-Data/vlm_levels/level_5/images/00010_w.png,PRIMARY,right_of,Is the cyan star to the right of the orange star?,no,yes,INCORRECT
2025-12-22 18:56:30,5,/home/kkarthikeyan/deep-learning/DeepLearningProject/Synthetic-Data/vlm_levels/level_5/images/00010_w.png,ADVANCED,inside,Is the yellow square enclosed by the cyan star?,no,yes,INCORRECT
2025-12-22 18:56:30,5,/home/kkarthikeyan/deep-learning/DeepLearningProject/Synthetic-Data/vlm_levels/level_5/images/00009_w.png,ADVANCED,touching,Is the blue triangle touching the lime circle?,yes,yes,CORRECT
2025-12-22 18:56:30,5,/home/kkarthikeyan/deep-learning/DeepLearningProject/Synthetic-Data/vlm_levels/level_5/images/00009_w.png,ADVANCED,touching,Is the lime circle touching the blue triangle?,yes,yes,CORRECT
2025-12-22 18:56:30,5,/home/kkarthikeyan/deep-learning/DeepLearningProject/Synthetic-Data/vlm_levels/level_5/images/00009_w.png,ADVANCED,overlapping,Is the blue triangle overlapping with the pink star?,yes,yes,CORRECT
2025-12-22 18:56:31,5,/home/kkarthikeyan/deep-learning/DeepLearningProject/Synthetic-Data/vlm_levels/level_5/images/00009_w.png,ADVANCED,overlapping,Is the pink star partially covering the blue triangle?,yes,yes,CORRECT
2025-12-22 18:56:31,5,/home/kkarthikeyan/deep-learning/DeepLearningProject/Synthetic-Data/vlm_levels/level_5/images/00009_w.png,PRIMARY,left_of,Is the pink star left of the red circle?,yes,yes,CORRECT
2025-12-22 18:56:31,5,/home/kkarthikeyan/deep-learning/DeepLearningProject/Synthetic-Data/vlm_levels/level_5/images/00009_w.png,ADVANCED,touching,Is the red circle touching the blue triangle?,no,yes,INCORRECT
2025-12-22 18:56:31,5,/home/kkarthikeyan/deep-learning/DeepLearningProject/Synthetic-Data/vlm_levels/level_5/images/00009_w.png,ADVANCED,overlapping,Is the cyan square overlapping with the pink star?,no,yes,INCORRECT
2025-12-22 18:56:32,5,/home/kkarthikeyan/deep-learning/DeepLearningProject/Synthetic-Data/vlm_levels/level_5/images/00009_w.png,PRIMARY,left_of,Is the blue triangle left of the pink star?,no,yes,INCORRECT
2025-12-22 18:56:32,5,/home/kkarthikeyan/deep-learning/DeepLearningProject/Synthetic-Data/vlm_levels/level_5/images/00009_w.png,ADVANCED,inside,Is the lime circle fully inside the cyan square?,no,no,CORRECT
2025-12-22 18:56:32,5,/home/kkarthikeyan/deep-learning/DeepLearningProject/Synthetic-Data/vlm_levels/level_5/images/00009_w.png,PRIMARY,above,Is the pink star above the blue triangle?,no,yes,INCORRECT
2025-12-22 18:56:33,5,/home/kkarthikeyan/deep-learning/DeepLearningProject/Synthetic-Data/vlm_levels/level_5/images/00005_w.png,ADVANCED,touching,Is the cyan triangle touching the orange square?,yes,yes,CORRECT
2025-12-22 18:56:33,5,/home/kkarthikeyan/deep-learning/DeepLearningProject/Synthetic-Data/vlm_levels/level_5/images/00005_w.png,ADVANCED,touching,Is the orange square touching the cyan triangle?,yes,yes,CORRECT
2025-12-22 18:56:33,5,/home/kkarthikeyan/deep-learning/DeepLearningProject/Synthetic-Data/vlm_levels/level_5/images/00005_w.png,PRIMARY,above,Is the yellow triangle above the blue circle?,yes,yes,CORRECT
2025-12-22 18:56:33,5,/home/kkarthikeyan/deep-learning/DeepLearningProject/Synthetic-Data/vlm_levels/level_5/images/00005_w.png,PRIMARY,below,Is the blue circle below the yellow triangle?,yes,yes,CORRECT
2025-12-22 18:56:34,5,/home/kkarthikeyan/deep-learning/DeepLearningProject/Synthetic-Data/vlm_levels/level_5/images/00005_w.png,ADVANCED,overlapping,Is the cyan triangle overlapping with the orange square?,yes,yes,CORRECT
2025-12-22 18:56:34,5,/home/kkarthikeyan/deep-learning/DeepLearningProject/Synthetic-Data/vlm_levels/level_5/images/00005_w.png,ADVANCED,inside,Is the orange square contained within the yellow triangle?,no,yes,INCORRECT
2025-12-22 18:56:34,5,/home/kkarthikeyan/deep-learning/DeepLearningProject/Synthetic-Data/vlm_levels/level_5/images/00005_w.png,PRIMARY,right_of,Is the yellow triangle to the right of the lime star?,no,yes,INCORRECT
2025-12-22 18:56:34,5,/home/kkarthikeyan/deep-learning/DeepLearningProject/Synthetic-Data/vlm_levels/level_5/images/00005_w.png,PRIMARY,below,Is the orange square below the blue circle?,no,yes,INCORRECT
2025-12-22 18:56:35,5,/home/kkarthikeyan/deep-learning/DeepLearningProject/Synthetic-Data/vlm_levels/level_5/images/00005_w.png,ADVANCED,inside,Is the lime star fully inside the cyan triangle?,no,yes,INCORRECT
2025-12-22 18:56:35,5,/home/kkarthikeyan/deep-learning/DeepLearningProject/Synthetic-Data/vlm_levels/level_5/images/00005_w.png,ADVANCED,inside,Is the cyan triangle enclosed by the lime star?,no,yes,INCORRECT
2025-12-22 18:56:35,5,/home/kkarthikeyan/deep-learning/DeepLearningProject/Synthetic-Data/vlm_levels/level_5/images/00007_b.png,PRIMARY,above,Is the red star above the yellow circle?,yes,yes,CORRECT
2025-12-22 18:56:35,5,/home/kkarthikeyan/deep-learning/DeepLearningProject/Synthetic-Data/vlm_levels/level_5/images/00007_b.png,PRIMARY,below,Is the yellow circle below the red star?,yes,yes,CORRECT
2025-12-22 18:56:36,5,/home/kkarthikeyan/deep-learning/DeepLearningProject/Synthetic-Data/vlm_levels/level_5/images/00007_b.png,PRIMARY,right_of,Is the red star right of the yellow circle?,yes,yes,CORRECT
2025-12-22 18:56:36,5,/home/kkarthikeyan/deep-learning/DeepLearningProject/Synthetic-Data/vlm_levels/level_5/images/00007_b.png,PRIMARY,left_of,Is the yellow circle to the left of the red star?,yes,yes,CORRECT
2025-12-22 18:56:36,5,/home/kkarthikeyan/deep-learning/DeepLearningProject/Synthetic-Data/vlm_levels/level_5/images/00007_b.png,PRIMARY,below,Is the orange circle below the red star?,yes,yes,CORRECT
2025-12-22 18:56:36,5,/home/kkarthikeyan/deep-learning/DeepLearningProject/Synthetic-Data/vlm_levels/level_5/images/00007_b.png,ADVANCED,inside,Is the pink square enclosed by the yellow circle?,no,yes,INCORRECT
2025-12-22 18:56:37,5,/home/kkarthikeyan/deep-learning/DeepLearningProject/Synthetic-Data/vlm_levels/level_5/images/00007_b.png,PRIMARY,left_of,Is the red star left of the pink square?,no,yes,INCORRECT
2025-12-22 18:56:37,5,/home/kkarthikeyan/deep-learning/DeepLearningProject/Synthetic-Data/vlm_levels/level_5/images/00007_b.png,PRIMARY,right_of,Is the yellow circle to the right of the lime square?,no,yes,INCORRECT
2025-12-22 18:56:37,5,/home/kkarthikeyan/deep-learning/DeepLearningProject/Synthetic-Data/vlm_levels/level_5/images/00007_b.png,PRIMARY,left_of,Is the pink square left of the orange circle?,no,yes,INCORRECT
2025-12-22 18:56:37,5,/home/kkarthikeyan/deep-learning/DeepLearningProject/Synthetic-Data/vlm_levels/level_5/images/00007_b.png,PRIMARY,above,Is the yellow circle above the pink square?,no,yes,INCORRECT
2025-12-22 18:56:38,5,/home/kkarthikeyan/deep-learning/DeepLearningProject/Synthetic-Data/vlm_levels/level_5/images/00012_b.png,PRIMARY,below,Is the lime circle below the blue circle?,yes,yes,CORRECT
2025-12-22 18:56:38,5,/home/kkarthikeyan/deep-learning/DeepLearningProject/Synthetic-Data/vlm_levels/level_5/images/00012_b.png,PRIMARY,above,Is the blue circle above the lime circle?,yes,yes,CORRECT
2025-12-22 18:56:38,5,/home/kkarthikeyan/deep-learning/DeepLearningProject/Synthetic-Data/vlm_levels/level_5/images/00012_b.png,PRIMARY,right_of,Is the green square right of the blue circle?,yes,yes,CORRECT
2025-12-22 18:56:38,5,/home/kkarthikeyan/deep-learning/DeepLearningProject/Synthetic-Data/vlm_levels/level_5/images/00012_b.png,PRIMARY,left_of,Is the blue circle to the left of the green square?,yes,yes,CORRECT
2025-12-22 18:56:39,5,/home/kkarthikeyan/deep-learning/DeepLearningProject/Synthetic-Data/vlm_levels/level_5/images/00012_b.png,ADVANCED,touching,Is the red triangle touching the green square?,yes,yes,CORRECT
2025-12-22 18:56:39,5,/home/kkarthikeyan/deep-learning/DeepLearningProject/Synthetic-Data/vlm_levels/level_5/images/00012_b.png,ADVANCED,overlapping,Is the lime circle partially covering the green square?,no,yes,INCORRECT
2025-12-22 18:56:39,5,/home/kkarthikeyan/deep-learning/DeepLearningProject/Synthetic-Data/vlm_levels/level_5/images/00012_b.png,ADVANCED,inside,Is the red triangle contained within the blue circle?,no,yes,INCORRECT
2025-12-22 18:56:39,5,/home/kkarthikeyan/deep-learning/DeepLearningProject/Synthetic-Data/vlm_levels/level_5/images/00012_b.png,PRIMARY,right_of,Is the lime circle right of the green square?,no,yes,INCORRECT
2025-12-22 18:56:40,5,/home/kkarthikeyan/deep-learning/DeepLearningProject/Synthetic-Data/vlm_levels/level_5/images/00012_b.png,ADVANCED,touching,Is the red triangle touching the lime circle?,no,yes,INCORRECT
2025-12-22 18:56:40,5,/home/kkarthikeyan/deep-learning/DeepLearningProject/Synthetic-Data/vlm_levels/level_5/images/00012_b.png,ADVANCED,overlapping,Is the lime circle partially covering the red triangle?,no,yes,INCORRECT
2025-12-22 18:56:40,5,/home/kkarthikeyan/deep-learning/DeepLearningProject/Synthetic-Data/vlm_levels/level_5/images/00000_b.png,PRIMARY,below,Is the orange star below the yellow triangle?,yes,yes,CORRECT
2025-12-22 18:56:40,5,/home/kkarthikeyan/deep-learning/DeepLearningProject/Synthetic-Data/vlm_levels/level_5/images/00000_b.png,PRIMARY,above,Is the yellow triangle above the orange star?,yes,yes,CORRECT
2025-12-22 18:56:41,5,/home/kkarthikeyan/deep-learning/DeepLearningProject/Synthetic-Data/vlm_levels/level_5/images/00000_b.png,PRIMARY,right_of,Is the orange star right of the green triangle?,yes,yes,CORRECT
2025-12-22 18:56:41,5,/home/kkarthikeyan/deep-learning/DeepLearningProject/Synthetic-Data/vlm_levels/level_5/images/00000_b.png,PRIMARY,left_of,Is the green triangle left of the orange star?,yes,yes,CORRECT
2025-12-22 18:56:41,5,/home/kkarthikeyan/deep-learning/DeepLearningProject/Synthetic-Data/vlm_levels/level_5/images/00000_b.png,PRIMARY,above,Is the pink triangle above the orange star?,yes,yes,CORRECT
2025-12-22 18:56:41,5,/home/kkarthikeyan/deep-learning/DeepLearningProject/Synthetic-Data/vlm_levels/level_5/images/00000_b.png,PRIMARY,right_of,Is the pink triangle right of the cyan triangle?,no,yes,INCORRECT
2025-12-22 18:56:42,5,/home/kkarthikeyan/deep-learning/DeepLearningProject/Synthetic-Data/vlm_levels/level_5/images/00000_b.png,ADVANCED,inside,Is the cyan triangle enclosed by the green triangle?,no,yes,INCORRECT
2025-12-22 18:56:42,5,/home/kkarthikeyan/deep-learning/DeepLearningProject/Synthetic-Data/vlm_levels/level_5/images/00000_b.png,PRIMARY,right_of,Is the green triangle right of the orange star?,no,yes,INCORRECT
2025-12-22 18:56:42,5,/home/kkarthikeyan/deep-learning/DeepLearningProject/Synthetic-Data/vlm_levels/level_5/images/00000_b.png,PRIMARY,left_of,Is the green triangle to the left of the cyan triangle?,no,yes,INCORRECT
2025-12-22 18:56:42,5,/home/kkarthikeyan/deep-learning/DeepLearningProject/Synthetic-Data/vlm_levels/level_5/images/00000_b.png,PRIMARY,below,Is the cyan triangle below the pink triangle?,no,yes,INCORRECT
2025-12-22 18:56:43,5,/home/kkarthikeyan/deep-learning/DeepLearningProject/Synthetic-Data/vlm_levels/level_5/images/00001_b.png,PRIMARY,above,Is the cyan circle above the orange square?,yes,yes,CORRECT
2025-12-22 18:56:43,5,/home/kkarthikeyan/deep-learning/DeepLearningProject/Synthetic-Data/vlm_levels/level_5/images/00001_b.png,PRIMARY,below,Is the orange square below the cyan circle?,yes,yes,CORRECT
2025-12-22 18:56:43,5,/home/kkarthikeyan/deep-learning/DeepLearningProject/Synthetic-Data/vlm_levels/level_5/images/00001_b.png,PRIMARY,below,Is the orange square below the red triangle?,yes,yes,CORRECT
2025-12-22 18:56:44,5,/home/kkarthikeyan/deep-learning/DeepLearningProject/Synthetic-Data/vlm_levels/level_5/images/00001_b.png,PRIMARY,above,Is the red triangle above the orange square?,yes,yes,CORRECT
2025-12-22 18:56:44,5,/home/kkarthikeyan/deep-learning/DeepLearningProject/Synthetic-Data/vlm_levels/level_5/images/00001_b.png,PRIMARY,above,Is the cyan circle above the pink triangle?,yes,yes,CORRECT
2025-12-22 18:56:44,5,/home/kkarthikeyan/deep-learning/DeepLearningProject/Synthetic-Data/vlm_levels/level_5/images/00001_b.png,ADVANCED,overlapping,Is the red triangle overlapping with the pink triangle?,no,yes,INCORRECT
2025-12-22 18:56:44,5,/home/kkarthikeyan/deep-learning/DeepLearningProject/Synthetic-Data/vlm_levels/level_5/images/00001_b.png,PRIMARY,right_of,Is the red triangle to the right of the orange square?,no,yes,INCORRECT
2025-12-22 18:56:45,5,/home/kkarthikeyan/deep-learning/DeepLearningProject/Synthetic-Data/vlm_levels/level_5/images/00001_b.png,ADVANCED,touching,Is the orange square touching the cyan circle?,no,yes,INCORRECT
2025-12-22 18:56:45,5,/home/kkarthikeyan/deep-learning/DeepLearningProject/Synthetic-Data/vlm_levels/level_5/images/00001_b.png,PRIMARY,above,Is the red triangle above the cyan circle?,no,yes,INCORRECT
2025-12-22 18:56:45,5,/home/kkarthikeyan/deep-learning/DeepLearningProject/Synthetic-Data/vlm_levels/level_5/images/00001_b.png,PRIMARY,below,Is the cyan circle below the red triangle?,no,yes,INCORRECT
2025-12-22 18:56:45,5,/home/kkarthikeyan/deep-learning/DeepLearningProject/Synthetic-Data/vlm_levels/level_5/images/00019_b.png,PRIMARY,below,Is the green square below the blue square?,yes,yes,CORRECT
2025-12-22 18:56:46,5,/home/kkarthikeyan/deep-learning/DeepLearningProject/Synthetic-Data/vlm_levels/level_5/images/00019_b.png,PRIMARY,above,Is the blue square above the green square?,yes,yes,CORRECT
2025-12-22 18:56:46,5,/home/kkarthikeyan/deep-learning/DeepLearningProject/Synthetic-Data/vlm_levels/level_5/images/00019_b.png,ADVANCED,touching,Is the green square touching the cyan star?,yes,yes,CORRECT
2025-12-22 18:56:46,5,/home/kkarthikeyan/deep-learning/DeepLearningProject/Synthetic-Data/vlm_levels/level_5/images/00019_b.png,ADVANCED,touching,Is the cyan star touching the green square?,yes,yes,CORRECT
2025-12-22 18:56:46,5,/home/kkarthikeyan/deep-learning/DeepLearningProject/Synthetic-Data/vlm_levels/level_5/images/00019_b.png,ADVANCED,inside,Is the cyan star enclosed by the green square?,yes,yes,CORRECT
2025-12-22 18:56:47,5,/home/kkarthikeyan/deep-learning/DeepLearningProject/Synthetic-Data/vlm_levels/level_5/images/00019_b.png,PRIMARY,below,Is the lime triangle below the cyan star?,no,yes,INCORRECT
2025-12-22 18:56:47,5,/home/kkarthikeyan/deep-learning/DeepLearningProject/Synthetic-Data/vlm_levels/level_5/images/00019_b.png,PRIMARY,right_of,Is the purple star right of the cyan star?,no,yes,INCORRECT
2025-12-22 18:56:47,5,/home/kkarthikeyan/deep-learning/DeepLearningProject/Synthetic-Data/vlm_levels/level_5/images/00019_b.png,PRIMARY,right_of,Is the blue square right of the lime triangle?,no,yes,INCORRECT
2025-12-22 18:56:47,5,/home/kkarthikeyan/deep-learning/DeepLearningProject/Synthetic-Data/vlm_levels/level_5/images/00019_b.png,ADVANCED,touching,Is the lime triangle touching the blue square?,no,yes,INCORRECT
2025-12-22 18:56:48,5,/home/kkarthikeyan/deep-learning/DeepLearningProject/Synthetic-Data/vlm_levels/level_5/images/00019_b.png,ADVANCED,inside,Is the purple star enclosed by the lime triangle?,no,yes,INCORRECT
2025-12-22 18:56:48,5,/home/kkarthikeyan/deep-learning/DeepLearningProject/Synthetic-Data/vlm_levels/level_5/images/00013_b.png,PRIMARY,above,Is the cyan star above the blue star?,yes,yes,CORRECT
2025-12-22 18:56:48,5,/home/kkarthikeyan/deep-learning/DeepLearningProject/Synthetic-Data/vlm_levels/level_5/images/00013_b.png,PRIMARY,below,Is the blue star below the cyan star?,yes,yes,CORRECT
2025-12-22 18:56:48,5,/home/kkarthikeyan/deep-learning/DeepLearningProject/Synthetic-Data/vlm_levels/level_5/images/00013_b.png,PRIMARY,below,Is the blue star below the purple square?,yes,yes,CORRECT
2025-12-22 18:56:49,5,/home/kkarthikeyan/deep-learning/DeepLearningProject/Synthetic-Data/vlm_levels/level_5/images/00013_b.png,PRIMARY,above,Is the purple square above the blue star?,yes,yes,CORRECT
2025-12-22 18:56:49,5,/home/kkarthikeyan/deep-learning/DeepLearningProject/Synthetic-Data/vlm_levels/level_5/images/00013_b.png,PRIMARY,below,Is the lime star below the red triangle?,yes,yes,CORRECT
2025-12-22 18:56:49,5,/home/kkarthikeyan/deep-learning/DeepLearningProject/Synthetic-Data/vlm_levels/level_5/images/00013_b.png,ADVANCED,touching,Is the lime star touching the cyan star?,no,yes,INCORRECT
2025-12-22 18:56:49,5,/home/kkarthikeyan/deep-learning/DeepLearningProject/Synthetic-Data/vlm_levels/level_5/images/00013_b.png,PRIMARY,left_of,Is the lime star left of the red triangle?,no,yes,INCORRECT
2025-12-22 18:56:50,5,/home/kkarthikeyan/deep-learning/DeepLearningProject/Synthetic-Data/vlm_levels/level_5/images/00013_b.png,ADVANCED,overlapping,Is the blue star partially covering the cyan star?,no,yes,INCORRECT
2025-12-22 18:56:50,5,/home/kkarthikeyan/deep-learning/DeepLearningProject/Synthetic-Data/vlm_levels/level_5/images/00013_b.png,ADVANCED,inside,Is the purple square contained within the red triangle?,no,yes,INCORRECT
2025-12-22 18:56:50,5,/home/kkarthikeyan/deep-learning/DeepLearningProject/Synthetic-Data/vlm_levels/level_5/images/00013_b.png,PRIMARY,left_of,Is the lime star to the left of the red triangle?,no,yes,INCORRECT
2025-12-22 18:56:50,5,/home/kkarthikeyan/deep-learning/DeepLearningProject/Synthetic-Data/vlm_levels/level_5/images/00004_b.png,PRIMARY,left_of,Is the green triangle to the left of the cyan triangle?,yes,yes,CORRECT
2025-12-22 18:56:51,5,/home/kkarthikeyan/deep-learning/DeepLearningProject/Synthetic-Data/vlm_levels/level_5/images/00004_b.png,PRIMARY,right_of,Is the cyan triangle to the right of the green triangle?,yes,yes,CORRECT
2025-12-22 18:56:51,5,/home/kkarthikeyan/deep-learning/DeepLearningProject/Synthetic-Data/vlm_levels/level_5/images/00004_b.png,ADVANCED,touching,Is the lime circle touching the yellow star?,yes,yes,CORRECT
2025-12-22 18:56:51,5,/home/kkarthikeyan/deep-learning/DeepLearningProject/Synthetic-Data/vlm_levels/level_5/images/00004_b.png,ADVANCED,touching,Is the yellow star touching the lime circle?,yes,yes,CORRECT
2025-12-22 18:56:51,5,/home/kkarthikeyan/deep-learning/DeepLearningProject/Synthetic-Data/vlm_levels/level_5/images/00004_b.png,ADVANCED,touching,Is the cyan triangle touching the yellow star?,yes,yes,CORRECT
2025-12-22 18:56:52,5,/home/kkarthikeyan/deep-learning/DeepLearningProject/Synthetic-Data/vlm_levels/level_5/images/00004_b.png,PRIMARY,below,Is the green triangle below the lime circle?,no,yes,INCORRECT
2025-12-22 18:56:52,5,/home/kkarthikeyan/deep-learning/DeepLearningProject/Synthetic-Data/vlm_levels/level_5/images/00004_b.png,ADVANCED,touching,Is the lime circle touching the cyan triangle?,no,yes,INCORRECT
2025-12-22 18:56:52,5,/home/kkarthikeyan/deep-learning/DeepLearningProject/Synthetic-Data/vlm_levels/level_5/images/00004_b.png,PRIMARY,right_of,Is the lime circle right of the yellow star?,no,yes,INCORRECT
2025-12-22 18:56:52,5,/home/kkarthikeyan/deep-learning/DeepLearningProject/Synthetic-Data/vlm_levels/level_5/images/00004_b.png,ADVANCED,touching,Is the blue square touching the lime circle?,no,yes,INCORRECT
2025-12-22 18:56:53,5,/home/kkarthikeyan/deep-learning/DeepLearningProject/Synthetic-Data/vlm_levels/level_5/images/00004_b.png,PRIMARY,left_of,Is the blue square to the left of the green triangle?,no,yes,INCORRECT
2025-12-22 18:56:53,5,/home/kkarthikeyan/deep-learning/DeepLearningProject/Synthetic-Data/vlm_levels/level_5/images/00016_b.png,PRIMARY,right_of,Is the lime star right of the orange triangle?,yes,yes,CORRECT
2025-12-22 18:56:53,5,/home/kkarthikeyan/deep-learning/DeepLearningProject/Synthetic-Data/vlm_levels/level_5/images/00016_b.png,PRIMARY,left_of,Is the orange triangle to the left of the lime star?,yes,yes,CORRECT
2025-12-22 18:56:53,5,/home/kkarthikeyan/deep-learning/DeepLearningProject/Synthetic-Data/vlm_levels/level_5/images/00016_b.png,PRIMARY,right_of,Is the blue circle to the right of the purple triangle?,yes,yes,CORRECT
2025-12-22 18:56:54,5,/home/kkarthikeyan/deep-learning/DeepLearningProject/Synthetic-Data/vlm_levels/level_5/images/00016_b.png,PRIMARY,left_of,Is the purple triangle to the left of the blue circle?,yes,yes,CORRECT
2025-12-22 18:56:54,5,/home/kkarthikeyan/deep-learning/DeepLearningProject/Synthetic-Data/vlm_levels/level_5/images/00016_b.png,PRIMARY,below,Is the blue circle below the lime star?,yes,yes,CORRECT
2025-12-22 18:56:54,5,/home/kkarthikeyan/deep-learning/DeepLearningProject/Synthetic-Data/vlm_levels/level_5/images/00016_b.png,PRIMARY,right_of,Is the blue circle to the right of the lime star?,no,yes,INCORRECT
2025-12-22 18:56:55,5,/home/kkarthikeyan/deep-learning/DeepLearningProject/Synthetic-Data/vlm_levels/level_5/images/00016_b.png,ADVANCED,touching,Is the green square touching the orange triangle?,no,yes,INCORRECT
2025-12-22 18:56:55,5,/home/kkarthikeyan/deep-learning/DeepLearningProject/Synthetic-Data/vlm_levels/level_5/images/00016_b.png,PRIMARY,above,Is the lime star above the purple triangle?,no,yes,INCORRECT
2025-12-22 18:56:55,5,/home/kkarthikeyan/deep-learning/DeepLearningProject/Synthetic-Data/vlm_levels/level_5/images/00016_b.png,ADVANCED,inside,Is the purple triangle fully inside the blue circle?,no,no,CORRECT
2025-12-22 18:56:55,5,/home/kkarthikeyan/deep-learning/DeepLearningProject/Synthetic-Data/vlm_levels/level_5/images/00016_b.png,ADVANCED,touching,Is the orange triangle touching the lime star?,no,yes,INCORRECT
2025-12-22 18:56:56,5,/home/kkarthikeyan/deep-learning/DeepLearningProject/Synthetic-Data/vlm_levels/level_5/images/00015_b.png,PRIMARY,above,Is the green square above the pink star?,yes,yes,CORRECT
2025-12-22 18:56:56,5,/home/kkarthikeyan/deep-learning/DeepLearningProject/Synthetic-Data/vlm_levels/level_5/images/00015_b.png,PRIMARY,below,Is the pink star below the green square?,yes,yes,CORRECT
2025-12-22 18:56:56,5,/home/kkarthikeyan/deep-learning/DeepLearningProject/Synthetic-Data/vlm_levels/level_5/images/00015_b.png,ADVANCED,touching,Is the red triangle touching the yellow triangle?,yes,no,INCORRECT
2025-12-22 18:56:56,5,/home/kkarthikeyan/deep-learning/DeepLearningProject/Synthetic-Data/vlm_levels/level_5/images/00015_b.png,ADVANCED,touching,Is the yellow triangle touching the red triangle?,yes,no,INCORRECT
2025-12-22 18:56:57,5,/home/kkarthikeyan/deep-learning/DeepLearningProject/Synthetic-Data/vlm_levels/level_5/images/00015_b.png,PRIMARY,right_of,Is the red triangle to the right of the cyan square?,yes,yes,CORRECT
2025-12-22 18:56:57,5,/home/kkarthikeyan/deep-learning/DeepLearningProject/Synthetic-Data/vlm_levels/level_5/images/00015_b.png,PRIMARY,below,Is the cyan square below the red triangle?,no,yes,INCORRECT
2025-12-22 18:56:57,5,/home/kkarthikeyan/deep-learning/DeepLearningProject/Synthetic-Data/vlm_levels/level_5/images/00015_b.png,ADVANCED,overlapping,Is the green square partially covering the red triangle?,no,yes,INCORRECT
2025-12-22 18:56:57,5,/home/kkarthikeyan/deep-learning/DeepLearningProject/Synthetic-Data/vlm_levels/level_5/images/00015_b.png,ADVANCED,touching,Is the green square touching the cyan square?,no,no,CORRECT
2025-12-22 18:56:58,5,/home/kkarthikeyan/deep-learning/DeepLearningProject/Synthetic-Data/vlm_levels/level_5/images/00015_b.png,PRIMARY,above,Is the yellow triangle above the red triangle?,no,yes,INCORRECT
2025-12-22 18:56:58,5,/home/kkarthikeyan/deep-learning/DeepLearningProject/Synthetic-Data/vlm_levels/level_5/images/00015_b.png,PRIMARY,left_of,Is the pink star to the left of the red triangle?,no,no,CORRECT
2025-12-22 18:56:58,5,/home/kkarthikeyan/deep-learning/DeepLearningProject/Synthetic-Data/vlm_levels/level_5/images/00002_w.png,PRIMARY,left_of,Is the lime triangle to the left of the orange triangle?,yes,yes,CORRECT
2025-12-22 18:56:58,5,/home/kkarthikeyan/deep-learning/DeepLearningProject/Synthetic-Data/vlm_levels/level_5/images/00002_w.png,PRIMARY,right_of,Is the orange triangle to the right of the lime triangle?,yes,yes,CORRECT
2025-12-22 18:56:59,5,/home/kkarthikeyan/deep-learning/DeepLearningProject/Synthetic-Data/vlm_levels/level_5/images/00002_w.png,PRIMARY,below,Is the lime triangle below the pink square?,yes,yes,CORRECT
2025-12-22 18:56:59,5,/home/kkarthikeyan/deep-learning/DeepLearningProject/Synthetic-Data/vlm_levels/level_5/images/00002_w.png,PRIMARY,above,Is the pink square above the lime triangle?,yes,yes,CORRECT
2025-12-22 18:56:59,5,/home/kkarthikeyan/deep-learning/DeepLearningProject/Synthetic-Data/vlm_levels/level_5/images/00002_w.png,PRIMARY,right_of,Is the yellow star to the right of the lime triangle?,yes,yes,CORRECT
2025-12-22 18:56:59,5,/home/kkarthikeyan/deep-learning/DeepLearningProject/Synthetic-Data/vlm_levels/level_5/images/00002_w.png,PRIMARY,left_of,Is the green circle left of the yellow star?,no,yes,INCORRECT
2025-12-22 18:57:00,5,/home/kkarthikeyan/deep-learning/DeepLearningProject/Synthetic-Data/vlm_levels/level_5/images/00002_w.png,ADVANCED,inside,Is the orange triangle enclosed by the green circle?,no,yes,INCORRECT
2025-12-22 18:57:00,5,/home/kkarthikeyan/deep-learning/DeepLearningProject/Synthetic-Data/vlm_levels/level_5/images/00002_w.png,ADVANCED,overlapping,Is the pink square overlapping with the green circle?,no,yes,INCORRECT
2025-12-22 18:57:00,5,/home/kkarthikeyan/deep-learning/DeepLearningProject/Synthetic-Data/vlm_levels/level_5/images/00002_w.png,ADVANCED,inside,Is the yellow star fully inside the lime triangle?,no,no,CORRECT
2025-12-22 18:57:00,5,/home/kkarthikeyan/deep-learning/DeepLearningProject/Synthetic-Data/vlm_levels/level_5/images/00002_w.png,PRIMARY,right_of,Is the orange triangle to the right of the yellow star?,no,yes,INCORRECT
2025-12-22 18:57:01,5,/home/kkarthikeyan/deep-learning/DeepLearningProject/Synthetic-Data/vlm_levels/level_5/images/00006_b.png,ADVANCED,touching,Is the blue triangle touching the yellow square?,yes,yes,CORRECT
2025-12-22 18:57:01,5,/home/kkarthikeyan/deep-learning/DeepLearningProject/Synthetic-Data/vlm_levels/level_5/images/00006_b.png,ADVANCED,touching,Is the yellow square touching the blue triangle?,yes,yes,CORRECT
2025-12-22 18:57:01,5,/home/kkarthikeyan/deep-learning/DeepLearningProject/Synthetic-Data/vlm_levels/level_5/images/00006_b.png,PRIMARY,left_of,Is the orange star left of the yellow square?,yes,yes,CORRECT
2025-12-22 18:57:01,5,/home/kkarthikeyan/deep-learning/DeepLearningProject/Synthetic-Data/vlm_levels/level_5/images/00006_b.png,PRIMARY,right_of,Is the yellow square right of the orange star?,yes,yes,CORRECT
2025-12-22 18:57:02,5,/home/kkarthikeyan/deep-learning/DeepLearningProject/Synthetic-Data/vlm_levels/level_5/images/00006_b.png,ADVANCED,overlapping,Is the orange star partially covering the lime square?,no,yes,INCORRECT
2025-12-22 18:57:02,5,/home/kkarthikeyan/deep-learning/DeepLearningProject/Synthetic-Data/vlm_levels/level_5/images/00006_b.png,ADVANCED,inside,Is the lime square contained within the blue triangle?,no,yes,INCORRECT
2025-12-22 18:57:02,5,/home/kkarthikeyan/deep-learning/DeepLearningProject/Synthetic-Data/vlm_levels/level_5/images/00006_b.png,PRIMARY,below,Is the blue triangle below the yellow square?,no,yes,INCORRECT
2025-12-22 18:57:02,5,/home/kkarthikeyan/deep-learning/DeepLearningProject/Synthetic-Data/vlm_levels/level_5/images/00006_b.png,PRIMARY,right_of,Is the yellow square to the right of the red square?,no,yes,INCORRECT
2025-12-22 18:57:03,5,/home/kkarthikeyan/deep-learning/DeepLearningProject/Synthetic-Data/vlm_levels/level_5/images/00006_b.png,ADVANCED,touching,Is the orange star touching the blue triangle?,no,yes,INCORRECT
2025-12-22 18:57:03,5,/home/kkarthikeyan/deep-learning/DeepLearningProject/Synthetic-Data/vlm_levels/level_5/images/00005_b.png,PRIMARY,below,Is the blue circle below the orange square?,yes,yes,CORRECT
2025-12-22 18:57:03,5,/home/kkarthikeyan/deep-learning/DeepLearningProject/Synthetic-Data/vlm_levels/level_5/images/00005_b.png,PRIMARY,above,Is the orange square above the blue circle?,yes,yes,CORRECT
2025-12-22 18:57:03,5,/home/kkarthikeyan/deep-learning/DeepLearningProject/Synthetic-Data/vlm_levels/level_5/images/00005_b.png,ADVANCED,touching,Is the cyan triangle touching the orange square?,yes,yes,CORRECT
2025-12-22 18:57:04,5,/home/kkarthikeyan/deep-learning/DeepLearningProject/Synthetic-Data/vlm_levels/level_5/images/00005_b.png,ADVANCED,touching,Is the orange square touching the cyan triangle?,yes,yes,CORRECT
2025-12-22 18:57:04,5,/home/kkarthikeyan/deep-learning/DeepLearningProject/Synthetic-Data/vlm_levels/level_5/images/00005_b.png,PRIMARY,above,Is the cyan triangle above the lime star?,yes,yes,CORRECT
2025-12-22 18:57:04,5,/home/kkarthikeyan/deep-learning/DeepLearningProject/Synthetic-Data/vlm_levels/level_5/images/00005_b.png,ADVANCED,overlapping,Is the cyan triangle partially covering the yellow triangle?,no,yes,INCORRECT
2025-12-22 18:57:04,5,/home/kkarthikeyan/deep-learning/DeepLearningProject/Synthetic-Data/vlm_levels/level_5/images/00005_b.png,ADVANCED,inside,Is the lime star fully inside the orange square?,no,no,CORRECT
2025-12-22 18:57:05,5,/home/kkarthikeyan/deep-learning/DeepLearningProject/Synthetic-Data/vlm_levels/level_5/images/00005_b.png,PRIMARY,above,Is the cyan triangle above the yellow triangle?,no,yes,INCORRECT
2025-12-22 18:57:05,5,/home/kkarthikeyan/deep-learning/DeepLearningProject/Synthetic-Data/vlm_levels/level_5/images/00005_b.png,ADVANCED,inside,Is the cyan triangle fully inside the lime star?,no,no,CORRECT
2025-12-22 18:57:05,5,/home/kkarthikeyan/deep-learning/DeepLearningProject/Synthetic-Data/vlm_levels/level_5/images/00002_b.png,ADVANCED,overlapping,Is the yellow star overlapping with the pink square?,yes,yes,CORRECT
2025-12-22 18:57:06,5,/home/kkarthikeyan/deep-learning/DeepLearningProject/Synthetic-Data/vlm_levels/level_5/images/00002_b.png,ADVANCED,overlapping,Is the pink square overlapping with the yellow star?,yes,yes,CORRECT
2025-12-22 18:57:06,5,/home/kkarthikeyan/deep-learning/DeepLearningProject/Synthetic-Data/vlm_levels/level_5/images/00002_b.png,PRIMARY,above,Is the green circle above the pink square?,yes,yes,CORRECT
2025-12-22 18:57:06,5,/home/kkarthikeyan/deep-learning/DeepLearningProject/Synthetic-Data/vlm_levels/level_5/images/00002_b.png,PRIMARY,below,Is the pink square below the green circle?,yes,yes,CORRECT
2025-12-22 18:57:06,5,/home/kkarthikeyan/deep-learning/DeepLearningProject/Synthetic-Data/vlm_levels/level_5/images/00002_b.png,PRIMARY,right_of,Is the green circle right of the pink square?,yes,yes,CORRECT
2025-12-22 18:57:07,5,/home/kkarthikeyan/deep-learning/DeepLearningProject/Synthetic-Data/vlm_levels/level_5/images/00002_b.png,PRIMARY,left_of,Is the green circle left of the orange triangle?,no,no,CORRECT
2025-12-22 18:57:07,5,/home/kkarthikeyan/deep-learning/DeepLearningProject/Synthetic-Data/vlm_levels/level_5/images/00002_b.png,ADVANCED,inside,Is the yellow star contained within the green circle?,no,yes,INCORRECT
2025-12-22 18:57:07,5,/home/kkarthikeyan/deep-learning/DeepLearningProject/Synthetic-Data/vlm_levels/level_5/images/00002_b.png,PRIMARY,above,Is the orange triangle above the pink square?,no,yes,INCORRECT
2025-12-22 18:57:07,5,/home/kkarthikeyan/deep-learning/DeepLearningProject/Synthetic-Data/vlm_levels/level_5/images/00002_b.png,PRIMARY,below,Is the orange triangle below the pink square?,no,yes,INCORRECT
2025-12-22 18:57:08,5,/home/kkarthikeyan/deep-learning/DeepLearningProject/Synthetic-Data/vlm_levels/level_5/images/00018_w.png,PRIMARY,above,Is the pink circle above the cyan square?,yes,yes,CORRECT
2025-12-22 18:57:08,5,/home/kkarthikeyan/deep-learning/DeepLearningProject/Synthetic-Data/vlm_levels/level_5/images/00018_w.png,PRIMARY,below,Is the cyan square below the pink circle?,yes,yes,CORRECT
2025-12-22 18:57:08,5,/home/kkarthikeyan/deep-learning/DeepLearningProject/Synthetic-Data/vlm_levels/level_5/images/00018_w.png,PRIMARY,right_of,Is the pink circle right of the orange star?,yes,yes,CORRECT
2025-12-22 18:57:08,5,/home/kkarthikeyan/deep-learning/DeepLearningProject/Synthetic-Data/vlm_levels/level_5/images/00018_w.png,PRIMARY,left_of,Is the orange star to the left of the pink circle?,yes,yes,CORRECT
2025-12-22 18:57:09,5,/home/kkarthikeyan/deep-learning/DeepLearningProject/Synthetic-Data/vlm_levels/level_5/images/00018_w.png,PRIMARY,right_of,Is the blue star right of the orange star?,yes,yes,CORRECT
2025-12-22 18:57:09,5,/home/kkarthikeyan/deep-learning/DeepLearningProject/Synthetic-Data/vlm_levels/level_5/images/00018_w.png,PRIMARY,right_of,Is the lime square right of the blue star?,no,yes,INCORRECT
2025-12-22 18:57:09,5,/home/kkarthikeyan/deep-learning/DeepLearningProject/Synthetic-Data/vlm_levels/level_5/images/00018_w.png,ADVANCED,overlapping,Is the lime square partially covering the cyan square?,no,yes,INCORRECT
2025-12-22 18:57:09,5,/home/kkarthikeyan/deep-learning/DeepLearningProject/Synthetic-Data/vlm_levels/level_5/images/00018_w.png,PRIMARY,below,Is the pink circle below the blue star?,no,yes,INCORRECT
2025-12-22 18:57:10,5,/home/kkarthikeyan/deep-learning/DeepLearningProject/Synthetic-Data/vlm_levels/level_5/images/00018_w.png,ADVANCED,inside,Is the pink circle contained within the blue star?,no,yes,INCORRECT
2025-12-22 18:57:10,5,/home/kkarthikeyan/deep-learning/DeepLearningProject/Synthetic-Data/vlm_levels/level_5/images/00018_w.png,PRIMARY,above,Is the lime square above the pink circle?,no,yes,INCORRECT
2025-12-22 18:57:10,5,/home/kkarthikeyan/deep-learning/DeepLearningProject/Synthetic-Data/vlm_levels/level_5/images/00017_w.png,PRIMARY,above,Is the lime star above the pink square?,yes,yes,CORRECT
2025-12-22 18:57:10,5,/home/kkarthikeyan/deep-learning/DeepLearningProject/Synthetic-Data/vlm_levels/level_5/images/00017_w.png,PRIMARY,below,Is the pink square below the lime star?,yes,yes,CORRECT
2025-12-22 18:57:11,5,/home/kkarthikeyan/deep-learning/DeepLearningProject/Synthetic-Data/vlm_levels/level_5/images/00017_w.png,PRIMARY,right_of,Is the pink square right of the lime star?,yes,yes,CORRECT
2025-12-22 18:57:11,5,/home/kkarthikeyan/deep-learning/DeepLearningProject/Synthetic-Data/vlm_levels/level_5/images/00017_w.png,PRIMARY,left_of,Is the lime star left of the pink square?,yes,yes,CORRECT
2025-12-22 18:57:11,5,/home/kkarthikeyan/deep-learning/DeepLearningProject/Synthetic-Data/vlm_levels/level_5/images/00017_w.png,PRIMARY,left_of,Is the yellow star to the left of the lime star?,yes,yes,CORRECT
2025-12-22 18:57:11,5,/home/kkarthikeyan/deep-learning/DeepLearningProject/Synthetic-Data/vlm_levels/level_5/images/00017_w.png,PRIMARY,right_of,Is the orange square to the right of the blue star?,no,yes,INCORRECT
2025-12-22 18:57:12,5,/home/kkarthikeyan/deep-learning/DeepLearningProject/Synthetic-Data/vlm_levels/level_5/images/00017_w.png,PRIMARY,right_of,Is the blue star to the right of the lime star?,no,yes,INCORRECT
2025-12-22 18:57:12,5,/home/kkarthikeyan/deep-learning/DeepLearningProject/Synthetic-Data/vlm_levels/level_5/images/00017_w.png,PRIMARY,left_of,Is the yellow star left of the orange square?,no,yes,INCORRECT
2025-12-22 18:57:12,5,/home/kkarthikeyan/deep-learning/DeepLearningProject/Synthetic-Data/vlm_levels/level_5/images/00017_w.png,ADVANCED,inside,Is the pink square contained within the lime star?,no,yes,INCORRECT
2025-12-22 18:57:12,5,/home/kkarthikeyan/deep-learning/DeepLearningProject/Synthetic-Data/vlm_levels/level_5/images/00017_w.png,ADVANCED,inside,Is the yellow star fully inside the lime star?,no,no,CORRECT
2025-12-22 18:57:13,5,/home/kkarthikeyan/deep-learning/DeepLearningProject/Synthetic-Data/vlm_levels/level_5/images/00017_b.png,PRIMARY,below,Is the blue star below the lime star?,yes,yes,CORRECT
2025-12-22 18:57:13,5,/home/kkarthikeyan/deep-learning/DeepLearningProject/Synthetic-Data/vlm_levels/level_5/images/00017_b.png,PRIMARY,above,Is the lime star above the blue star?,yes,yes,CORRECT
2025-12-22 18:57:13,5,/home/kkarthikeyan/deep-learning/DeepLearningProject/Synthetic-Data/vlm_levels/level_5/images/00017_b.png,PRIMARY,right_of,Is the pink square to the right of the lime star?,yes,yes,CORRECT
2025-12-22 18:57:13,5,/home/kkarthikeyan/deep-learning/DeepLearningProject/Synthetic-Data/vlm_levels/level_5/images/00017_b.png,PRIMARY,left_of,Is the lime star left of the pink square?,yes,yes,CORRECT
2025-12-22 18:57:14,5,/home/kkarthikeyan/deep-learning/DeepLearningProject/Synthetic-Data/vlm_levels/level_5/images/00017_b.png,ADVANCED,touching,Is the yellow star touching the blue star?,yes,yes,CORRECT
2025-12-22 18:57:14,5,/home/kkarthikeyan/deep-learning/DeepLearningProject/Synthetic-Data/vlm_levels/level_5/images/00017_b.png,PRIMARY,left_of,Is the blue star to the left of the yellow star?,no,yes,INCORRECT
2025-12-22 18:57:14,5,/home/kkarthikeyan/deep-learning/DeepLearningProject/Synthetic-Data/vlm_levels/level_5/images/00017_b.png,PRIMARY,below,Is the pink square below the yellow star?,no,yes,INCORRECT
2025-12-22 18:57:14,5,/home/kkarthikeyan/deep-learning/DeepLearningProject/Synthetic-Data/vlm_levels/level_5/images/00017_b.png,ADVANCED,touching,Is the blue star touching the pink square?,no,yes,INCORRECT
2025-12-22 18:57:15,5,/home/kkarthikeyan/deep-learning/DeepLearningProject/Synthetic-Data/vlm_levels/level_5/images/00017_b.png,ADVANCED,touching,Is the pink square touching the lime star?,no,yes,INCORRECT
2025-12-22 18:57:15,5,/home/kkarthikeyan/deep-learning/DeepLearningProject/Synthetic-Data/vlm_levels/level_5/images/00017_b.png,ADVANCED,inside,Is the lime star contained within the yellow star?,no,yes,INCORRECT
2025-12-22 18:57:15,5,/home/kkarthikeyan/deep-learning/DeepLearningProject/Synthetic-Data/vlm_levels/level_5/images/00003_w.png,ADVANCED,overlapping,Is the pink square partially covering the cyan star?,yes,yes,CORRECT
2025-12-22 18:57:15,5,/home/kkarthikeyan/deep-learning/DeepLearningProject/Synthetic-Data/vlm_levels/level_5/images/00003_w.png,ADVANCED,overlapping,Is the cyan star partially covering the pink square?,yes,yes,CORRECT
2025-12-22 18:57:16,5,/home/kkarthikeyan/deep-learning/DeepLearningProject/Synthetic-Data/vlm_levels/level_5/images/00003_w.png,PRIMARY,left_of,Is the blue circle left of the pink square?,yes,yes,CORRECT
2025-12-22 18:57:16,5,/home/kkarthikeyan/deep-learning/DeepLearningProject/Synthetic-Data/vlm_levels/level_5/images/00003_w.png,PRIMARY,right_of,Is the pink square right of the blue circle?,yes,yes,CORRECT
2025-12-22 18:57:16,5,/home/kkarthikeyan/deep-learning/DeepLearningProject/Synthetic-Data/vlm_levels/level_5/images/00003_w.png,PRIMARY,above,Is the cyan star above the blue circle?,yes,yes,CORRECT
2025-12-22 18:57:16,5,/home/kkarthikeyan/deep-learning/DeepLearningProject/Synthetic-Data/vlm_levels/level_5/images/00003_w.png,ADVANCED,inside,Is the blue circle fully inside the cyan star?,no,no,CORRECT
2025-12-22 18:57:17,5,/home/kkarthikeyan/deep-learning/DeepLearningProject/Synthetic-Data/vlm_levels/level_5/images/00003_w.png,ADVANCED,inside,Is the cyan star contained within the red square?,no,yes,INCORRECT
2025-12-22 18:57:17,5,/home/kkarthikeyan/deep-learning/DeepLearningProject/Synthetic-Data/vlm_levels/level_5/images/00003_w.png,ADVANCED,inside,Is the red square enclosed by the cyan star?,no,yes,INCORRECT
2025-12-22 18:57:17,5,/home/kkarthikeyan/deep-learning/DeepLearningProject/Synthetic-Data/vlm_levels/level_5/images/00003_w.png,PRIMARY,below,Is the yellow square below the red square?,no,yes,INCORRECT
2025-12-22 18:57:18,5,/home/kkarthikeyan/deep-learning/DeepLearningProject/Synthetic-Data/vlm_levels/level_5/images/00003_w.png,PRIMARY,below,Is the red square below the blue circle?,no,yes,INCORRECT
2025-12-22 18:57:18,5,/home/kkarthikeyan/deep-learning/DeepLearningProject/Synthetic-Data/vlm_levels/level_5/images/00012_w.png,PRIMARY,above,Is the lime circle above the red triangle?,yes,yes,CORRECT
2025-12-22 18:57:18,5,/home/kkarthikeyan/deep-learning/DeepLearningProject/Synthetic-Data/vlm_levels/level_5/images/00012_w.png,PRIMARY,below,Is the red triangle below the lime circle?,yes,yes,CORRECT
2025-12-22 18:57:18,5,/home/kkarthikeyan/deep-learning/DeepLearningProject/Synthetic-Data/vlm_levels/level_5/images/00012_w.png,PRIMARY,right_of,Is the green square to the right of the lime circle?,yes,yes,CORRECT
2025-12-22 18:57:19,5,/home/kkarthikeyan/deep-learning/DeepLearningProject/Synthetic-Data/vlm_levels/level_5/images/00012_w.png,PRIMARY,left_of,Is the lime circle left of the green square?,yes,yes,CORRECT
2025-12-22 18:57:19,5,/home/kkarthikeyan/deep-learning/DeepLearningProject/Synthetic-Data/vlm_levels/level_5/images/00012_w.png,PRIMARY,below,Is the lime circle below the blue circle?,yes,yes,CORRECT
2025-12-22 18:57:19,5,/home/kkarthikeyan/deep-learning/DeepLearningProject/Synthetic-Data/vlm_levels/level_5/images/00012_w.png,PRIMARY,above,Is the green square above the red triangle?,no,yes,INCORRECT
2025-12-22 18:57:19,5,/home/kkarthikeyan/deep-learning/DeepLearningProject/Synthetic-Data/vlm_levels/level_5/images/00012_w.png,PRIMARY,below,Is the blue circle below the lime circle?,no,yes,INCORRECT
2025-12-22 18:57:20,5,/home/kkarthikeyan/deep-learning/DeepLearningProject/Synthetic-Data/vlm_levels/level_5/images/00012_w.png,ADVANCED,overlapping,Is the lime circle partially covering the blue circle?,no,yes,INCORRECT
2025-12-22 18:57:20,5,/home/kkarthikeyan/deep-learning/DeepLearningProject/Synthetic-Data/vlm_levels/level_5/images/00012_w.png,PRIMARY,below,Is the blue circle below the orange circle?,no,yes,INCORRECT
2025-12-22 18:57:20,5,/home/kkarthikeyan/deep-learning/DeepLearningProject/Synthetic-Data/vlm_levels/level_5/images/00012_w.png,ADVANCED,inside,Is the orange circle fully inside the red triangle?,no,no,CORRECT
2025-12-22 18:57:20,6,/home/kkarthikeyan/deep-learning/DeepLearningProject/Synthetic-Data/vlm_levels/level_6/images/00007_w.png,PRIMARY,right_of,Is the lime circle to the right of the green square?,yes,yes,CORRECT
2025-12-22 18:57:21,6,/home/kkarthikeyan/deep-learning/DeepLearningProject/Synthetic-Data/vlm_levels/level_6/images/00007_w.png,PRIMARY,left_of,Is the green square left of the lime circle?,yes,yes,CORRECT
2025-12-22 18:57:21,6,/home/kkarthikeyan/deep-learning/DeepLearningProject/Synthetic-Data/vlm_levels/level_6/images/00007_w.png,PRIMARY,below,Is the purple circle below the lime circle?,yes,yes,CORRECT
2025-12-22 18:57:21,6,/home/kkarthikeyan/deep-learning/DeepLearningProject/Synthetic-Data/vlm_levels/level_6/images/00007_w.png,PRIMARY,above,Is the lime circle above the purple circle?,yes,yes,CORRECT
2025-12-22 18:57:21,6,/home/kkarthikeyan/deep-learning/DeepLearningProject/Synthetic-Data/vlm_levels/level_6/images/00007_w.png,PRIMARY,below,Is the pink triangle below the orange triangle?,yes,yes,CORRECT
2025-12-22 18:57:22,6,/home/kkarthikeyan/deep-learning/DeepLearningProject/Synthetic-Data/vlm_levels/level_6/images/00007_w.png,ADVANCED,overlapping,Is the green square partially covering the purple circle?,no,yes,INCORRECT
2025-12-22 18:57:22,6,/home/kkarthikeyan/deep-learning/DeepLearningProject/Synthetic-Data/vlm_levels/level_6/images/00007_w.png,ADVANCED,overlapping,Is the yellow circle overlapping with the green square?,no,yes,INCORRECT
2025-12-22 18:57:22,6,/home/kkarthikeyan/deep-learning/DeepLearningProject/Synthetic-Data/vlm_levels/level_6/images/00007_w.png,PRIMARY,above,Is the green square above the purple circle?,no,yes,INCORRECT
2025-12-22 18:57:22,6,/home/kkarthikeyan/deep-learning/DeepLearningProject/Synthetic-Data/vlm_levels/level_6/images/00007_w.png,PRIMARY,left_of,Is the yellow circle left of the purple circle?,no,yes,INCORRECT
2025-12-22 18:57:23,6,/home/kkarthikeyan/deep-learning/DeepLearningProject/Synthetic-Data/vlm_levels/level_6/images/00007_w.png,ADVANCED,overlapping,Is the lime circle partially covering the green square?,no,yes,INCORRECT
2025-12-22 18:57:23,6,/home/kkarthikeyan/deep-learning/DeepLearningProject/Synthetic-Data/vlm_levels/level_6/images/00016_w.png,PRIMARY,above,Is the blue triangle above the purple star?,yes,yes,CORRECT
2025-12-22 18:57:23,6,/home/kkarthikeyan/deep-learning/DeepLearningProject/Synthetic-Data/vlm_levels/level_6/images/00016_w.png,PRIMARY,below,Is the purple star below the blue triangle?,yes,yes,CORRECT
2025-12-22 18:57:23,6,/home/kkarthikeyan/deep-learning/DeepLearningProject/Synthetic-Data/vlm_levels/level_6/images/00016_w.png,PRIMARY,right_of,Is the yellow star to the right of the orange star?,yes,yes,CORRECT
2025-12-22 18:57:24,6,/home/kkarthikeyan/deep-learning/DeepLearningProject/Synthetic-Data/vlm_levels/level_6/images/00016_w.png,PRIMARY,right_of,Is the purple star right of the blue triangle?,no,yes,INCORRECT
2025-12-22 18:57:24,6,/home/kkarthikeyan/deep-learning/DeepLearningProject/Synthetic-Data/vlm_levels/level_6/images/00016_w.png,ADVANCED,touching,Is the purple star touching the yellow star?,no,yes,INCORRECT
2025-12-22 18:57:24,6,/home/kkarthikeyan/deep-learning/DeepLearningProject/Synthetic-Data/vlm_levels/level_6/images/00016_w.png,PRIMARY,above,Is the blue triangle above the yellow star?,no,yes,INCORRECT
2025-12-22 18:57:24,6,/home/kkarthikeyan/deep-learning/DeepLearningProject/Synthetic-Data/vlm_levels/level_6/images/00016_w.png,PRIMARY,below,Is the blue triangle below the cyan triangle?,no,yes,INCORRECT
2025-12-22 18:57:25,6,/home/kkarthikeyan/deep-learning/DeepLearningProject/Synthetic-Data/vlm_levels/level_6/images/00016_w.png,ADVANCED,overlapping,Is the yellow star overlapping with the lime star?,no,yes,INCORRECT
2025-12-22 18:57:25,6,/home/kkarthikeyan/deep-learning/DeepLearningProject/Synthetic-Data/vlm_levels/level_6/images/00010_b.png,PRIMARY,above,Is the blue square above the purple star?,yes,yes,CORRECT
2025-12-22 18:57:25,6,/home/kkarthikeyan/deep-learning/DeepLearningProject/Synthetic-Data/vlm_levels/level_6/images/00010_b.png,PRIMARY,below,Is the purple star below the blue square?,yes,yes,CORRECT
2025-12-22 18:57:25,6,/home/kkarthikeyan/deep-learning/DeepLearningProject/Synthetic-Data/vlm_levels/level_6/images/00010_b.png,PRIMARY,right_of,Is the purple star to the right of the blue square?,yes,yes,CORRECT
2025-12-22 18:57:26,6,/home/kkarthikeyan/deep-learning/DeepLearningProject/Synthetic-Data/vlm_levels/level_6/images/00010_b.png,PRIMARY,left_of,Is the blue square left of the purple star?,yes,yes,CORRECT
2025-12-22 18:57:26,6,/home/kkarthikeyan/deep-learning/DeepLearningProject/Synthetic-Data/vlm_levels/level_6/images/00010_b.png,PRIMARY,left_of,Is the lime triangle left of the red star?,yes,yes,CORRECT
2025-12-22 18:57:26,6,/home/kkarthikeyan/deep-learning/DeepLearningProject/Synthetic-Data/vlm_levels/level_6/images/00010_b.png,ADVANCED,inside,Is the orange triangle contained within the blue square?,no,yes,INCORRECT
2025-12-22 18:57:26,6,/home/kkarthikeyan/deep-learning/DeepLearningProject/Synthetic-Data/vlm_levels/level_6/images/00010_b.png,ADVANCED,touching,Is the lime triangle touching the cyan square?,no,yes,INCORRECT
2025-12-22 18:57:27,6,/home/kkarthikeyan/deep-learning/DeepLearningProject/Synthetic-Data/vlm_levels/level_6/images/00010_b.png,PRIMARY,above,Is the purple star above the blue square?,no,yes,INCORRECT
2025-12-22 18:57:27,6,/home/kkarthikeyan/deep-learning/DeepLearningProject/Synthetic-Data/vlm_levels/level_6/images/00010_b.png,ADVANCED,overlapping,Is the red star partially covering the purple star?,no,yes,INCORRECT
2025-12-22 18:57:27,6,/home/kkarthikeyan/deep-learning/DeepLearningProject/Synthetic-Data/vlm_levels/level_6/images/00010_b.png,PRIMARY,right_of,Is the lime triangle to the right of the cyan square?,no,yes,INCORRECT
2025-12-22 18:57:27,6,/home/kkarthikeyan/deep-learning/DeepLearningProject/Synthetic-Data/vlm_levels/level_6/images/00018_b.png,PRIMARY,above,Is the cyan circle above the yellow star?,yes,yes,CORRECT
2025-12-22 18:57:28,6,/home/kkarthikeyan/deep-learning/DeepLearningProject/Synthetic-Data/vlm_levels/level_6/images/00018_b.png,PRIMARY,below,Is the yellow star below the cyan circle?,yes,yes,CORRECT
2025-12-22 18:57:28,6,/home/kkarthikeyan/deep-learning/DeepLearningProject/Synthetic-Data/vlm_levels/level_6/images/00018_b.png,PRIMARY,left_of,Is the yellow star left of the purple square?,yes,yes,CORRECT
2025-12-22 18:57:28,6,/home/kkarthikeyan/deep-learning/DeepLearningProject/Synthetic-Data/vlm_levels/level_6/images/00018_b.png,PRIMARY,right_of,Is the purple square to the right of the yellow star?,yes,yes,CORRECT
2025-12-22 18:57:29,6,/home/kkarthikeyan/deep-learning/DeepLearningProject/Synthetic-Data/vlm_levels/level_6/images/00018_b.png,PRIMARY,left_of,Is the yellow star to the left of the cyan circle?,yes,yes,CORRECT
2025-12-22 18:57:29,6,/home/kkarthikeyan/deep-learning/DeepLearningProject/Synthetic-Data/vlm_levels/level_6/images/00018_b.png,PRIMARY,left_of,Is the blue circle left of the yellow star?,no,yes,INCORRECT
2025-12-22 18:57:29,6,/home/kkarthikeyan/deep-learning/DeepLearningProject/Synthetic-Data/vlm_levels/level_6/images/00018_b.png,PRIMARY,below,Is the blue circle below the red star?,no,yes,INCORRECT
2025-12-22 18:57:29,6,/home/kkarthikeyan/deep-learning/DeepLearningProject/Synthetic-Data/vlm_levels/level_6/images/00018_b.png,PRIMARY,right_of,Is the blue circle to the right of the purple square?,no,yes,INCORRECT
2025-12-22 18:57:30,6,/home/kkarthikeyan/deep-learning/DeepLearningProject/Synthetic-Data/vlm_levels/level_6/images/00018_b.png,PRIMARY,right_of,Is the pink square to the right of the cyan circle?,no,yes,INCORRECT
2025-12-22 18:57:30,6,/home/kkarthikeyan/deep-learning/DeepLearningProject/Synthetic-Data/vlm_levels/level_6/images/00018_b.png,PRIMARY,right_of,Is the pink square to the right of the yellow star?,no,yes,INCORRECT
2025-12-22 18:57:30,6,/home/kkarthikeyan/deep-learning/DeepLearningProject/Synthetic-Data/vlm_levels/level_6/images/00004_w.png,PRIMARY,right_of,Is the cyan star to the right of the blue triangle?,yes,yes,CORRECT
2025-12-22 18:57:30,6,/home/kkarthikeyan/deep-learning/DeepLearningProject/Synthetic-Data/vlm_levels/level_6/images/00004_w.png,PRIMARY,left_of,Is the blue triangle to the left of the cyan star?,yes,yes,CORRECT
2025-12-22 18:57:31,6,/home/kkarthikeyan/deep-learning/DeepLearningProject/Synthetic-Data/vlm_levels/level_6/images/00004_w.png,PRIMARY,above,Is the blue triangle above the cyan star?,yes,yes,CORRECT
2025-12-22 18:57:31,6,/home/kkarthikeyan/deep-learning/DeepLearningProject/Synthetic-Data/vlm_levels/level_6/images/00004_w.png,PRIMARY,below,Is the cyan star below the blue triangle?,yes,yes,CORRECT
2025-12-22 18:57:31,6,/home/kkarthikeyan/deep-learning/DeepLearningProject/Synthetic-Data/vlm_levels/level_6/images/00004_w.png,PRIMARY,below,Is the lime star below the orange triangle?,yes,yes,CORRECT
2025-12-22 18:57:31,6,/home/kkarthikeyan/deep-learning/DeepLearningProject/Synthetic-Data/vlm_levels/level_6/images/00004_w.png,ADVANCED,overlapping,Is the lime star overlapping with the red triangle?,no,yes,INCORRECT
2025-12-22 18:57:32,6,/home/kkarthikeyan/deep-learning/DeepLearningProject/Synthetic-Data/vlm_levels/level_6/images/00004_w.png,PRIMARY,left_of,Is the purple triangle left of the red triangle?,no,yes,INCORRECT
2025-12-22 18:57:32,6,/home/kkarthikeyan/deep-learning/DeepLearningProject/Synthetic-Data/vlm_levels/level_6/images/00004_w.png,PRIMARY,below,Is the blue triangle below the lime star?,no,yes,INCORRECT
2025-12-22 18:57:32,6,/home/kkarthikeyan/deep-learning/DeepLearningProject/Synthetic-Data/vlm_levels/level_6/images/00004_w.png,ADVANCED,overlapping,Is the blue triangle overlapping with the purple triangle?,no,yes,INCORRECT
2025-12-22 18:57:32,6,/home/kkarthikeyan/deep-learning/DeepLearningProject/Synthetic-Data/vlm_levels/level_6/images/00004_w.png,PRIMARY,below,Is the blue triangle below the orange triangle?,no,yes,INCORRECT
2025-12-22 18:57:33,6,/home/kkarthikeyan/deep-learning/DeepLearningProject/Synthetic-Data/vlm_levels/level_6/images/00008_w.png,PRIMARY,left_of,Is the yellow star left of the pink circle?,yes,yes,CORRECT
2025-12-22 18:57:33,6,/home/kkarthikeyan/deep-learning/DeepLearningProject/Synthetic-Data/vlm_levels/level_6/images/00008_w.png,PRIMARY,right_of,Is the pink circle right of the yellow star?,yes,yes,CORRECT
2025-12-22 18:57:33,6,/home/kkarthikeyan/deep-learning/DeepLearningProject/Synthetic-Data/vlm_levels/level_6/images/00008_w.png,ADVANCED,touching,Is the pink circle touching the yellow star?,yes,yes,CORRECT
2025-12-22 18:57:33,6,/home/kkarthikeyan/deep-learning/DeepLearningProject/Synthetic-Data/vlm_levels/level_6/images/00008_w.png,ADVANCED,touching,Is the yellow star touching the pink circle?,yes,yes,CORRECT
2025-12-22 18:57:34,6,/home/kkarthikeyan/deep-learning/DeepLearningProject/Synthetic-Data/vlm_levels/level_6/images/00008_w.png,PRIMARY,left_of,Is the green triangle left of the pink circle?,yes,yes,CORRECT
2025-12-22 18:57:34,6,/home/kkarthikeyan/deep-learning/DeepLearningProject/Synthetic-Data/vlm_levels/level_6/images/00008_w.png,ADVANCED,touching,Is the red triangle touching the green triangle?,no,no,CORRECT
2025-12-22 18:57:34,6,/home/kkarthikeyan/deep-learning/DeepLearningProject/Synthetic-Data/vlm_levels/level_6/images/00008_w.png,ADVANCED,overlapping,Is the cyan star overlapping with the green triangle?,no,yes,INCORRECT
2025-12-22 18:57:34,6,/home/kkarthikeyan/deep-learning/DeepLearningProject/Synthetic-Data/vlm_levels/level_6/images/00008_w.png,ADVANCED,overlapping,Is the green triangle partially covering the purple circle?,no,yes,INCORRECT
2025-12-22 18:57:35,6,/home/kkarthikeyan/deep-learning/DeepLearningProject/Synthetic-Data/vlm_levels/level_6/images/00008_w.png,PRIMARY,above,Is the cyan star above the red triangle?,no,yes,INCORRECT
2025-12-22 18:57:35,6,/home/kkarthikeyan/deep-learning/DeepLearningProject/Synthetic-Data/vlm_levels/level_6/images/00008_w.png,PRIMARY,right_of,Is the yellow star right of the green triangle?,no,yes,INCORRECT
2025-12-22 18:57:35,6,/home/kkarthikeyan/deep-learning/DeepLearningProject/Synthetic-Data/vlm_levels/level_6/images/00015_w.png,PRIMARY,left_of,Is the red star left of the orange square?,yes,yes,CORRECT
2025-12-22 18:57:35,6,/home/kkarthikeyan/deep-learning/DeepLearningProject/Synthetic-Data/vlm_levels/level_6/images/00015_w.png,PRIMARY,right_of,Is the orange square right of the red star?,yes,yes,CORRECT
2025-12-22 18:57:36,6,/home/kkarthikeyan/deep-learning/DeepLearningProject/Synthetic-Data/vlm_levels/level_6/images/00015_w.png,PRIMARY,below,Is the green circle below the orange square?,yes,yes,CORRECT
2025-12-22 18:57:36,6,/home/kkarthikeyan/deep-learning/DeepLearningProject/Synthetic-Data/vlm_levels/level_6/images/00015_w.png,PRIMARY,above,Is the orange square above the green circle?,yes,yes,CORRECT
2025-12-22 18:57:36,6,/home/kkarthikeyan/deep-learning/DeepLearningProject/Synthetic-Data/vlm_levels/level_6/images/00015_w.png,PRIMARY,below,Is the lime star below the orange square?,yes,yes,CORRECT
2025-12-22 18:57:36,6,/home/kkarthikeyan/deep-learning/DeepLearningProject/Synthetic-Data/vlm_levels/level_6/images/00015_w.png,PRIMARY,below,Is the green circle below the pink square?,no,yes,INCORRECT
2025-12-22 18:57:37,6,/home/kkarthikeyan/deep-learning/DeepLearningProject/Synthetic-Data/vlm_levels/level_6/images/00015_w.png,ADVANCED,inside,Is the pink square contained within the cyan circle?,no,yes,INCORRECT
2025-12-22 18:57:37,6,/home/kkarthikeyan/deep-learning/DeepLearningProject/Synthetic-Data/vlm_levels/level_6/images/00015_w.png,ADVANCED,inside,Is the orange square contained within the cyan circle?,no,yes,INCORRECT
2025-12-22 18:57:37,6,/home/kkarthikeyan/deep-learning/DeepLearningProject/Synthetic-Data/vlm_levels/level_6/images/00015_w.png,PRIMARY,above,Is the lime star above the pink square?,no,yes,INCORRECT
2025-12-22 18:57:37,6,/home/kkarthikeyan/deep-learning/DeepLearningProject/Synthetic-Data/vlm_levels/level_6/images/00015_w.png,PRIMARY,left_of,Is the orange square to the left of the lime star?,no,yes,INCORRECT
2025-12-22 18:57:38,6,/home/kkarthikeyan/deep-learning/DeepLearningProject/Synthetic-Data/vlm_levels/level_6/images/00013_w.png,PRIMARY,below,Is the pink square below the yellow square?,yes,yes,CORRECT
2025-12-22 18:57:38,6,/home/kkarthikeyan/deep-learning/DeepLearningProject/Synthetic-Data/vlm_levels/level_6/images/00013_w.png,PRIMARY,above,Is the yellow square above the pink square?,yes,yes,CORRECT
2025-12-22 18:57:38,6,/home/kkarthikeyan/deep-learning/DeepLearningProject/Synthetic-Data/vlm_levels/level_6/images/00013_w.png,PRIMARY,below,Is the purple square below the yellow square?,yes,yes,CORRECT
2025-12-22 18:57:38,6,/home/kkarthikeyan/deep-learning/DeepLearningProject/Synthetic-Data/vlm_levels/level_6/images/00013_w.png,PRIMARY,above,Is the yellow square above the purple square?,yes,yes,CORRECT
2025-12-22 18:57:39,6,/home/kkarthikeyan/deep-learning/DeepLearningProject/Synthetic-Data/vlm_levels/level_6/images/00013_w.png,PRIMARY,right_of,Is the purple square right of the pink square?,yes,yes,CORRECT
2025-12-22 18:57:39,6,/home/kkarthikeyan/deep-learning/DeepLearningProject/Synthetic-Data/vlm_levels/level_6/images/00013_w.png,ADVANCED,inside,Is the yellow square fully inside the red square?,no,no,CORRECT
2025-12-22 18:57:39,6,/home/kkarthikeyan/deep-learning/DeepLearningProject/Synthetic-Data/vlm_levels/level_6/images/00013_w.png,PRIMARY,right_of,Is the purple square right of the orange triangle?,no,yes,INCORRECT
2025-12-22 18:57:39,6,/home/kkarthikeyan/deep-learning/DeepLearningProject/Synthetic-Data/vlm_levels/level_6/images/00013_w.png,ADVANCED,inside,Is the orange triangle enclosed by the red square?,no,yes,INCORRECT
2025-12-22 18:57:40,6,/home/kkarthikeyan/deep-learning/DeepLearningProject/Synthetic-Data/vlm_levels/level_6/images/00013_w.png,PRIMARY,above,Is the green star above the pink square?,no,yes,INCORRECT
2025-12-22 18:57:40,6,/home/kkarthikeyan/deep-learning/DeepLearningProject/Synthetic-Data/vlm_levels/level_6/images/00013_w.png,PRIMARY,right_of,Is the red square right of the green star?,no,yes,INCORRECT
2025-12-22 18:57:40,6,/home/kkarthikeyan/deep-learning/DeepLearningProject/Synthetic-Data/vlm_levels/level_6/images/00008_b.png,PRIMARY,above,Is the cyan star above the purple circle?,yes,yes,CORRECT
2025-12-22 18:57:41,6,/home/kkarthikeyan/deep-learning/DeepLearningProject/Synthetic-Data/vlm_levels/level_6/images/00008_b.png,PRIMARY,below,Is the purple circle below the cyan star?,yes,yes,CORRECT
2025-12-22 18:57:41,6,/home/kkarthikeyan/deep-learning/DeepLearningProject/Synthetic-Data/vlm_levels/level_6/images/00008_b.png,PRIMARY,left_of,Is the cyan star left of the red triangle?,yes,yes,CORRECT
2025-12-22 18:57:41,6,/home/kkarthikeyan/deep-learning/DeepLearningProject/Synthetic-Data/vlm_levels/level_6/images/00008_b.png,PRIMARY,right_of,Is the red triangle to the right of the cyan star?,yes,yes,CORRECT
2025-12-22 18:57:41,6,/home/kkarthikeyan/deep-learning/DeepLearningProject/Synthetic-Data/vlm_levels/level_6/images/00008_b.png,PRIMARY,right_of,Is the red triangle to the right of the green triangle?,yes,yes,CORRECT
2025-12-22 18:57:42,6,/home/kkarthikeyan/deep-learning/DeepLearningProject/Synthetic-Data/vlm_levels/level_6/images/00008_b.png,ADVANCED,overlapping,Is the green triangle partially covering the yellow star?,no,yes,INCORRECT
2025-12-22 18:57:42,6,/home/kkarthikeyan/deep-learning/DeepLearningProject/Synthetic-Data/vlm_levels/level_6/images/00008_b.png,ADVANCED,touching,Is the green triangle touching the purple circle?,no,yes,INCORRECT
2025-12-22 18:57:42,6,/home/kkarthikeyan/deep-learning/DeepLearningProject/Synthetic-Data/vlm_levels/level_6/images/00008_b.png,ADVANCED,overlapping,Is the purple circle partially covering the cyan star?,no,yes,INCORRECT
2025-12-22 18:57:42,6,/home/kkarthikeyan/deep-learning/DeepLearningProject/Synthetic-Data/vlm_levels/level_6/images/00008_b.png,ADVANCED,touching,Is the yellow star touching the green triangle?,no,yes,INCORRECT
2025-12-22 18:57:43,6,/home/kkarthikeyan/deep-learning/DeepLearningProject/Synthetic-Data/vlm_levels/level_6/images/00008_b.png,ADVANCED,touching,Is the pink circle touching the purple circle?,no,yes,INCORRECT
2025-12-22 18:57:43,6,/home/kkarthikeyan/deep-learning/DeepLearningProject/Synthetic-Data/vlm_levels/level_6/images/00014_w.png,PRIMARY,right_of,Is the green circle right of the yellow circle?,yes,yes,CORRECT
2025-12-22 18:57:43,6,/home/kkarthikeyan/deep-learning/DeepLearningProject/Synthetic-Data/vlm_levels/level_6/images/00014_w.png,PRIMARY,left_of,Is the yellow circle left of the green circle?,yes,yes,CORRECT
2025-12-22 18:57:43,6,/home/kkarthikeyan/deep-learning/DeepLearningProject/Synthetic-Data/vlm_levels/level_6/images/00014_w.png,PRIMARY,left_of,Is the red circle left of the lime circle?,yes,yes,CORRECT
2025-12-22 18:57:44,6,/home/kkarthikeyan/deep-learning/DeepLearningProject/Synthetic-Data/vlm_levels/level_6/images/00014_w.png,PRIMARY,right_of,Is the lime circle right of the red circle?,yes,yes,CORRECT
2025-12-22 18:57:44,6,/home/kkarthikeyan/deep-learning/DeepLearningProject/Synthetic-Data/vlm_levels/level_6/images/00014_w.png,PRIMARY,below,Is the red circle below the yellow circle?,yes,yes,CORRECT
2025-12-22 18:57:44,6,/home/kkarthikeyan/deep-learning/DeepLearningProject/Synthetic-Data/vlm_levels/level_6/images/00014_w.png,ADVANCED,touching,Is the red circle touching the yellow circle?,no,yes,INCORRECT
2025-12-22 18:57:44,6,/home/kkarthikeyan/deep-learning/DeepLearningProject/Synthetic-Data/vlm_levels/level_6/images/00014_w.png,PRIMARY,above,Is the red circle above the lime circle?,no,yes,INCORRECT
2025-12-22 18:57:45,6,/home/kkarthikeyan/deep-learning/DeepLearningProject/Synthetic-Data/vlm_levels/level_6/images/00014_w.png,ADVANCED,overlapping,Is the lime circle overlapping with the red circle?,no,yes,INCORRECT
2025-12-22 18:57:45,6,/home/kkarthikeyan/deep-learning/DeepLearningProject/Synthetic-Data/vlm_levels/level_6/images/00014_w.png,PRIMARY,left_of,Is the pink star to the left of the red circle?,no,no,CORRECT
2025-12-22 18:57:45,6,/home/kkarthikeyan/deep-learning/DeepLearningProject/Synthetic-Data/vlm_levels/level_6/images/00014_w.png,PRIMARY,right_of,Is the pink star right of the purple star?,no,yes,INCORRECT
2025-12-22 18:57:45,6,/home/kkarthikeyan/deep-learning/DeepLearningProject/Synthetic-Data/vlm_levels/level_6/images/00006_w.png,PRIMARY,right_of,Is the pink star to the right of the orange star?,yes,yes,CORRECT
2025-12-22 18:57:46,6,/home/kkarthikeyan/deep-learning/DeepLearningProject/Synthetic-Data/vlm_levels/level_6/images/00006_w.png,PRIMARY,left_of,Is the orange star to the left of the pink star?,yes,yes,CORRECT
2025-12-22 18:57:46,6,/home/kkarthikeyan/deep-learning/DeepLearningProject/Synthetic-Data/vlm_levels/level_6/images/00006_w.png,ADVANCED,inside,Is the green triangle fully inside the yellow star?,yes,no,INCORRECT
2025-12-22 18:57:46,6,/home/kkarthikeyan/deep-learning/DeepLearningProject/Synthetic-Data/vlm_levels/level_6/images/00006_w.png,ADVANCED,encapsulates,Is the yellow star containing the green triangle?,yes,yes,CORRECT
2025-12-22 18:57:46,6,/home/kkarthikeyan/deep-learning/DeepLearningProject/Synthetic-Data/vlm_levels/level_6/images/00006_w.png,PRIMARY,left_of,Is the orange star left of the yellow star?,yes,yes,CORRECT
2025-12-22 18:57:47,6,/home/kkarthikeyan/deep-learning/DeepLearningProject/Synthetic-Data/vlm_levels/level_6/images/00006_w.png,ADVANCED,touching,Is the pink star touching the green triangle?,no,yes,INCORRECT
2025-12-22 18:57:47,6,/home/kkarthikeyan/deep-learning/DeepLearningProject/Synthetic-Data/vlm_levels/level_6/images/00006_w.png,ADVANCED,inside,Is the orange star fully inside the pink star?,no,no,CORRECT
2025-12-22 18:57:47,6,/home/kkarthikeyan/deep-learning/DeepLearningProject/Synthetic-Data/vlm_levels/level_6/images/00006_w.png,ADVANCED,inside,Is the green triangle fully inside the orange star?,no,no,CORRECT
2025-12-22 18:57:47,6,/home/kkarthikeyan/deep-learning/DeepLearningProject/Synthetic-Data/vlm_levels/level_6/images/00006_w.png,ADVANCED,touching,Is the purple triangle touching the yellow star?,no,yes,INCORRECT
2025-12-22 18:57:48,6,/home/kkarthikeyan/deep-learning/DeepLearningProject/Synthetic-Data/vlm_levels/level_6/images/00006_w.png,PRIMARY,left_of,Is the yellow star to the left of the orange star?,no,no,CORRECT
2025-12-22 18:57:48,6,/home/kkarthikeyan/deep-learning/DeepLearningProject/Synthetic-Data/vlm_levels/level_6/images/00011_b.png,PRIMARY,above,Is the pink square above the yellow star?,yes,yes,CORRECT
2025-12-22 18:57:48,6,/home/kkarthikeyan/deep-learning/DeepLearningProject/Synthetic-Data/vlm_levels/level_6/images/00011_b.png,PRIMARY,below,Is the yellow star below the pink square?,yes,yes,CORRECT
2025-12-22 18:57:48,6,/home/kkarthikeyan/deep-learning/DeepLearningProject/Synthetic-Data/vlm_levels/level_6/images/00011_b.png,PRIMARY,right_of,Is the lime triangle right of the purple square?,yes,yes,CORRECT
2025-12-22 18:57:49,6,/home/kkarthikeyan/deep-learning/DeepLearningProject/Synthetic-Data/vlm_levels/level_6/images/00011_b.png,PRIMARY,left_of,Is the purple square left of the lime triangle?,yes,yes,CORRECT
2025-12-22 18:57:49,6,/home/kkarthikeyan/deep-learning/DeepLearningProject/Synthetic-Data/vlm_levels/level_6/images/00011_b.png,PRIMARY,below,Is the blue triangle below the lime triangle?,yes,yes,CORRECT
2025-12-22 18:57:49,6,/home/kkarthikeyan/deep-learning/DeepLearningProject/Synthetic-Data/vlm_levels/level_6/images/00011_b.png,ADVANCED,overlapping,Is the blue triangle overlapping with the lime triangle?,no,yes,INCORRECT
2025-12-22 18:57:49,6,/home/kkarthikeyan/deep-learning/DeepLearningProject/Synthetic-Data/vlm_levels/level_6/images/00011_b.png,ADVANCED,overlapping,Is the lime triangle partially covering the blue triangle?,no,yes,INCORRECT
2025-12-22 18:57:50,6,/home/kkarthikeyan/deep-learning/DeepLearningProject/Synthetic-Data/vlm_levels/level_6/images/00011_b.png,ADVANCED,overlapping,Is the blue triangle overlapping with the orange circle?,no,yes,INCORRECT
2025-12-22 18:57:50,6,/home/kkarthikeyan/deep-learning/DeepLearningProject/Synthetic-Data/vlm_levels/level_6/images/00011_b.png,ADVANCED,inside,Is the lime triangle fully inside the purple square?,no,no,CORRECT
2025-12-22 18:57:50,6,/home/kkarthikeyan/deep-learning/DeepLearningProject/Synthetic-Data/vlm_levels/level_6/images/00011_b.png,PRIMARY,above,Is the yellow star above the purple square?,no,yes,INCORRECT
2025-12-22 18:57:50,6,/home/kkarthikeyan/deep-learning/DeepLearningProject/Synthetic-Data/vlm_levels/level_6/images/00003_b.png,PRIMARY,right_of,Is the green triangle right of the lime star?,yes,yes,CORRECT
2025-12-22 18:57:51,6,/home/kkarthikeyan/deep-learning/DeepLearningProject/Synthetic-Data/vlm_levels/level_6/images/00003_b.png,PRIMARY,left_of,Is the lime star to the left of the green triangle?,yes,yes,CORRECT
2025-12-22 18:57:51,6,/home/kkarthikeyan/deep-learning/DeepLearningProject/Synthetic-Data/vlm_levels/level_6/images/00003_b.png,PRIMARY,above,Is the orange circle above the lime star?,yes,yes,CORRECT
2025-12-22 18:57:51,6,/home/kkarthikeyan/deep-learning/DeepLearningProject/Synthetic-Data/vlm_levels/level_6/images/00003_b.png,PRIMARY,below,Is the lime star below the orange circle?,yes,yes,CORRECT
2025-12-22 18:57:51,6,/home/kkarthikeyan/deep-learning/DeepLearningProject/Synthetic-Data/vlm_levels/level_6/images/00003_b.png,ADVANCED,touching,Is the blue circle touching the cyan triangle?,yes,yes,CORRECT
2025-12-22 18:57:52,6,/home/kkarthikeyan/deep-learning/DeepLearningProject/Synthetic-Data/vlm_levels/level_6/images/00003_b.png,PRIMARY,below,Is the red square below the green triangle?,no,yes,INCORRECT
2025-12-22 18:57:52,6,/home/kkarthikeyan/deep-learning/DeepLearningProject/Synthetic-Data/vlm_levels/level_6/images/00003_b.png,ADVANCED,inside,Is the green triangle contained within the cyan triangle?,no,yes,INCORRECT
2025-12-22 18:57:52,6,/home/kkarthikeyan/deep-learning/DeepLearningProject/Synthetic-Data/vlm_levels/level_6/images/00003_b.png,PRIMARY,left_of,Is the green triangle to the left of the orange circle?,no,no,CORRECT
2025-12-22 18:57:53,6,/home/kkarthikeyan/deep-learning/DeepLearningProject/Synthetic-Data/vlm_levels/level_6/images/00003_b.png,ADVANCED,touching,Is the lime star touching the red square?,no,yes,INCORRECT
2025-12-22 18:57:53,6,/home/kkarthikeyan/deep-learning/DeepLearningProject/Synthetic-Data/vlm_levels/level_6/images/00003_b.png,PRIMARY,below,Is the blue circle below the cyan triangle?,no,yes,INCORRECT
2025-12-22 18:57:53,6,/home/kkarthikeyan/deep-learning/DeepLearningProject/Synthetic-Data/vlm_levels/level_6/images/00014_b.png,PRIMARY,above,Is the yellow circle above the purple star?,yes,yes,CORRECT
2025-12-22 18:57:53,6,/home/kkarthikeyan/deep-learning/DeepLearningProject/Synthetic-Data/vlm_levels/level_6/images/00014_b.png,PRIMARY,below,Is the purple star below the yellow circle?,yes,yes,CORRECT
2025-12-22 18:57:54,6,/home/kkarthikeyan/deep-learning/DeepLearningProject/Synthetic-Data/vlm_levels/level_6/images/00014_b.png,PRIMARY,left_of,Is the yellow circle left of the pink star?,yes,yes,CORRECT
2025-12-22 18:57:54,6,/home/kkarthikeyan/deep-learning/DeepLearningProject/Synthetic-Data/vlm_levels/level_6/images/00014_b.png,PRIMARY,right_of,Is the pink star to the right of the yellow circle?,yes,yes,CORRECT
2025-12-22 18:57:54,6,/home/kkarthikeyan/deep-learning/DeepLearningProject/Synthetic-Data/vlm_levels/level_6/images/00014_b.png,PRIMARY,left_of,Is the lime circle to the left of the purple star?,yes,yes,CORRECT
2025-12-22 18:57:54,6,/home/kkarthikeyan/deep-learning/DeepLearningProject/Synthetic-Data/vlm_levels/level_6/images/00014_b.png,PRIMARY,above,Is the green circle above the pink star?,no,yes,INCORRECT
2025-12-22 18:57:55,6,/home/kkarthikeyan/deep-learning/DeepLearningProject/Synthetic-Data/vlm_levels/level_6/images/00014_b.png,PRIMARY,right_of,Is the red circle right of the lime circle?,no,yes,INCORRECT
2025-12-22 18:57:55,6,/home/kkarthikeyan/deep-learning/DeepLearningProject/Synthetic-Data/vlm_levels/level_6/images/00014_b.png,ADVANCED,touching,Is the pink star touching the red circle?,no,yes,INCORRECT
2025-12-22 18:57:55,6,/home/kkarthikeyan/deep-learning/DeepLearningProject/Synthetic-Data/vlm_levels/level_6/images/00014_b.png,PRIMARY,left_of,Is the green circle left of the purple star?,no,yes,INCORRECT
2025-12-22 18:57:55,6,/home/kkarthikeyan/deep-learning/DeepLearningProject/Synthetic-Data/vlm_levels/level_6/images/00014_b.png,ADVANCED,inside,Is the yellow circle enclosed by the purple star?,no,yes,INCORRECT
2025-12-22 18:57:56,6,/home/kkarthikeyan/deep-learning/DeepLearningProject/Synthetic-Data/vlm_levels/level_6/images/00019_w.png,ADVANCED,overlapping,Is the cyan square partially covering the orange square?,yes,yes,CORRECT
2025-12-22 18:57:56,6,/home/kkarthikeyan/deep-learning/DeepLearningProject/Synthetic-Data/vlm_levels/level_6/images/00019_w.png,ADVANCED,overlapping,Is the orange square partially covering the cyan square?,yes,yes,CORRECT
2025-12-22 18:57:56,6,/home/kkarthikeyan/deep-learning/DeepLearningProject/Synthetic-Data/vlm_levels/level_6/images/00019_w.png,PRIMARY,above,Is the cyan square above the lime triangle?,yes,yes,CORRECT
2025-12-22 18:57:56,6,/home/kkarthikeyan/deep-learning/DeepLearningProject/Synthetic-Data/vlm_levels/level_6/images/00019_w.png,PRIMARY,below,Is the lime triangle below the cyan square?,yes,yes,CORRECT
2025-12-22 18:57:57,6,/home/kkarthikeyan/deep-learning/DeepLearningProject/Synthetic-Data/vlm_levels/level_6/images/00019_w.png,ADVANCED,inside,Is the cyan square contained within the orange square?,yes,yes,CORRECT
2025-12-22 18:57:57,6,/home/kkarthikeyan/deep-learning/DeepLearningProject/Synthetic-Data/vlm_levels/level_6/images/00019_w.png,PRIMARY,above,Is the red star above the green star?,no,yes,INCORRECT
2025-12-22 18:57:57,6,/home/kkarthikeyan/deep-learning/DeepLearningProject/Synthetic-Data/vlm_levels/level_6/images/00019_w.png,PRIMARY,above,Is the lime triangle above the cyan square?,no,yes,INCORRECT
2025-12-22 18:57:57,6,/home/kkarthikeyan/deep-learning/DeepLearningProject/Synthetic-Data/vlm_levels/level_6/images/00019_w.png,PRIMARY,below,Is the cyan square below the lime triangle?,no,yes,INCORRECT
2025-12-22 18:57:58,6,/home/kkarthikeyan/deep-learning/DeepLearningProject/Synthetic-Data/vlm_levels/level_6/images/00019_w.png,ADVANCED,overlapping,Is the pink square partially covering the orange square?,no,yes,INCORRECT
2025-12-22 18:57:58,6,/home/kkarthikeyan/deep-learning/DeepLearningProject/Synthetic-Data/vlm_levels/level_6/images/00019_w.png,PRIMARY,below,Is the pink square below the red star?,no,yes,INCORRECT
2025-12-22 18:57:58,6,/home/kkarthikeyan/deep-learning/DeepLearningProject/Synthetic-Data/vlm_levels/level_6/images/00001_w.png,PRIMARY,right_of,Is the blue square right of the red star?,yes,yes,CORRECT
2025-12-22 18:57:58,6,/home/kkarthikeyan/deep-learning/DeepLearningProject/Synthetic-Data/vlm_levels/level_6/images/00001_w.png,PRIMARY,left_of,Is the red star left of the blue square?,yes,yes,CORRECT
2025-12-22 18:57:59,6,/home/kkarthikeyan/deep-learning/DeepLearningProject/Synthetic-Data/vlm_levels/level_6/images/00001_w.png,PRIMARY,left_of,Is the red star to the left of the blue square?,yes,yes,CORRECT
2025-12-22 18:57:59,6,/home/kkarthikeyan/deep-learning/DeepLearningProject/Synthetic-Data/vlm_levels/level_6/images/00001_w.png,PRIMARY,right_of,Is the blue square to the right of the red star?,yes,yes,CORRECT
2025-12-22 18:57:59,6,/home/kkarthikeyan/deep-learning/DeepLearningProject/Synthetic-Data/vlm_levels/level_6/images/00001_w.png,PRIMARY,below,Is the orange circle below the pink triangle?,yes,yes,CORRECT
2025-12-22 18:57:59,6,/home/kkarthikeyan/deep-learning/DeepLearningProject/Synthetic-Data/vlm_levels/level_6/images/00001_w.png,PRIMARY,above,Is the orange circle above the lime circle?,no,yes,INCORRECT
2025-12-22 18:58:00,6,/home/kkarthikeyan/deep-learning/DeepLearningProject/Synthetic-Data/vlm_levels/level_6/images/00001_w.png,ADVANCED,overlapping,Is the orange circle overlapping with the pink triangle?,no,yes,INCORRECT
2025-12-22 18:58:00,6,/home/kkarthikeyan/deep-learning/DeepLearningProject/Synthetic-Data/vlm_levels/level_6/images/00001_w.png,ADVANCED,inside,Is the orange circle enclosed by the blue square?,no,yes,INCORRECT
2025-12-22 18:58:00,6,/home/kkarthikeyan/deep-learning/DeepLearningProject/Synthetic-Data/vlm_levels/level_6/images/00001_w.png,PRIMARY,left_of,Is the blue square left of the red star?,no,yes,INCORRECT
2025-12-22 18:58:00,6,/home/kkarthikeyan/deep-learning/DeepLearningProject/Synthetic-Data/vlm_levels/level_6/images/00001_w.png,ADVANCED,touching,Is the red star touching the lime circle?,no,yes,INCORRECT
2025-12-22 18:58:01,6,/home/kkarthikeyan/deep-learning/DeepLearningProject/Synthetic-Data/vlm_levels/level_6/images/00011_w.png,PRIMARY,below,Is the pink square below the lime triangle?,yes,yes,CORRECT
2025-12-22 18:58:01,6,/home/kkarthikeyan/deep-learning/DeepLearningProject/Synthetic-Data/vlm_levels/level_6/images/00011_w.png,PRIMARY,above,Is the lime triangle above the pink square?,yes,yes,CORRECT
2025-12-22 18:58:01,6,/home/kkarthikeyan/deep-learning/DeepLearningProject/Synthetic-Data/vlm_levels/level_6/images/00011_w.png,ADVANCED,overlapping,Is the lime triangle overlapping with the pink square?,yes,yes,CORRECT
2025-12-22 18:58:01,6,/home/kkarthikeyan/deep-learning/DeepLearningProject/Synthetic-Data/vlm_levels/level_6/images/00011_w.png,ADVANCED,overlapping,Is the pink square overlapping with the lime triangle?,yes,yes,CORRECT
2025-12-22 18:58:02,6,/home/kkarthikeyan/deep-learning/DeepLearningProject/Synthetic-Data/vlm_levels/level_6/images/00011_w.png,PRIMARY,left_of,Is the lime triangle to the left of the pink square?,yes,yes,CORRECT
2025-12-22 18:58:02,6,/home/kkarthikeyan/deep-learning/DeepLearningProject/Synthetic-Data/vlm_levels/level_6/images/00011_w.png,ADVANCED,touching,Is the pink square touching the purple square?,no,yes,INCORRECT
2025-12-22 18:58:02,6,/home/kkarthikeyan/deep-learning/DeepLearningProject/Synthetic-Data/vlm_levels/level_6/images/00011_w.png,ADVANCED,touching,Is the purple square touching the yellow star?,no,yes,INCORRECT
2025-12-22 18:58:02,6,/home/kkarthikeyan/deep-learning/DeepLearningProject/Synthetic-Data/vlm_levels/level_6/images/00011_w.png,ADVANCED,inside,Is the orange circle enclosed by the blue triangle?,no,yes,INCORRECT
2025-12-22 18:58:03,6,/home/kkarthikeyan/deep-learning/DeepLearningProject/Synthetic-Data/vlm_levels/level_6/images/00011_w.png,PRIMARY,above,Is the blue triangle above the orange circle?,no,yes,INCORRECT
2025-12-22 18:58:03,6,/home/kkarthikeyan/deep-learning/DeepLearningProject/Synthetic-Data/vlm_levels/level_6/images/00011_w.png,PRIMARY,above,Is the yellow star above the blue triangle?,no,yes,INCORRECT
2025-12-22 18:58:03,6,/home/kkarthikeyan/deep-learning/DeepLearningProject/Synthetic-Data/vlm_levels/level_6/images/00009_b.png,PRIMARY,below,Is the blue circle below the cyan star?,yes,yes,CORRECT
2025-12-22 18:58:04,6,/home/kkarthikeyan/deep-learning/DeepLearningProject/Synthetic-Data/vlm_levels/level_6/images/00009_b.png,PRIMARY,above,Is the cyan star above the blue circle?,yes,yes,CORRECT
2025-12-22 18:58:04,6,/home/kkarthikeyan/deep-learning/DeepLearningProject/Synthetic-Data/vlm_levels/level_6/images/00009_b.png,PRIMARY,right_of,Is the cyan star to the right of the purple triangle?,yes,yes,CORRECT
2025-12-22 18:58:04,6,/home/kkarthikeyan/deep-learning/DeepLearningProject/Synthetic-Data/vlm_levels/level_6/images/00009_b.png,PRIMARY,left_of,Is the purple triangle to the left of the cyan star?,yes,yes,CORRECT
2025-12-22 18:58:04,6,/home/kkarthikeyan/deep-learning/DeepLearningProject/Synthetic-Data/vlm_levels/level_6/images/00009_b.png,ADVANCED,inside,Is the red triangle contained within the purple triangle?,yes,yes,CORRECT
2025-12-22 18:58:05,6,/home/kkarthikeyan/deep-learning/DeepLearningProject/Synthetic-Data/vlm_levels/level_6/images/00009_b.png,PRIMARY,below,Is the yellow circle below the blue circle?,no,yes,INCORRECT
2025-12-22 18:58:05,6,/home/kkarthikeyan/deep-learning/DeepLearningProject/Synthetic-Data/vlm_levels/level_6/images/00009_b.png,ADVANCED,overlapping,Is the red triangle overlapping with the cyan star?,no,yes,INCORRECT
2025-12-22 18:58:05,6,/home/kkarthikeyan/deep-learning/DeepLearningProject/Synthetic-Data/vlm_levels/level_6/images/00009_b.png,ADVANCED,inside,Is the green square enclosed by the red triangle?,no,yes,INCORRECT
2025-12-22 18:58:05,6,/home/kkarthikeyan/deep-learning/DeepLearningProject/Synthetic-Data/vlm_levels/level_6/images/00009_b.png,PRIMARY,below,Is the yellow circle below the red triangle?,no,yes,INCORRECT
2025-12-22 18:58:06,6,/home/kkarthikeyan/deep-learning/DeepLearningProject/Synthetic-Data/vlm_levels/level_6/images/00009_b.png,PRIMARY,right_of,Is the purple triangle to the right of the yellow circle?,no,no,CORRECT
2025-12-22 18:58:06,6,/home/kkarthikeyan/deep-learning/DeepLearningProject/Synthetic-Data/vlm_levels/level_6/images/00000_w.png,PRIMARY,above,Is the red square above the blue circle?,yes,yes,CORRECT
2025-12-22 18:58:06,6,/home/kkarthikeyan/deep-learning/DeepLearningProject/Synthetic-Data/vlm_levels/level_6/images/00000_w.png,PRIMARY,below,Is the blue circle below the red square?,yes,yes,CORRECT
2025-12-22 18:58:06,6,/home/kkarthikeyan/deep-learning/DeepLearningProject/Synthetic-Data/vlm_levels/level_6/images/00000_w.png,PRIMARY,above,Is the yellow star above the blue circle?,yes,yes,CORRECT
2025-12-22 18:58:07,6,/home/kkarthikeyan/deep-learning/DeepLearningProject/Synthetic-Data/vlm_levels/level_6/images/00000_w.png,PRIMARY,below,Is the blue circle below the yellow star?,yes,yes,CORRECT
2025-12-22 18:58:07,6,/home/kkarthikeyan/deep-learning/DeepLearningProject/Synthetic-Data/vlm_levels/level_6/images/00000_w.png,PRIMARY,left_of,Is the yellow star left of the pink circle?,yes,yes,CORRECT
2025-12-22 18:58:07,6,/home/kkarthikeyan/deep-learning/DeepLearningProject/Synthetic-Data/vlm_levels/level_6/images/00000_w.png,ADVANCED,touching,Is the red square touching the yellow star?,no,yes,INCORRECT
2025-12-22 18:58:07,6,/home/kkarthikeyan/deep-learning/DeepLearningProject/Synthetic-Data/vlm_levels/level_6/images/00000_w.png,ADVANCED,inside,Is the lime star contained within the green star?,no,yes,INCORRECT
2025-12-22 18:58:08,6,/home/kkarthikeyan/deep-learning/DeepLearningProject/Synthetic-Data/vlm_levels/level_6/images/00000_w.png,PRIMARY,right_of,Is the green star to the right of the red square?,no,yes,INCORRECT
2025-12-22 18:58:08,6,/home/kkarthikeyan/deep-learning/DeepLearningProject/Synthetic-Data/vlm_levels/level_6/images/00000_w.png,PRIMARY,left_of,Is the red square left of the blue circle?,no,yes,INCORRECT
2025-12-22 18:58:08,6,/home/kkarthikeyan/deep-learning/DeepLearningProject/Synthetic-Data/vlm_levels/level_6/images/00000_w.png,ADVANCED,touching,Is the red square touching the lime star?,no,yes,INCORRECT
2025-12-22 18:58:08,6,/home/kkarthikeyan/deep-learning/DeepLearningProject/Synthetic-Data/vlm_levels/level_6/images/00010_w.png,PRIMARY,right_of,Is the purple star to the right of the cyan square?,yes,yes,CORRECT
2025-12-22 18:58:09,6,/home/kkarthikeyan/deep-learning/DeepLearningProject/Synthetic-Data/vlm_levels/level_6/images/00010_w.png,PRIMARY,left_of,Is the cyan square to the left of the purple star?,yes,yes,CORRECT
2025-12-22 18:58:09,6,/home/kkarthikeyan/deep-learning/DeepLearningProject/Synthetic-Data/vlm_levels/level_6/images/00010_w.png,PRIMARY,right_of,Is the orange triangle right of the blue square?,yes,yes,CORRECT
2025-12-22 18:58:09,6,/home/kkarthikeyan/deep-learning/DeepLearningProject/Synthetic-Data/vlm_levels/level_6/images/00010_w.png,PRIMARY,left_of,Is the blue square left of the orange triangle?,yes,yes,CORRECT
2025-12-22 18:58:09,6,/home/kkarthikeyan/deep-learning/DeepLearningProject/Synthetic-Data/vlm_levels/level_6/images/00010_w.png,PRIMARY,left_of,Is the lime triangle left of the purple star?,yes,yes,CORRECT
2025-12-22 18:58:10,6,/home/kkarthikeyan/deep-learning/DeepLearningProject/Synthetic-Data/vlm_levels/level_6/images/00010_w.png,ADVANCED,inside,Is the lime triangle contained within the blue square?,no,yes,INCORRECT
2025-12-22 18:58:10,6,/home/kkarthikeyan/deep-learning/DeepLearningProject/Synthetic-Data/vlm_levels/level_6/images/00010_w.png,ADVANCED,touching,Is the lime triangle touching the cyan square?,no,yes,INCORRECT
2025-12-22 18:58:10,6,/home/kkarthikeyan/deep-learning/DeepLearningProject/Synthetic-Data/vlm_levels/level_6/images/00010_w.png,ADVANCED,touching,Is the purple star touching the lime triangle?,no,yes,INCORRECT
2025-12-22 18:58:10,6,/home/kkarthikeyan/deep-learning/DeepLearningProject/Synthetic-Data/vlm_levels/level_6/images/00010_w.png,PRIMARY,above,Is the lime triangle above the purple star?,no,yes,INCORRECT
2025-12-22 18:58:11,6,/home/kkarthikeyan/deep-learning/DeepLearningProject/Synthetic-Data/vlm_levels/level_6/images/00010_w.png,ADVANCED,overlapping,Is the red star partially covering the lime triangle?,no,yes,INCORRECT
2025-12-22 18:58:11,6,/home/kkarthikeyan/deep-learning/DeepLearningProject/Synthetic-Data/vlm_levels/level_6/images/00009_w.png,PRIMARY,below,Is the yellow circle below the green square?,yes,yes,CORRECT
2025-12-22 18:58:11,6,/home/kkarthikeyan/deep-learning/DeepLearningProject/Synthetic-Data/vlm_levels/level_6/images/00009_w.png,PRIMARY,above,Is the green square above the yellow circle?,yes,yes,CORRECT
2025-12-22 18:58:11,6,/home/kkarthikeyan/deep-learning/DeepLearningProject/Synthetic-Data/vlm_levels/level_6/images/00009_w.png,PRIMARY,above,Is the cyan star above the red triangle?,yes,yes,CORRECT
2025-12-22 18:58:12,6,/home/kkarthikeyan/deep-learning/DeepLearningProject/Synthetic-Data/vlm_levels/level_6/images/00009_w.png,PRIMARY,below,Is the red triangle below the cyan star?,yes,yes,CORRECT
2025-12-22 18:58:12,6,/home/kkarthikeyan/deep-learning/DeepLearningProject/Synthetic-Data/vlm_levels/level_6/images/00009_w.png,PRIMARY,left_of,Is the red triangle left of the yellow circle?,yes,yes,CORRECT
2025-12-22 18:58:12,6,/home/kkarthikeyan/deep-learning/DeepLearningProject/Synthetic-Data/vlm_levels/level_6/images/00009_w.png,ADVANCED,overlapping,Is the purple triangle overlapping with the cyan star?,no,yes,INCORRECT
2025-12-22 18:58:12,6,/home/kkarthikeyan/deep-learning/DeepLearningProject/Synthetic-Data/vlm_levels/level_6/images/00009_w.png,PRIMARY,below,Is the green square below the yellow circle?,no,yes,INCORRECT
2025-12-22 18:58:13,6,/home/kkarthikeyan/deep-learning/DeepLearningProject/Synthetic-Data/vlm_levels/level_6/images/00009_w.png,PRIMARY,right_of,Is the purple triangle right of the red triangle?,no,yes,INCORRECT
2025-12-22 18:58:13,6,/home/kkarthikeyan/deep-learning/DeepLearningProject/Synthetic-Data/vlm_levels/level_6/images/00009_w.png,PRIMARY,right_of,Is the yellow circle to the right of the cyan star?,no,yes,INCORRECT
2025-12-22 18:58:13,6,/home/kkarthikeyan/deep-learning/DeepLearningProject/Synthetic-Data/vlm_levels/level_6/images/00009_w.png,PRIMARY,below,Is the cyan star below the blue circle?,no,yes,INCORRECT
2025-12-22 18:58:13,6,/home/kkarthikeyan/deep-learning/DeepLearningProject/Synthetic-Data/vlm_levels/level_6/images/00005_w.png,PRIMARY,right_of,Is the blue triangle right of the yellow star?,yes,yes,CORRECT
2025-12-22 18:58:14,6,/home/kkarthikeyan/deep-learning/DeepLearningProject/Synthetic-Data/vlm_levels/level_6/images/00005_w.png,PRIMARY,left_of,Is the yellow star left of the blue triangle?,yes,yes,CORRECT
2025-12-22 18:58:14,6,/home/kkarthikeyan/deep-learning/DeepLearningProject/Synthetic-Data/vlm_levels/level_6/images/00005_w.png,PRIMARY,left_of,Is the green square left of the blue triangle?,yes,yes,CORRECT
2025-12-22 18:58:14,6,/home/kkarthikeyan/deep-learning/DeepLearningProject/Synthetic-Data/vlm_levels/level_6/images/00005_w.png,PRIMARY,right_of,Is the blue triangle right of the green square?,yes,yes,CORRECT
2025-12-22 18:58:14,6,/home/kkarthikeyan/deep-learning/DeepLearningProject/Synthetic-Data/vlm_levels/level_6/images/00005_w.png,PRIMARY,left_of,Is the cyan circle left of the yellow star?,yes,yes,CORRECT
2025-12-22 18:58:15,6,/home/kkarthikeyan/deep-learning/DeepLearningProject/Synthetic-Data/vlm_levels/level_6/images/00005_w.png,ADVANCED,inside,Is the cyan circle fully inside the yellow star?,no,yes,INCORRECT
2025-12-22 18:58:15,6,/home/kkarthikeyan/deep-learning/DeepLearningProject/Synthetic-Data/vlm_levels/level_6/images/00005_w.png,PRIMARY,left_of,Is the cyan circle left of the green square?,no,yes,INCORRECT
2025-12-22 18:58:15,6,/home/kkarthikeyan/deep-learning/DeepLearningProject/Synthetic-Data/vlm_levels/level_6/images/00005_w.png,ADVANCED,overlapping,Is the blue triangle partially covering the yellow star?,no,yes,INCORRECT
2025-12-22 18:58:16,6,/home/kkarthikeyan/deep-learning/DeepLearningProject/Synthetic-Data/vlm_levels/level_6/images/00005_w.png,PRIMARY,below,Is the green square below the blue triangle?,no,yes,INCORRECT
2025-12-22 18:58:16,6,/home/kkarthikeyan/deep-learning/DeepLearningProject/Synthetic-Data/vlm_levels/level_6/images/00005_w.png,PRIMARY,left_of,Is the yellow star to the left of the cyan circle?,no,yes,INCORRECT
2025-12-22 18:58:16,6,/home/kkarthikeyan/deep-learning/DeepLearningProject/Synthetic-Data/vlm_levels/level_6/images/00007_b.png,PRIMARY,below,Is the green square below the lime circle?,yes,yes,CORRECT
2025-12-22 18:58:16,6,/home/kkarthikeyan/deep-learning/DeepLearningProject/Synthetic-Data/vlm_levels/level_6/images/00007_b.png,PRIMARY,above,Is the lime circle above the green square?,yes,yes,CORRECT
2025-12-22 18:58:17,6,/home/kkarthikeyan/deep-learning/DeepLearningProject/Synthetic-Data/vlm_levels/level_6/images/00007_b.png,ADVANCED,inside,Is the purple circle fully inside the yellow circle?,yes,no,INCORRECT
2025-12-22 18:58:17,6,/home/kkarthikeyan/deep-learning/DeepLearningProject/Synthetic-Data/vlm_levels/level_6/images/00007_b.png,ADVANCED,encapsulates,Is the yellow circle surrounding the purple circle?,yes,yes,CORRECT
2025-12-22 18:58:17,6,/home/kkarthikeyan/deep-learning/DeepLearningProject/Synthetic-Data/vlm_levels/level_6/images/00007_b.png,PRIMARY,below,Is the yellow circle below the pink triangle?,yes,yes,CORRECT
2025-12-22 18:58:17,6,/home/kkarthikeyan/deep-learning/DeepLearningProject/Synthetic-Data/vlm_levels/level_6/images/00007_b.png,PRIMARY,above,Is the yellow circle above the pink triangle?,no,yes,INCORRECT
2025-12-22 18:58:18,6,/home/kkarthikeyan/deep-learning/DeepLearningProject/Synthetic-Data/vlm_levels/level_6/images/00007_b.png,ADVANCED,overlapping,Is the purple circle overlapping with the pink triangle?,no,yes,INCORRECT
2025-12-22 18:58:18,6,/home/kkarthikeyan/deep-learning/DeepLearningProject/Synthetic-Data/vlm_levels/level_6/images/00007_b.png,ADVANCED,inside,Is the orange triangle contained within the yellow circle?,no,yes,INCORRECT
2025-12-22 18:58:18,6,/home/kkarthikeyan/deep-learning/DeepLearningProject/Synthetic-Data/vlm_levels/level_6/images/00007_b.png,PRIMARY,above,Is the purple circle above the yellow circle?,no,yes,INCORRECT
2025-12-22 18:58:18,6,/home/kkarthikeyan/deep-learning/DeepLearningProject/Synthetic-Data/vlm_levels/level_6/images/00007_b.png,ADVANCED,touching,Is the yellow circle touching the orange triangle?,no,no,CORRECT
2025-12-22 18:58:19,6,/home/kkarthikeyan/deep-learning/DeepLearningProject/Synthetic-Data/vlm_levels/level_6/images/00012_b.png,PRIMARY,right_of,Is the cyan triangle to the right of the pink circle?,yes,yes,CORRECT
2025-12-22 18:58:19,6,/home/kkarthikeyan/deep-learning/DeepLearningProject/Synthetic-Data/vlm_levels/level_6/images/00012_b.png,PRIMARY,left_of,Is the pink circle left of the cyan triangle?,yes,yes,CORRECT
2025-12-22 18:58:19,6,/home/kkarthikeyan/deep-learning/DeepLearningProject/Synthetic-Data/vlm_levels/level_6/images/00012_b.png,PRIMARY,above,Is the cyan triangle above the pink circle?,yes,yes,CORRECT
2025-12-22 18:58:19,6,/home/kkarthikeyan/deep-learning/DeepLearningProject/Synthetic-Data/vlm_levels/level_6/images/00012_b.png,PRIMARY,below,Is the pink circle below the cyan triangle?,yes,yes,CORRECT
2025-12-22 18:58:20,6,/home/kkarthikeyan/deep-learning/DeepLearningProject/Synthetic-Data/vlm_levels/level_6/images/00012_b.png,PRIMARY,right_of,Is the yellow star right of the pink circle?,yes,yes,CORRECT
2025-12-22 18:58:20,6,/home/kkarthikeyan/deep-learning/DeepLearningProject/Synthetic-Data/vlm_levels/level_6/images/00012_b.png,PRIMARY,above,Is the yellow star above the orange square?,no,yes,INCORRECT
2025-12-22 18:58:20,6,/home/kkarthikeyan/deep-learning/DeepLearningProject/Synthetic-Data/vlm_levels/level_6/images/00012_b.png,ADVANCED,touching,Is the pink circle touching the purple triangle?,no,yes,INCORRECT
2025-12-22 18:58:20,6,/home/kkarthikeyan/deep-learning/DeepLearningProject/Synthetic-Data/vlm_levels/level_6/images/00012_b.png,PRIMARY,above,Is the purple triangle above the pink circle?,no,yes,INCORRECT
2025-12-22 18:58:21,6,/home/kkarthikeyan/deep-learning/DeepLearningProject/Synthetic-Data/vlm_levels/level_6/images/00012_b.png,ADVANCED,inside,Is the cyan triangle enclosed by the orange square?,no,yes,INCORRECT
2025-12-22 18:58:21,6,/home/kkarthikeyan/deep-learning/DeepLearningProject/Synthetic-Data/vlm_levels/level_6/images/00012_b.png,PRIMARY,right_of,Is the orange square right of the cyan triangle?,no,yes,INCORRECT
2025-12-22 18:58:21,6,/home/kkarthikeyan/deep-learning/DeepLearningProject/Synthetic-Data/vlm_levels/level_6/images/00000_b.png,PRIMARY,below,Is the blue circle below the yellow star?,yes,yes,CORRECT
2025-12-22 18:58:21,6,/home/kkarthikeyan/deep-learning/DeepLearningProject/Synthetic-Data/vlm_levels/level_6/images/00000_b.png,PRIMARY,above,Is the yellow star above the blue circle?,yes,yes,CORRECT
2025-12-22 18:58:22,6,/home/kkarthikeyan/deep-learning/DeepLearningProject/Synthetic-Data/vlm_levels/level_6/images/00000_b.png,PRIMARY,above,Is the red square above the green star?,yes,yes,CORRECT
2025-12-22 18:58:22,6,/home/kkarthikeyan/deep-learning/DeepLearningProject/Synthetic-Data/vlm_levels/level_6/images/00000_b.png,ADVANCED,inside,Is the red square fully inside the lime star?,no,no,CORRECT
2025-12-22 18:58:22,6,/home/kkarthikeyan/deep-learning/DeepLearningProject/Synthetic-Data/vlm_levels/level_6/images/00000_b.png,ADVANCED,inside,Is the lime star contained within the red square?,no,yes,INCORRECT
2025-12-22 18:58:22,6,/home/kkarthikeyan/deep-learning/DeepLearningProject/Synthetic-Data/vlm_levels/level_6/images/00000_b.png,ADVANCED,touching,Is the lime star touching the green star?,no,yes,INCORRECT
2025-12-22 18:58:23,6,/home/kkarthikeyan/deep-learning/DeepLearningProject/Synthetic-Data/vlm_levels/level_6/images/00000_b.png,PRIMARY,below,Is the yellow star below the pink circle?,no,yes,INCORRECT
2025-12-22 18:58:23,6,/home/kkarthikeyan/deep-learning/DeepLearningProject/Synthetic-Data/vlm_levels/level_6/images/00000_b.png,PRIMARY,left_of,Is the lime star to the left of the green star?,no,yes,INCORRECT
2025-12-22 18:58:23,6,/home/kkarthikeyan/deep-learning/DeepLearningProject/Synthetic-Data/vlm_levels/level_6/images/00001_b.png,PRIMARY,right_of,Is the orange circle right of the red star?,yes,yes,CORRECT
2025-12-22 18:58:23,6,/home/kkarthikeyan/deep-learning/DeepLearningProject/Synthetic-Data/vlm_levels/level_6/images/00001_b.png,PRIMARY,left_of,Is the red star to the left of the orange circle?,yes,yes,CORRECT
2025-12-22 18:58:24,6,/home/kkarthikeyan/deep-learning/DeepLearningProject/Synthetic-Data/vlm_levels/level_6/images/00001_b.png,PRIMARY,right_of,Is the pink triangle right of the yellow square?,yes,yes,CORRECT
2025-12-22 18:58:24,6,/home/kkarthikeyan/deep-learning/DeepLearningProject/Synthetic-Data/vlm_levels/level_6/images/00001_b.png,PRIMARY,left_of,Is the yellow square to the left of the pink triangle?,yes,yes,CORRECT
2025-12-22 18:58:24,6,/home/kkarthikeyan/deep-learning/DeepLearningProject/Synthetic-Data/vlm_levels/level_6/images/00001_b.png,PRIMARY,left_of,Is the orange circle left of the lime circle?,yes,yes,CORRECT
2025-12-22 18:58:24,6,/home/kkarthikeyan/deep-learning/DeepLearningProject/Synthetic-Data/vlm_levels/level_6/images/00001_b.png,PRIMARY,above,Is the pink triangle above the lime circle?,no,yes,INCORRECT
2025-12-22 18:58:25,6,/home/kkarthikeyan/deep-learning/DeepLearningProject/Synthetic-Data/vlm_levels/level_6/images/00001_b.png,ADVANCED,inside,Is the red star fully inside the yellow square?,no,no,CORRECT
2025-12-22 18:58:25,6,/home/kkarthikeyan/deep-learning/DeepLearningProject/Synthetic-Data/vlm_levels/level_6/images/00001_b.png,PRIMARY,above,Is the blue square above the lime circle?,no,yes,INCORRECT
2025-12-22 18:58:25,6,/home/kkarthikeyan/deep-learning/DeepLearningProject/Synthetic-Data/vlm_levels/level_6/images/00001_b.png,PRIMARY,left_of,Is the orange circle to the left of the yellow square?,no,yes,INCORRECT
2025-12-22 18:58:25,6,/home/kkarthikeyan/deep-learning/DeepLearningProject/Synthetic-Data/vlm_levels/level_6/images/00001_b.png,ADVANCED,overlapping,Is the orange circle partially covering the yellow square?,no,yes,INCORRECT
2025-12-22 18:58:26,6,/home/kkarthikeyan/deep-learning/DeepLearningProject/Synthetic-Data/vlm_levels/level_6/images/00019_b.png,PRIMARY,left_of,Is the pink square to the left of the green star?,yes,yes,CORRECT
2025-12-22 18:58:26,6,/home/kkarthikeyan/deep-learning/DeepLearningProject/Synthetic-Data/vlm_levels/level_6/images/00019_b.png,PRIMARY,right_of,Is the green star to the right of the pink square?,yes,yes,CORRECT
2025-12-22 18:58:26,6,/home/kkarthikeyan/deep-learning/DeepLearningProject/Synthetic-Data/vlm_levels/level_6/images/00019_b.png,PRIMARY,below,Is the red star below the orange square?,yes,yes,CORRECT
2025-12-22 18:58:27,6,/home/kkarthikeyan/deep-learning/DeepLearningProject/Synthetic-Data/vlm_levels/level_6/images/00019_b.png,PRIMARY,above,Is the orange square above the red star?,yes,yes,CORRECT
2025-12-22 18:58:27,6,/home/kkarthikeyan/deep-learning/DeepLearningProject/Synthetic-Data/vlm_levels/level_6/images/00019_b.png,ADVANCED,overlapping,Is the lime triangle partially covering the orange square?,yes,yes,CORRECT
2025-12-22 18:58:27,6,/home/kkarthikeyan/deep-learning/DeepLearningProject/Synthetic-Data/vlm_levels/level_6/images/00019_b.png,PRIMARY,above,Is the green star above the red star?,no,yes,INCORRECT
2025-12-22 18:58:27,6,/home/kkarthikeyan/deep-learning/DeepLearningProject/Synthetic-Data/vlm_levels/level_6/images/00019_b.png,ADVANCED,overlapping,Is the red star partially covering the orange square?,no,yes,INCORRECT
2025-12-22 18:58:28,6,/home/kkarthikeyan/deep-learning/DeepLearningProject/Synthetic-Data/vlm_levels/level_6/images/00019_b.png,ADVANCED,inside,Is the green star enclosed by the pink square?,no,yes,INCORRECT
2025-12-22 18:58:28,6,/home/kkarthikeyan/deep-learning/DeepLearningProject/Synthetic-Data/vlm_levels/level_6/images/00019_b.png,ADVANCED,inside,Is the red star fully inside the orange square?,no,no,CORRECT
2025-12-22 18:58:28,6,/home/kkarthikeyan/deep-learning/DeepLearningProject/Synthetic-Data/vlm_levels/level_6/images/00019_b.png,PRIMARY,left_of,Is the green star left of the cyan square?,no,yes,INCORRECT
2025-12-22 18:58:28,6,/home/kkarthikeyan/deep-learning/DeepLearningProject/Synthetic-Data/vlm_levels/level_6/images/00013_b.png,PRIMARY,above,Is the yellow square above the pink square?,yes,yes,CORRECT
2025-12-22 18:58:29,6,/home/kkarthikeyan/deep-learning/DeepLearningProject/Synthetic-Data/vlm_levels/level_6/images/00013_b.png,PRIMARY,below,Is the pink square below the yellow square?,yes,yes,CORRECT
2025-12-22 18:58:29,6,/home/kkarthikeyan/deep-learning/DeepLearningProject/Synthetic-Data/vlm_levels/level_6/images/00013_b.png,PRIMARY,right_of,Is the orange triangle to the right of the pink square?,yes,yes,CORRECT
2025-12-22 18:58:29,6,/home/kkarthikeyan/deep-learning/DeepLearningProject/Synthetic-Data/vlm_levels/level_6/images/00013_b.png,PRIMARY,left_of,Is the pink square left of the orange triangle?,yes,yes,CORRECT
2025-12-22 18:58:29,6,/home/kkarthikeyan/deep-learning/DeepLearningProject/Synthetic-Data/vlm_levels/level_6/images/00013_b.png,PRIMARY,left_of,Is the purple square to the left of the orange triangle?,yes,yes,CORRECT
2025-12-22 18:58:30,6,/home/kkarthikeyan/deep-learning/DeepLearningProject/Synthetic-Data/vlm_levels/level_6/images/00013_b.png,PRIMARY,right_of,Is the purple square to the right of the red square?,no,yes,INCORRECT
2025-12-22 18:58:30,6,/home/kkarthikeyan/deep-learning/DeepLearningProject/Synthetic-Data/vlm_levels/level_6/images/00013_b.png,PRIMARY,right_of,Is the pink square to the right of the purple square?,no,yes,INCORRECT
2025-12-22 18:58:30,6,/home/kkarthikeyan/deep-learning/DeepLearningProject/Synthetic-Data/vlm_levels/level_6/images/00013_b.png,ADVANCED,overlapping,Is the purple square partially covering the orange triangle?,no,yes,INCORRECT
2025-12-22 18:58:30,6,/home/kkarthikeyan/deep-learning/DeepLearningProject/Synthetic-Data/vlm_levels/level_6/images/00013_b.png,PRIMARY,above,Is the green star above the yellow square?,no,yes,INCORRECT
2025-12-22 18:58:31,6,/home/kkarthikeyan/deep-learning/DeepLearningProject/Synthetic-Data/vlm_levels/level_6/images/00013_b.png,ADVANCED,touching,Is the green star touching the red square?,no,yes,INCORRECT
2025-12-22 18:58:31,6,/home/kkarthikeyan/deep-learning/DeepLearningProject/Synthetic-Data/vlm_levels/level_6/images/00004_b.png,PRIMARY,above,Is the purple triangle above the lime star?,yes,yes,CORRECT
2025-12-22 18:58:31,6,/home/kkarthikeyan/deep-learning/DeepLearningProject/Synthetic-Data/vlm_levels/level_6/images/00004_b.png,PRIMARY,below,Is the lime star below the purple triangle?,yes,yes,CORRECT
2025-12-22 18:58:31,6,/home/kkarthikeyan/deep-learning/DeepLearningProject/Synthetic-Data/vlm_levels/level_6/images/00004_b.png,PRIMARY,right_of,Is the lime star to the right of the red triangle?,yes,yes,CORRECT
2025-12-22 18:58:32,6,/home/kkarthikeyan/deep-learning/DeepLearningProject/Synthetic-Data/vlm_levels/level_6/images/00004_b.png,PRIMARY,left_of,Is the red triangle to the left of the lime star?,yes,yes,CORRECT
2025-12-22 18:58:32,6,/home/kkarthikeyan/deep-learning/DeepLearningProject/Synthetic-Data/vlm_levels/level_6/images/00004_b.png,PRIMARY,left_of,Is the red triangle to the left of the purple triangle?,yes,yes,CORRECT
2025-12-22 18:58:32,6,/home/kkarthikeyan/deep-learning/DeepLearningProject/Synthetic-Data/vlm_levels/level_6/images/00004_b.png,PRIMARY,right_of,Is the red triangle right of the blue triangle?,no,yes,INCORRECT
2025-12-22 18:58:32,6,/home/kkarthikeyan/deep-learning/DeepLearningProject/Synthetic-Data/vlm_levels/level_6/images/00004_b.png,PRIMARY,below,Is the purple triangle below the orange triangle?,no,yes,INCORRECT
2025-12-22 18:58:33,6,/home/kkarthikeyan/deep-learning/DeepLearningProject/Synthetic-Data/vlm_levels/level_6/images/00004_b.png,PRIMARY,above,Is the cyan star above the lime star?,no,yes,INCORRECT
2025-12-22 18:58:33,6,/home/kkarthikeyan/deep-learning/DeepLearningProject/Synthetic-Data/vlm_levels/level_6/images/00004_b.png,ADVANCED,overlapping,Is the purple triangle partially covering the red triangle?,no,yes,INCORRECT
2025-12-22 18:58:33,6,/home/kkarthikeyan/deep-learning/DeepLearningProject/Synthetic-Data/vlm_levels/level_6/images/00004_b.png,PRIMARY,right_of,Is the purple triangle to the right of the lime star?,no,yes,INCORRECT
2025-12-22 18:58:33,6,/home/kkarthikeyan/deep-learning/DeepLearningProject/Synthetic-Data/vlm_levels/level_6/images/00016_b.png,PRIMARY,left_of,Is the orange star left of the cyan triangle?,yes,yes,CORRECT
2025-12-22 18:58:34,6,/home/kkarthikeyan/deep-learning/DeepLearningProject/Synthetic-Data/vlm_levels/level_6/images/00016_b.png,PRIMARY,right_of,Is the cyan triangle to the right of the orange star?,yes,yes,CORRECT
2025-12-22 18:58:34,6,/home/kkarthikeyan/deep-learning/DeepLearningProject/Synthetic-Data/vlm_levels/level_6/images/00016_b.png,PRIMARY,right_of,Is the yellow star right of the orange star?,yes,yes,CORRECT
2025-12-22 18:58:34,6,/home/kkarthikeyan/deep-learning/DeepLearningProject/Synthetic-Data/vlm_levels/level_6/images/00016_b.png,PRIMARY,left_of,Is the orange star left of the yellow star?,yes,yes,CORRECT
2025-12-22 18:58:34,6,/home/kkarthikeyan/deep-learning/DeepLearningProject/Synthetic-Data/vlm_levels/level_6/images/00016_b.png,PRIMARY,left_of,Is the purple star left of the blue triangle?,yes,yes,CORRECT
2025-12-22 18:58:35,6,/home/kkarthikeyan/deep-learning/DeepLearningProject/Synthetic-Data/vlm_levels/level_6/images/00016_b.png,PRIMARY,below,Is the blue triangle below the purple star?,no,yes,INCORRECT
2025-12-22 18:58:35,6,/home/kkarthikeyan/deep-learning/DeepLearningProject/Synthetic-Data/vlm_levels/level_6/images/00016_b.png,ADVANCED,overlapping,Is the blue triangle partially covering the lime star?,no,yes,INCORRECT
2025-12-22 18:58:35,6,/home/kkarthikeyan/deep-learning/DeepLearningProject/Synthetic-Data/vlm_levels/level_6/images/00016_b.png,PRIMARY,left_of,Is the blue triangle left of the orange star?,no,yes,INCORRECT
2025-12-22 18:58:35,6,/home/kkarthikeyan/deep-learning/DeepLearningProject/Synthetic-Data/vlm_levels/level_6/images/00016_b.png,PRIMARY,below,Is the purple star below the lime star?,no,yes,INCORRECT
2025-12-22 18:58:36,6,/home/kkarthikeyan/deep-learning/DeepLearningProject/Synthetic-Data/vlm_levels/level_6/images/00016_b.png,ADVANCED,inside,Is the cyan triangle enclosed by the orange star?,no,yes,INCORRECT
2025-12-22 18:58:36,6,/home/kkarthikeyan/deep-learning/DeepLearningProject/Synthetic-Data/vlm_levels/level_6/images/00015_b.png,PRIMARY,right_of,Is the orange square to the right of the red star?,yes,yes,CORRECT
2025-12-22 18:58:36,6,/home/kkarthikeyan/deep-learning/DeepLearningProject/Synthetic-Data/vlm_levels/level_6/images/00015_b.png,PRIMARY,left_of,Is the red star left of the orange square?,yes,yes,CORRECT
2025-12-22 18:58:36,6,/home/kkarthikeyan/deep-learning/DeepLearningProject/Synthetic-Data/vlm_levels/level_6/images/00015_b.png,PRIMARY,left_of,Is the red star to the left of the orange square?,yes,yes,CORRECT
2025-12-22 18:58:37,6,/home/kkarthikeyan/deep-learning/DeepLearningProject/Synthetic-Data/vlm_levels/level_6/images/00015_b.png,PRIMARY,right_of,Is the orange square to the right of the cyan circle?,yes,yes,CORRECT
2025-12-22 18:58:37,6,/home/kkarthikeyan/deep-learning/DeepLearningProject/Synthetic-Data/vlm_levels/level_6/images/00015_b.png,ADVANCED,touching,Is the orange square touching the red star?,no,yes,INCORRECT
2025-12-22 18:58:37,6,/home/kkarthikeyan/deep-learning/DeepLearningProject/Synthetic-Data/vlm_levels/level_6/images/00015_b.png,PRIMARY,below,Is the green circle below the pink square?,no,yes,INCORRECT
2025-12-22 18:58:37,6,/home/kkarthikeyan/deep-learning/DeepLearningProject/Synthetic-Data/vlm_levels/level_6/images/00015_b.png,ADVANCED,touching,Is the red star touching the pink square?,no,yes,INCORRECT
2025-12-22 18:58:38,6,/home/kkarthikeyan/deep-learning/DeepLearningProject/Synthetic-Data/vlm_levels/level_6/images/00015_b.png,PRIMARY,right_of,Is the pink square to the right of the green circle?,no,yes,INCORRECT
2025-12-22 18:58:38,6,/home/kkarthikeyan/deep-learning/DeepLearningProject/Synthetic-Data/vlm_levels/level_6/images/00015_b.png,ADVANCED,inside,Is the lime star fully inside the green circle?,no,no,CORRECT
2025-12-22 18:58:38,6,/home/kkarthikeyan/deep-learning/DeepLearningProject/Synthetic-Data/vlm_levels/level_6/images/00002_w.png,PRIMARY,above,Is the lime triangle above the cyan square?,yes,yes,CORRECT
2025-12-22 18:58:39,6,/home/kkarthikeyan/deep-learning/DeepLearningProject/Synthetic-Data/vlm_levels/level_6/images/00002_w.png,PRIMARY,below,Is the cyan square below the lime triangle?,yes,yes,CORRECT
2025-12-22 18:58:39,6,/home/kkarthikeyan/deep-learning/DeepLearningProject/Synthetic-Data/vlm_levels/level_6/images/00002_w.png,PRIMARY,right_of,Is the red circle to the right of the cyan square?,yes,yes,CORRECT
2025-12-22 18:58:39,6,/home/kkarthikeyan/deep-learning/DeepLearningProject/Synthetic-Data/vlm_levels/level_6/images/00002_w.png,PRIMARY,left_of,Is the cyan square to the left of the red circle?,yes,yes,CORRECT
2025-12-22 18:58:39,6,/home/kkarthikeyan/deep-learning/DeepLearningProject/Synthetic-Data/vlm_levels/level_6/images/00002_w.png,PRIMARY,right_of,Is the red circle to the right of the blue triangle?,yes,yes,CORRECT
2025-12-22 18:58:40,6,/home/kkarthikeyan/deep-learning/DeepLearningProject/Synthetic-Data/vlm_levels/level_6/images/00002_w.png,ADVANCED,touching,Is the yellow square touching the cyan square?,no,yes,INCORRECT
2025-12-22 18:58:40,6,/home/kkarthikeyan/deep-learning/DeepLearningProject/Synthetic-Data/vlm_levels/level_6/images/00002_w.png,ADVANCED,inside,Is the cyan square fully inside the blue triangle?,no,yes,INCORRECT
2025-12-22 18:58:40,6,/home/kkarthikeyan/deep-learning/DeepLearningProject/Synthetic-Data/vlm_levels/level_6/images/00002_w.png,PRIMARY,right_of,Is the cyan square to the right of the red circle?,no,yes,INCORRECT
2025-12-22 18:58:40,6,/home/kkarthikeyan/deep-learning/DeepLearningProject/Synthetic-Data/vlm_levels/level_6/images/00002_w.png,ADVANCED,touching,Is the green star touching the cyan square?,no,yes,INCORRECT
2025-12-22 18:58:41,6,/home/kkarthikeyan/deep-learning/DeepLearningProject/Synthetic-Data/vlm_levels/level_6/images/00002_w.png,ADVANCED,inside,Is the blue triangle contained within the lime triangle?,no,yes,INCORRECT
2025-12-22 18:58:41,6,/home/kkarthikeyan/deep-learning/DeepLearningProject/Synthetic-Data/vlm_levels/level_6/images/00006_b.png,ADVANCED,touching,Is the yellow star touching the green triangle?,yes,yes,CORRECT
2025-12-22 18:58:41,6,/home/kkarthikeyan/deep-learning/DeepLearningProject/Synthetic-Data/vlm_levels/level_6/images/00006_b.png,ADVANCED,touching,Is the green triangle touching the yellow star?,yes,yes,CORRECT
2025-12-22 18:58:41,6,/home/kkarthikeyan/deep-learning/DeepLearningProject/Synthetic-Data/vlm_levels/level_6/images/00006_b.png,ADVANCED,touching,Is the pink star touching the yellow star?,yes,yes,CORRECT
2025-12-22 18:58:42,6,/home/kkarthikeyan/deep-learning/DeepLearningProject/Synthetic-Data/vlm_levels/level_6/images/00006_b.png,ADVANCED,touching,Is the yellow star touching the pink star?,yes,yes,CORRECT
2025-12-22 18:58:42,6,/home/kkarthikeyan/deep-learning/DeepLearningProject/Synthetic-Data/vlm_levels/level_6/images/00006_b.png,PRIMARY,below,Is the lime triangle below the pink star?,yes,yes,CORRECT
2025-12-22 18:58:42,6,/home/kkarthikeyan/deep-learning/DeepLearningProject/Synthetic-Data/vlm_levels/level_6/images/00006_b.png,ADVANCED,touching,Is the purple triangle touching the orange star?,no,yes,INCORRECT
2025-12-22 18:58:42,6,/home/kkarthikeyan/deep-learning/DeepLearningProject/Synthetic-Data/vlm_levels/level_6/images/00006_b.png,ADVANCED,overlapping,Is the yellow star overlapping with the green triangle?,no,yes,INCORRECT
2025-12-22 18:58:43,6,/home/kkarthikeyan/deep-learning/DeepLearningProject/Synthetic-Data/vlm_levels/level_6/images/00006_b.png,ADVANCED,overlapping,Is the yellow star partially covering the purple triangle?,no,yes,INCORRECT
2025-12-22 18:58:43,6,/home/kkarthikeyan/deep-learning/DeepLearningProject/Synthetic-Data/vlm_levels/level_6/images/00006_b.png,ADVANCED,touching,Is the lime triangle touching the yellow star?,no,yes,INCORRECT
2025-12-22 18:58:43,6,/home/kkarthikeyan/deep-learning/DeepLearningProject/Synthetic-Data/vlm_levels/level_6/images/00006_b.png,ADVANCED,overlapping,Is the lime triangle overlapping with the green triangle?,no,yes,INCORRECT
2025-12-22 18:58:43,6,/home/kkarthikeyan/deep-learning/DeepLearningProject/Synthetic-Data/vlm_levels/level_6/images/00005_b.png,ADVANCED,touching,Is the blue triangle touching the orange triangle?,yes,yes,CORRECT
2025-12-22 18:58:44,6,/home/kkarthikeyan/deep-learning/DeepLearningProject/Synthetic-Data/vlm_levels/level_6/images/00005_b.png,ADVANCED,touching,Is the orange triangle touching the blue triangle?,yes,no,INCORRECT
2025-12-22 18:58:44,6,/home/kkarthikeyan/deep-learning/DeepLearningProject/Synthetic-Data/vlm_levels/level_6/images/00005_b.png,PRIMARY,above,Is the green square above the blue triangle?,yes,yes,CORRECT
2025-12-22 18:58:44,6,/home/kkarthikeyan/deep-learning/DeepLearningProject/Synthetic-Data/vlm_levels/level_6/images/00005_b.png,PRIMARY,below,Is the blue triangle below the green square?,yes,yes,CORRECT
2025-12-22 18:58:44,6,/home/kkarthikeyan/deep-learning/DeepLearningProject/Synthetic-Data/vlm_levels/level_6/images/00005_b.png,PRIMARY,right_of,Is the yellow star to the right of the red star?,yes,yes,CORRECT
2025-12-22 18:58:45,6,/home/kkarthikeyan/deep-learning/DeepLearningProject/Synthetic-Data/vlm_levels/level_6/images/00005_b.png,ADVANCED,inside,Is the orange triangle contained within the green square?,no,yes,INCORRECT
2025-12-22 18:58:45,6,/home/kkarthikeyan/deep-learning/DeepLearningProject/Synthetic-Data/vlm_levels/level_6/images/00005_b.png,PRIMARY,left_of,Is the blue triangle to the left of the cyan circle?,no,yes,INCORRECT
2025-12-22 18:58:45,6,/home/kkarthikeyan/deep-learning/DeepLearningProject/Synthetic-Data/vlm_levels/level_6/images/00005_b.png,PRIMARY,left_of,Is the blue triangle left of the orange triangle?,no,yes,INCORRECT
2025-12-22 18:58:45,6,/home/kkarthikeyan/deep-learning/DeepLearningProject/Synthetic-Data/vlm_levels/level_6/images/00005_b.png,ADVANCED,overlapping,Is the cyan circle overlapping with the blue triangle?,no,yes,INCORRECT
2025-12-22 18:58:46,6,/home/kkarthikeyan/deep-learning/DeepLearningProject/Synthetic-Data/vlm_levels/level_6/images/00005_b.png,ADVANCED,inside,Is the red star fully inside the orange triangle?,no,no,CORRECT
2025-12-22 18:58:46,6,/home/kkarthikeyan/deep-learning/DeepLearningProject/Synthetic-Data/vlm_levels/level_6/images/00002_b.png,PRIMARY,above,Is the yellow square above the lime triangle?,yes,yes,CORRECT
2025-12-22 18:58:46,6,/home/kkarthikeyan/deep-learning/DeepLearningProject/Synthetic-Data/vlm_levels/level_6/images/00002_b.png,PRIMARY,below,Is the lime triangle below the yellow square?,yes,yes,CORRECT
2025-12-22 18:58:46,6,/home/kkarthikeyan/deep-learning/DeepLearningProject/Synthetic-Data/vlm_levels/level_6/images/00002_b.png,PRIMARY,above,Is the lime triangle above the blue triangle?,yes,yes,CORRECT
2025-12-22 18:58:47,6,/home/kkarthikeyan/deep-learning/DeepLearningProject/Synthetic-Data/vlm_levels/level_6/images/00002_b.png,PRIMARY,below,Is the blue triangle below the lime triangle?,yes,yes,CORRECT
2025-12-22 18:58:47,6,/home/kkarthikeyan/deep-learning/DeepLearningProject/Synthetic-Data/vlm_levels/level_6/images/00002_b.png,PRIMARY,right_of,Is the lime triangle right of the cyan square?,yes,yes,CORRECT
2025-12-22 18:58:47,6,/home/kkarthikeyan/deep-learning/DeepLearningProject/Synthetic-Data/vlm_levels/level_6/images/00002_b.png,ADVANCED,overlapping,Is the blue triangle overlapping with the green star?,no,yes,INCORRECT
2025-12-22 18:58:47,6,/home/kkarthikeyan/deep-learning/DeepLearningProject/Synthetic-Data/vlm_levels/level_6/images/00002_b.png,ADVANCED,inside,Is the blue triangle enclosed by the lime triangle?,no,yes,INCORRECT
2025-12-22 18:58:48,6,/home/kkarthikeyan/deep-learning/DeepLearningProject/Synthetic-Data/vlm_levels/level_6/images/00002_b.png,ADVANCED,overlapping,Is the red circle overlapping with the green star?,no,yes,INCORRECT
2025-12-22 18:58:48,6,/home/kkarthikeyan/deep-learning/DeepLearningProject/Synthetic-Data/vlm_levels/level_6/images/00002_b.png,ADVANCED,inside,Is the red circle fully inside the lime triangle?,no,no,CORRECT
2025-12-22 18:58:48,6,/home/kkarthikeyan/deep-learning/DeepLearningProject/Synthetic-Data/vlm_levels/level_6/images/00002_b.png,PRIMARY,below,Is the lime triangle below the cyan square?,no,yes,INCORRECT
2025-12-22 18:58:48,6,/home/kkarthikeyan/deep-learning/DeepLearningProject/Synthetic-Data/vlm_levels/level_6/images/00018_w.png,PRIMARY,below,Is the yellow star below the pink square?,yes,yes,CORRECT
2025-12-22 18:58:49,6,/home/kkarthikeyan/deep-learning/DeepLearningProject/Synthetic-Data/vlm_levels/level_6/images/00018_w.png,PRIMARY,above,Is the pink square above the yellow star?,yes,yes,CORRECT
2025-12-22 18:58:49,6,/home/kkarthikeyan/deep-learning/DeepLearningProject/Synthetic-Data/vlm_levels/level_6/images/00018_w.png,PRIMARY,left_of,Is the yellow star left of the cyan circle?,yes,yes,CORRECT
2025-12-22 18:58:49,6,/home/kkarthikeyan/deep-learning/DeepLearningProject/Synthetic-Data/vlm_levels/level_6/images/00018_w.png,PRIMARY,right_of,Is the cyan circle to the right of the yellow star?,yes,yes,CORRECT
2025-12-22 18:58:49,6,/home/kkarthikeyan/deep-learning/DeepLearningProject/Synthetic-Data/vlm_levels/level_6/images/00018_w.png,PRIMARY,above,Is the pink square above the red star?,yes,yes,CORRECT
2025-12-22 18:58:50,6,/home/kkarthikeyan/deep-learning/DeepLearningProject/Synthetic-Data/vlm_levels/level_6/images/00018_w.png,ADVANCED,touching,Is the yellow star touching the red star?,no,yes,INCORRECT
2025-12-22 18:58:50,6,/home/kkarthikeyan/deep-learning/DeepLearningProject/Synthetic-Data/vlm_levels/level_6/images/00018_w.png,ADVANCED,inside,Is the blue circle fully inside the red star?,no,no,CORRECT
2025-12-22 18:58:50,6,/home/kkarthikeyan/deep-learning/DeepLearningProject/Synthetic-Data/vlm_levels/level_6/images/00018_w.png,PRIMARY,below,Is the blue circle below the red star?,no,yes,INCORRECT
2025-12-22 18:58:50,6,/home/kkarthikeyan/deep-learning/DeepLearningProject/Synthetic-Data/vlm_levels/level_6/images/00018_w.png,ADVANCED,inside,Is the purple square fully inside the yellow star?,no,no,CORRECT
2025-12-22 18:58:51,6,/home/kkarthikeyan/deep-learning/DeepLearningProject/Synthetic-Data/vlm_levels/level_6/images/00018_w.png,ADVANCED,inside,Is the blue circle contained within the purple square?,no,yes,INCORRECT
2025-12-22 18:58:51,6,/home/kkarthikeyan/deep-learning/DeepLearningProject/Synthetic-Data/vlm_levels/level_6/images/00017_w.png,PRIMARY,right_of,Is the green star right of the cyan star?,yes,yes,CORRECT
2025-12-22 18:58:51,6,/home/kkarthikeyan/deep-learning/DeepLearningProject/Synthetic-Data/vlm_levels/level_6/images/00017_w.png,PRIMARY,left_of,Is the cyan star to the left of the green star?,yes,yes,CORRECT
2025-12-22 18:58:51,6,/home/kkarthikeyan/deep-learning/DeepLearningProject/Synthetic-Data/vlm_levels/level_6/images/00017_w.png,PRIMARY,left_of,Is the red square left of the orange triangle?,yes,yes,CORRECT
2025-12-22 18:58:52,6,/home/kkarthikeyan/deep-learning/DeepLearningProject/Synthetic-Data/vlm_levels/level_6/images/00017_w.png,PRIMARY,right_of,Is the orange triangle to the right of the red square?,yes,yes,CORRECT
2025-12-22 18:58:52,6,/home/kkarthikeyan/deep-learning/DeepLearningProject/Synthetic-Data/vlm_levels/level_6/images/00017_w.png,PRIMARY,left_of,Is the orange triangle left of the green star?,yes,yes,CORRECT
2025-12-22 18:58:52,6,/home/kkarthikeyan/deep-learning/DeepLearningProject/Synthetic-Data/vlm_levels/level_6/images/00017_w.png,ADVANCED,overlapping,Is the green star overlapping with the blue circle?,no,yes,INCORRECT
2025-12-22 18:58:52,6,/home/kkarthikeyan/deep-learning/DeepLearningProject/Synthetic-Data/vlm_levels/level_6/images/00017_w.png,PRIMARY,below,Is the green star below the red square?,no,yes,INCORRECT
2025-12-22 18:58:53,6,/home/kkarthikeyan/deep-learning/DeepLearningProject/Synthetic-Data/vlm_levels/level_6/images/00017_w.png,ADVANCED,touching,Is the cyan star touching the purple square?,no,yes,INCORRECT
2025-12-22 18:58:53,6,/home/kkarthikeyan/deep-learning/DeepLearningProject/Synthetic-Data/vlm_levels/level_6/images/00017_w.png,ADVANCED,touching,Is the green star touching the cyan star?,no,yes,INCORRECT
2025-12-22 18:58:53,6,/home/kkarthikeyan/deep-learning/DeepLearningProject/Synthetic-Data/vlm_levels/level_6/images/00017_b.png,PRIMARY,above,Is the red square above the cyan star?,yes,yes,CORRECT
2025-12-22 18:58:53,6,/home/kkarthikeyan/deep-learning/DeepLearningProject/Synthetic-Data/vlm_levels/level_6/images/00017_b.png,PRIMARY,below,Is the cyan star below the red square?,yes,yes,CORRECT
2025-12-22 18:58:54,6,/home/kkarthikeyan/deep-learning/DeepLearningProject/Synthetic-Data/vlm_levels/level_6/images/00017_b.png,PRIMARY,left_of,Is the purple square left of the cyan star?,yes,yes,CORRECT
2025-12-22 18:58:54,6,/home/kkarthikeyan/deep-learning/DeepLearningProject/Synthetic-Data/vlm_levels/level_6/images/00017_b.png,PRIMARY,right_of,Is the cyan star right of the purple square?,yes,yes,CORRECT
2025-12-22 18:58:54,6,/home/kkarthikeyan/deep-learning/DeepLearningProject/Synthetic-Data/vlm_levels/level_6/images/00017_b.png,PRIMARY,left_of,Is the red square to the left of the cyan star?,yes,yes,CORRECT
2025-12-22 18:58:54,6,/home/kkarthikeyan/deep-learning/DeepLearningProject/Synthetic-Data/vlm_levels/level_6/images/00017_b.png,ADVANCED,inside,Is the green star contained within the red square?,no,yes,INCORRECT
2025-12-22 18:58:55,6,/home/kkarthikeyan/deep-learning/DeepLearningProject/Synthetic-Data/vlm_levels/level_6/images/00017_b.png,ADVANCED,inside,Is the purple square enclosed by the red square?,no,yes,INCORRECT
2025-12-22 18:58:55,6,/home/kkarthikeyan/deep-learning/DeepLearningProject/Synthetic-Data/vlm_levels/level_6/images/00017_b.png,PRIMARY,below,Is the green star below the blue circle?,no,yes,INCORRECT
2025-12-22 18:58:55,6,/home/kkarthikeyan/deep-learning/DeepLearningProject/Synthetic-Data/vlm_levels/level_6/images/00017_b.png,PRIMARY,left_of,Is the blue circle left of the cyan star?,no,yes,INCORRECT
2025-12-22 18:58:55,6,/home/kkarthikeyan/deep-learning/DeepLearningProject/Synthetic-Data/vlm_levels/level_6/images/00017_b.png,ADVANCED,inside,Is the cyan star fully inside the red square?,no,no,CORRECT
2025-12-22 18:58:56,6,/home/kkarthikeyan/deep-learning/DeepLearningProject/Synthetic-Data/vlm_levels/level_6/images/00003_w.png,PRIMARY,left_of,Is the cyan triangle to the left of the green triangle?,yes,yes,CORRECT
2025-12-22 18:58:56,6,/home/kkarthikeyan/deep-learning/DeepLearningProject/Synthetic-Data/vlm_levels/level_6/images/00003_w.png,PRIMARY,right_of,Is the green triangle right of the cyan triangle?,yes,yes,CORRECT
2025-12-22 18:58:56,6,/home/kkarthikeyan/deep-learning/DeepLearningProject/Synthetic-Data/vlm_levels/level_6/images/00003_w.png,PRIMARY,left_of,Is the orange circle left of the blue circle?,yes,yes,CORRECT
2025-12-22 18:58:56,6,/home/kkarthikeyan/deep-learning/DeepLearningProject/Synthetic-Data/vlm_levels/level_6/images/00003_w.png,PRIMARY,right_of,Is the blue circle to the right of the orange circle?,yes,yes,CORRECT
2025-12-22 18:58:57,6,/home/kkarthikeyan/deep-learning/DeepLearningProject/Synthetic-Data/vlm_levels/level_6/images/00003_w.png,PRIMARY,left_of,Is the lime star left of the green triangle?,yes,yes,CORRECT
2025-12-22 18:58:57,6,/home/kkarthikeyan/deep-learning/DeepLearningProject/Synthetic-Data/vlm_levels/level_6/images/00003_w.png,PRIMARY,above,Is the orange circle above the cyan triangle?,no,yes,INCORRECT
2025-12-22 18:58:57,6,/home/kkarthikeyan/deep-learning/DeepLearningProject/Synthetic-Data/vlm_levels/level_6/images/00003_w.png,ADVANCED,overlapping,Is the lime star overlapping with the red square?,no,yes,INCORRECT
2025-12-22 18:58:57,6,/home/kkarthikeyan/deep-learning/DeepLearningProject/Synthetic-Data/vlm_levels/level_6/images/00003_w.png,PRIMARY,above,Is the red square above the blue circle?,no,yes,INCORRECT
2025-12-22 18:58:58,6,/home/kkarthikeyan/deep-learning/DeepLearningProject/Synthetic-Data/vlm_levels/level_6/images/00003_w.png,PRIMARY,right_of,Is the cyan triangle right of the green triangle?,no,yes,INCORRECT
2025-12-22 18:58:58,6,/home/kkarthikeyan/deep-learning/DeepLearningProject/Synthetic-Data/vlm_levels/level_6/images/00012_w.png,PRIMARY,below,Is the purple triangle below the blue square?,yes,yes,CORRECT
2025-12-22 18:58:58,6,/home/kkarthikeyan/deep-learning/DeepLearningProject/Synthetic-Data/vlm_levels/level_6/images/00012_w.png,PRIMARY,above,Is the blue square above the purple triangle?,yes,yes,CORRECT
2025-12-22 18:58:59,6,/home/kkarthikeyan/deep-learning/DeepLearningProject/Synthetic-Data/vlm_levels/level_6/images/00012_w.png,PRIMARY,below,Is the pink circle below the blue square?,yes,yes,CORRECT
2025-12-22 18:58:59,6,/home/kkarthikeyan/deep-learning/DeepLearningProject/Synthetic-Data/vlm_levels/level_6/images/00012_w.png,PRIMARY,above,Is the blue square above the pink circle?,yes,yes,CORRECT
2025-12-22 18:58:59,6,/home/kkarthikeyan/deep-learning/DeepLearningProject/Synthetic-Data/vlm_levels/level_6/images/00012_w.png,PRIMARY,right_of,Is the purple triangle right of the cyan triangle?,yes,yes,CORRECT
2025-12-22 18:58:59,6,/home/kkarthikeyan/deep-learning/DeepLearningProject/Synthetic-Data/vlm_levels/level_6/images/00012_w.png,ADVANCED,overlapping,Is the yellow star partially covering the orange square?,no,yes,INCORRECT
2025-12-22 18:59:00,6,/home/kkarthikeyan/deep-learning/DeepLearningProject/Synthetic-Data/vlm_levels/level_6/images/00012_w.png,ADVANCED,touching,Is the yellow star touching the orange square?,no,yes,INCORRECT
2025-12-22 18:59:00,6,/home/kkarthikeyan/deep-learning/DeepLearningProject/Synthetic-Data/vlm_levels/level_6/images/00012_w.png,PRIMARY,left_of,Is the yellow star to the left of the blue square?,no,yes,INCORRECT
2025-12-22 18:59:00,6,/home/kkarthikeyan/deep-learning/DeepLearningProject/Synthetic-Data/vlm_levels/level_6/images/00012_w.png,PRIMARY,left_of,Is the cyan triangle left of the blue square?,no,yes,INCORRECT
2025-12-22 18:59:00,6,/home/kkarthikeyan/deep-learning/DeepLearningProject/Synthetic-Data/vlm_levels/level_6/images/00012_w.png,PRIMARY,below,Is the cyan triangle below the purple triangle?,no,yes,INCORRECT
